page,level,name_zh,name_en,poisoning_chapter19,accidental,intentional_self_harm,undetermined_intent,treatment_adverse_effect
1573,0,1-丙醇,1-Propanol,T51.3,X45.-,X65.-,Y15.-,
1573,0,1-二氨基-8-二-精氨酸-加压素,DDAVP,T38.8,X44.-,X64.-,Y14.-,Y42.8
1573,0,1605(农药)-现译名 对硫磷,Thiofos,T60.0,X48.-,X68.-,Y18.-,Y56.0
1573,0,2-甲-4氯丙酸,Mecoprop,T60.3,X48.-,X68.-,Y18.-,
1573,0,2-甲氧乙醇,2-Methoxyethanol,T52.3,X46.-,X66.-,Y16.-,
1573,0,2-脱氧-5-氟尿苷,2-Deoxy-5-fluorouridine,T45.1,X44.-,X64.-,Y14.-,Y43.1
1573,0,2-氧基乙醇,2-Ethoxyethanol,T52.3,X46.-,X66.-,Y16.-,
1573,0,"2,3-丁基-4-羟基茴香醚",BHA,T50.9,X44.-,X64.-,Y14.-,Y57.4
1573,0,"2,3,7,8-四氯化二苯-对二噁英","2,3,7,8-Tetrachlorodibenzo-",T53.7,X46.-,X66.-,Y16.-,
1573,0,"2,4-二氯苯氧乙酸","2,4-Dichlorophenoxyacetic",T60.3,X48.-,X68.-,Y18.-,
1573,0,"2,4,5-三氯苯氧乙酸","2,4,5-T",T60.3,X48.-,X68.-,Y18.-,
1573,0,3-甲基苯乙妥因 - 现译名,Phenantoin,T42.0,X41.-,X61.-,Y11.-,Y46.2
1573,0,"3,3'-二氯联苯胺",Dichlorbenzidine,T65.3,X49.-,X69.-,Y19.-,
1573,0,4-氨基苯酚衍生物,4-Aminophenol derivatives,T39.1,X40.-,X60.-,Y10.-,Y45.5
1573,0,4-氨基丁酸,4-Aminobutyric acid,T43.8,X41.-,X61.-,Y11.-,Y49.8
1573,0,4-羟丁酸钠,Oxybate sodium,T41.2,X44.-,X64.-,Y14.-,Y48.2
1573,0,5-甲氧沙林,5-Methoxypsoralen (5-MOP),T50.9,X44.-,X64.-,Y14.-,Y57.8
1573,0,5-脱氧-5-氟尿苷,5-Deoxy-5-fluorouridine,T45.1,X44.-,X64.-,Y14.-,Y43.1
1573,0,6-氨基己酸(止血药),Epsilon aminocaproic acid,T45.6,X44.-,X64.-,Y14.-,Y44.3
1573,0,8-氨基喹啉药,8-Aminoquinoline drugs,T37.2,X44.-,X64.-,Y14.-,Y41.2
1573,0,8-甲氧沙林,8-Methoxypsoralen (8-MOP),T50.9,X44.-,X64.-,Y14.-,Y57.8
1573,0,N'烷羧乙基-N-乙酰氨基吡啶,Undecoylium,T49.0,X44.-,X64.-,Y14.-,Y56.0
1573,0,p-哌啶乙酰胺基苯甲酸乙酯,EPAB,T41.3,X44.-,X64.-,Y14.-,Y48.3
1573,0,α-红细胞生成素,Epoetin alpha,T45.8,X44.-,X64.-,Y14.-,Y44.1
1573,0,α-肾上腺素能阻断药,Alpha-adrenergic blocking,T44.6,X43.-,X63.-,Y13.-,Y51.6
1573,0,β-半乳糖苷酶,Beta-Galactosidase,T47.5,X44.-,X64.-,Y14.-,Y53.5
1573,0,β-醋地高辛(强心药),Beta-acetyldigoxin,T46.0,X44.-,X64.-,Y14.-,Y52.0
1573,0,β-谷甾醇,Beta-sitosterol(s),T46.6,X44.-,X64.-,Y14.-,Y52.6
1573,0,β-胡萝卜素- 现译名,Betacarotene,T45.2,X44.-,X64.-,Y14.-,Y57.7
1573,0,β-肾上腺素能阻断剂，心脏,Beta-adrenergic blocking,T44.7,X43.-,X63.-,Y13.-,Y51.7
1573,0,β-亚苄基丁酰胺,Beta-benzalbutyramide,T46.6,X44.-,X64.-,Y14.-,Y52.6
1573,0,β-优卡因,Beta-eucaine,T49.1,X44.-,X64.-,Y14.-,Y56.1
1573,0,γ-氨酪酸,Gamma-aminobutyric acid,T43.8,X41.-,X61.-,Y11.-,Y49.8
1574,0,吖啶,Acridine,T65.6,X49.-,X69.-,Y19.-,
1574,1,蒸气,vapor,T59.8,X47.-,X67.-,Y17.-,
1574,0,吖啶黄(消毒防腐剂),Acriflavinium chloride,T49.0,X44.-,X64.-,Y14.-,Y56.0
1574,0,阿苯达唑[丙硫咪唑](驱蠕虫药),Albendazole,T37.4,X44.-,X64.-,Y14.-,
1574,0,阿布拉霉素 B - 现译名,Chromomycin A3,T45.1,X44.-,X64.-,Y14.-,Y43.3
1574,0,阿布妥因(解痉药),Albutoin,T42.0,X41.-,X61.-,Y11.-,Y46.2
1574,0,阿地芬宁(解痉药),Adiphenine,T44.3,X43.-,X63.-,Y13.-,Y51.3
1574,0,阿地砜钠(抗菌药),Aldesulfone sodium,T37.1,X44.-,X64.-,Y14.-,Y41.1
1574,0,阿地西林(抗生素),Adicillin,T36.0,X44.-,X64.-,Y14.-,Y40.0
1574,0,阿度西林[叠氮西林](抗生素),Azidocillin,T36.0,X44.-,X64.-,Y14.-,Y40.0
1574,0,阿尔德林-现译名艾氏剂,Aldrin (dust),T60.1,X48.-,X68.-,Y18.-,
1574,0,阿尔葡西酶-现译名,Alglucerase,T45.3,X44.-,X64.-,Y14.-,Y43.6
1574,0,阿尔噻嗪(利尿剂，降压药),Altizide,T50.2,X44.-,X64.-,Y14.-,Y54.3
1574,0,阿尔维林(解痉药),Alverine,T44.3,X43.-,X63.-,Y13.-,Y51.3
1574,0,阿伐斯汀(抗组胺药),Acrivastine,T45.0,X44.-,X64.-,Y14.-,Y43.0
1574,0,阿法多龙(麻醉药),"Alfadolone, Alphadolone",T41.1,X44.-,X64.-,Y14.-,Y48.1
1574,0,阿法西多-现译名阿法骨化醇,Alfacalcidol,T45.2,X44.-,X64.-,Y14.-,Y54.7
1574,0,阿法罗定[安那度](镇痛药),Alphaprodine,T40.4,X42.-,X62.-,Y12.-,Y45.0
1574,0,阿法沙龙[羟-5α-孕烷二硐],"Alphaxalone, Alfaxalone",T41.1,X44.-,X64.-,Y14.-,Y48.1
1574,0,阿芬太尼(镇痛药),Alfentanil,T40.4,X42.-,X62.-,Y12.-,Y45.0
1574,0,阿夫唑嗪(氢氯化物),Alfuzosin (hydrochloride),T44.8,X43.-,X63.-,Y13.-,Y51.8
1574,0,阿库铵(神经肌肉阻断药),Alcuronium (chloride),T48.1,X44.-,X64.-,Y14.-,Y55.1
1574,0,阿拉明-现译名间羟胺,Metaraminol,T44.4,X43.-,X63.-,Y13.-,Y51.4
1574,0,阿拉普利(抗高血压药),Alacepril,T46.4,X44.-,X64.-,Y14.-,Y52.4
1574,0,阿立必利(镇吐药),Alizapride,T45.0,X44.-,X64.-,Y14.-,Y43.0
1574,0,阿利硫脲(外科用药),Allylthiourea,T49.3,X44.-,X64.-,Y14.-,Y56.3
1574,0,阿利马嗪(抗精神病药),Alimemazine,T43.3,X41.-,X61.-,Y11.-,Y49.3
1574,0,阿氯芬酸(抗炎镇痛药),Alclofenac,T39.3,X40.-,X60.-,Y10.-,Y45.3
1574,0,阿氯米松(肾上腺皮质激素类),Alclometasone,T49.0,X44.-,X64.-,Y14.-,Y56.0
1574,0,阿罗尼丁,Aplonidine,T44.4,X43.-,X63.-,Y13.-,Y51.4
1574,0,阿洛巴比妥(镇静催眠药),"Allobarbital, Diallymal",T42.3,X41.-,X61.-,Y11.-,Y47.0
1574,0,阿洛普令(镇痛药),Aloxiprin,T39.0,X40.-,X60.-,Y10.-,Y45.1
1574,0,阿洛西林(抗生素),Azlocillin,T36.0,X44.-,X64.-,Y14.-,Y40.0
1574,0,阿马灵- 现译名阿义马林,Ajmaline,T46.2,X44.-,X64.-,Y14.-,Y52.2
1574,0,阿吗碱-现译名萝巴新,Raubasine,T46.7,X44.-,X64.-,Y14.-,Y52.7
1574,0,阿霉素[亚德里亚霉素],Adriamycin,T45.1,X44.-,X64.-,Y14.-,Y43.3
1574,0,阿米苯唑[氨苯唑](中枢兴奋药，,Amiphenazole,T50.7,X44.-,X64.-,Y14.-,Y50.0
1574,0,阿米夫胺(抗抑郁药),Amiflamine,T43.1,X41.-,X61.-,Y11.-,Y49.1
1574,0,阿米庚酸-现译名安咪奈丁,Amineptine,T43.0,X41.-,X61.-,Y11.-,Y49.0
1575,0,阿米卡星[丁胺卡那霉素],Amikacin,T36.5,X44.-,X64.-,Y14.-,Y40.5
1575,0,阿米卡因[异戊卡因]，局部,"Amylocaine, regional",T41.3,X44.-,X64.-,Y14.-,Y48.3
1575,0,阿米凯林(解痉药),Amikhelline,T46.3,X44.-,X64.-,Y14.-,Y52.3
1575,0,阿米雷司[氨苯噁唑啉],Aminorex,T50.5,X44.-,X64.-,Y14.-,Y57.0
1575,0,阿米洛利(利尿剂),Amiloride,T50.2,X44.-,X64.-,Y14.-,Y54.5
1575,0,阿米三嗪[烯丙哌三嗪],Almitrine,T50.7,X44.-,X64.-,Y14.-,Y50.0
1575,0,阿米替林(抗抑郁药),Amitriptyline,T43.0,X41.-,X61.-,Y11.-,Y49.0
1575,0,阿米酮-现译名美沙酮,"Methadone, Amidone",T40.3,X42.-,X62.-,Y12.-,Y45.0
1575,0,阿明洛芬(抗炎镇痛药),Alminoprofen,T39.3,X40.-,X60.-,Y10.-,Y45.2
1575,0,阿莫地喹(抗疟药),Amodiaquine,T37.2,X44.-,X64.-,Y14.-,Y41.2
1575,0,阿莫沙平(抗抑郁药),Amoxapine,T43.0,X41.-,X61.-,Y11.-,Y49.0
1575,0,阿莫西林[羟氨苄青霉素](抗生素),Amoxicillin,T36.0,X44.-,X64.-,Y14.-,Y40.0
1575,0,阿尼利定(镇痛药),Anileridine,T40.4,X42.-,X62.-,Y12.-,Y45.0
1575,0,阿尼林-现译名苯胺,Aniline,T65.3,X49.-,X69.-,Y19.-,
1575,0,阿尼普酶(溶纤维蛋白药),Anistreplase,T45.6,X44.-,X64.-,Y14.-,Y44.5
1575,0,阿帕西林(抗生素),Apalcillin,T36.0,X44.-,X64.-,Y14.-,Y40.0
1575,0,阿片酊,Laudanum,T40.0,X42.-,X62.-,Y12.-,Y45.0
1575,0,阿片全碱(镇痛药),Papaveretum,T40.0,X42.-,X62.-,Y12.-,Y45.0
1575,0,阿片生物碱(总的),Opium alkaloids (total),T40.0,X42.-,X62.-,Y12.-,Y45.0
1575,1,标准化粉状的,standardized powdered,T40.0,X42.-,X62.-,Y12.-,Y45.0
1575,1,酊剂(含樟脑的),tincture (camphorated),T40.0,X42.-,X62.-,Y12.-,Y45.0
1575,0,阿片樟脑酊 -现译名 止痛剂,Paregoric,T40.0,X42.-,X62.-,Y12.-,Y45.0
1575,0,阿片制剂 NEC,Opiate NEC,T40.6,X42.-,X62.-,Y12.-,Y45.0
1575,0,阿扑吗啡(催吐药),Apomorphine,T47.7,X44.-,X64.-,Y14.-,Y53.7
1575,0,阿扑西林(抗生素),Aspoxicillin,T36.0,X44.-,X64.-,Y14.-,Y40.0
1575,0,阿朴长春-现译名长春西丁,Vinpocetine,T46.7,X44.-,X64.-,Y14.-,Y52.7
1575,0,阿普比妥(镇静催眠药),"Allypropymal, Aprobarbital",T42.3,X41.-,X61.-,Y11.-,Y47.0
1575,0,阿普林定[安搏律定],Aprindine,T46.2,X44.-,X64.-,Y14.-,Y52.2
1575,0,阿普洛尔[心得舒](β受体,Alprenolol,T44.7,X43.-,X63.-,Y13.-,Y51.7
1575,0,阿普唑仑(安定药),Alprazolam,T42.4,X41.-,X61.-,Y11.-,Y47.1
1575,0,阿奇霉素,Azithromycin,T36.3,X44.-,X64.-,Y14.-,Y40.3
1575,0,阿曲可宁-现译名,Atracurium besilate,T48.1,X44.-,X64.-,Y14.-,Y55.1
1575,0,阿柔比星[盐酸阿柔比星](抗生素),Aclarubicin,T45.1,X44.-,X64.-,Y14.-,Y43.3
1575,0,阿沙克肽(促皮质素类),Alsactide,T38.8,X44.-,X64.-,Y14.-,Y42.8
1575,0,阿舍西隆[蛇根混合碱],Alseroxylon,T46.5,X44.-,X64.-,Y14.-,Y52.5
1575,0,阿司咪唑(抗组胺药),Astemizole,T45.0,X44.-,X64.-,Y14.-,Y43.0
1575,0,阿司米星[阿司霉素](抗生素),Astromicin,T36.5,X44.-,X64.-,Y14.-,Y40.5
1575,0,阿司匹林[乙酰水杨酸](铝),Aspirin (aluminum) (soluble),T39.0,X40.-,X60.-,Y10.-,Y45.1
1575,1,肠衣,enteric coated,T39.0,X40.-,X60.-,Y10.-,Y45.1
1576,0,阿司匹林钙 - 现译名,Calcium Acetylsalicylate,T39.0,X40.-,X60.-,Y10.-,Y45.1
1576,0,阿糖胞苷[胞嘧啶阿拉伯糖苷] (抗病毒药，抗肿瘤药),"Ara-C, Cytarabine, Cytosine arabinoside",T45.1,X44.-,X64.-,Y14.-,
1576,0,阿糖脑苷酶[阿尔葡西酶],Alglucerase,T45.3,X44.-,X64.-,Y14.-,Y43.6
1576,0,阿糖腺苷(抗病毒药),"Adenine arabinoside, Ara-A",T37.5,X44.-,X64.-,Y14.-,Y41.5
1576,0,阿替卡因(局部麻醉药),Articaine,T41.3,X44.-,X64.-,Y14.-,Y48.3
1576,0,阿替洛尔(β受体阻滞剂),Atenolol,T44.7,X43.-,X63.-,Y13.-,Y51.7
1576,0,阿替普酶(纤维蛋白溶酶原,Alteplase,T45.6,X44.-,X64.-,Y14.-,Y44.5
1576,0,阿托方 - 现译名 辛可芬,Cinchophen,T50.4,X44.-,X64.-,Y14.-,Y54.8
1576,0,阿托卡因(局部麻醉药),Aptocaine,T41.3,X44.-,X64.-,Y14.-,Y48.3
1576,0,阿托品(抗胆碱药),Atropine,T44.3,X43.-,X63.-,Y13.-,Y51.3
1576,1,硝酸甲酯,methonitrate,T44.3,X43.-,X63.-,Y13.-,Y51.3
1576,1,衍生物,derivative,T44.3,X43.-,X63.-,Y13.-,Y51.3
1576,0,阿维A(抗牛皮癣药),Acitretin,T50.9,X44.-,X64.-,Y14.-,Y57.8
1576,0,阿维 A 酯(抗牛皮癣药),Etretinate,T50.9,X44.-,X64.-,Y14.-,Y57.8
1576,0,阿西美辛(抗炎镇痛药),Acemetacin,T39.3,X40.-,X60.-,Y10.-,Y45.3
1576,0,阿昔洛韦[无环鸟苷](核苷类,"Acyclovir, Aciclovir",T37.5,X44.-,X64.-,Y14.-,Y41.5
1576,0,阿昔莫司[氧甲吡嗪],Acipimox,T46.6,X44.-,X64.-,Y14.-,Y52.6
1576,0,阿义马林[阿马灵][西萝芙木碱],Ajmaline,T46.2,X44.-,X64.-,Y14.-,Y52.2
1576,0,阿扎胞苷(抗肿瘤药),Azacitidine,T45.1,X44.-,X64.-,Y14.-,Y43.1
1576,0,阿扎丙宗(消炎药),Azapropazone,T39.2,X40.-,X60.-,Y10.-,Y45.3
1576,0,阿扎环醇(安定药),Azacyclonol,T43.5,X41.-,X61.-,Y11.-,Y49.5
1576,0,阿扎立平(外科用药),Azaribine,T45.1,X44.-,X64.-,Y14.-,Y43.1
1576,0,阿扎培汀(降压药),Azapetine,T46.7,X44.-,X64.-,Y14.-,Y52.7
1576,0,阿扎他定(抗过敏药),Azatadine,T45.0,X44.-,X64.-,Y14.-,Y43.0
1576,0,阿扎替派(抗肿瘤药),Azatepa,T45.1,X44.-,X64.-,Y14.-,Y43.3
1576,0,阿扎硝唑(抗滴虫药),Azanidazole,T37.3,X44.-,X64.-,Y14.-,Y41.3
1576,0,癌化学治疗药物方案,Cancer chemotherapy drug,T45.1,X44.-,X64.-,Y14.-,Y43.3
1576,0,艾芬地尔(血管扩张药),Ifenprodil,T46.7,X44.-,X64.-,Y14.-,Y52.7
1576,0,艾氟洛芬(抗炎镇痛药),Esflurbiprofen,T39.3,X40.-,X60.-,Y10.-,Y45.2
1576,0,艾氏剂[阿尔德林][氯甲桥萘],Aldrin (dust),T60.1,X48.-,X68.-,Y18.-,
1576,0,艾司洛尔(β受体阻滞剂),Esmolol,T44.7,X43.-,X63.-,Y13.-,Y51.7
1576,0,艾司唑仑(安定药),Estazolam,T42.4,X41.-,X61.-,Y11.-,Y47.1
1576,0,爱庚嗪-现译名依索庚嗪,Ethoheptazine,T40.4,X42.-,X62.-,Y12.-,Y45.0
1576,0,爱普杷嗪 -现译名 普罗吩胺,Ethopropazine,T44.3,X43.-,X63.-,Y13.-,Y51.3
1576,0,安吖啶(抗肿瘤药),Amsacrine,T45.1,X44.-,X64.-,Y14.-,Y43.3
1576,0,安巴腙(消毒防腐剂),Ambazone,T49.6,X44.-,X64.-,Y14.-,Y56.6
1576,0,安贝氯铵[美斯的明],Ambenonium (chloride),T44.0,X43.-,X63.-,Y13.-,Y51.0
1576,0,安搏律定- 现译名 阿普林定,Aprindine,T46.2,X44.-,X64.-,Y14.-,Y52.2
1577,0,安布茶碱[氨异丁醇茶碱],"Ambuphylline, Bufylline",T48.6,X44.-,X64.-,Y14.-,Y55.6
1577,0,安定[地西泮],Diazepam,T42.4,X41.-,X61.-,Y11.-,Y47.1
1577,0,安定药[精神安定药]NEC,"Tranquilizer, Ataractic",T43.5,X41.-,X61.-,Y11.-,Y49.5
1577,1,二甲胺,dimethylamine,T43.3,X41.-,X61.-,Y11.-,Y49.3
1577,1,氨基甲酸酯,carbamate,T43.5,X41.-,X61.-,Y11.-,Y49.5
1577,1,伴有催眠药或镇静剂,with hypnotic or sedative,T42.6,X41.-,X61.-,Y11.-,Y47.5
1577,1,苯并二氮杂NEC,benzodiazepine NEC,T42.4,X41.-,X61.-,Y11.-,Y47.1
1577,1,丙胺,propylamine,T43.3,X41.-,X61.-,Y11.-,Y49.3
1577,1,丁酰苯NEC,butyrophenone NEC,T43.4,X41.-,X61.-,Y11.-,Y49.4
1577,1,吩噻嗪 NEC,penothiazine NEC,T43.3,X41.-,X61.-,Y11.-,Y49.3
1577,1,哌啶,piperidine,T43.3,X41.-,X61.-,Y11.-,Y49.3
1577,1,哌嗪NEC,piperazine NEC,T43.3,X41.-,X61.-,Y11.-,Y49.3
1577,1,强的 NEC,major NEC,T43.5,X41.-,X61.-,Y11.-,Y49.5
1577,1,羟嗪,hydroxyzine,T43.5,X41.-,X61.-,Y11.-,Y49.5
1577,1,噻吨NEC,thioxanthene NEC,T43.5,X41.-,X61.-,Y11.-,Y49.5
1577,1,乙胺,ethylamine,T43.3,X41.-,X61.-,Y11.-,Y49.3
1577,0,安毒鼠 - 现译名 萘硫脲(安妥),Naphthylthiourea (ANTU),T60.4,X48.-,X68.-,Y18.-,
1577,0,安非拉酮[二乙胺苯丙酮],"Diethylpropion, Amfepramone",T50.5,X44.-,X64.-,Y14.-,Y57.0
1577,0,安非他明NEC-现译名苯丙胺,Amphetamine,T43.6,X41.-,X61.-,Y11.-,Y49.7
1577,0,安非他尼(精神兴奋药),Amfetaminil,T43.6,X41.-,X61.-,Y11.-,Y49.7
1577,0,安非他酮[丁氨苯丙酮] (抗抑郁药),"Amfethamine, Bupropion",T43.2,X41.-,X61.-,Y11.-,
1577,0,安氟醚-现译名 恩氟烷,Enflurane,T41.0,X44.-,X64.-,Y14.-,Y48.0
1577,0,安福霉素[双霉素](抗生素),Amfomycin,T36.8,X44.-,X64.-,Y14.-,Y40.8
1577,0,安宫黄体酮(长效)-现译名,Medroxyprogesterone,T38.5,X44.-,X64.-,Y14.-,Y42.5
1577,0,安克痉 - 现译名 比哌立登,Biperiden,T44.3,X43.-,X63.-,Y13.-,Y51.3
1577,0,安克洛酶(抗凝药),Ancrod,T45.6,X44.-,X64.-,Y14.-,Y44.9
1577,0,安拉非宁[安曲非宁](镇痛药),Antrafenine,T39.3,X40.-,X60.-,Y10.-,Y45.3
1577,0,安咪奈丁[阿米庚酸](抗抑郁药),Amineptine,T43.0,X41.-,X61.-,Y11.-,Y49.0
1577,0,安眠药，丸剂,"Sleeping draught, pill",T42.7,X41.-,X61.-,Y11.-,Y47.9
1577,0,安那度-现译名阿法罗定,Alphaprodine,T40.4,X42.-,X62.-,Y12.-,Y45.0
1577,0,安乃近[去甲氨基比林],Metamizole sodium,T39.2,X40.-,X60.-,Y10.-,Y45.8
1577,0,安乃近[去甲氨基比林] (解热镇痛药),"Methampyrone, Sulpyrine, Noramidopyrine Analgin, Dipyrone",,,,,
1577,1,甲磺酸盐,methanesulfonate sodium,T39.2,X40.-,X60.-,Y10.-,Y45.8
1577,0,安哌齐特(抗精神病药),Amperozide,T43.5,X41.-,X61.-,Y11.-,Y49.5
1577,0,安普乐定(氢氯化物)(眼科用药),Apraclonidine (hydrochloride),T44.4,X43.-,X63.-,Y13.-,Y51.4
1577,0,安其敏-现译名布克力嗪,Buclizine,T45.0,X44.-,X64.-,Y14.-,Y43.0
1577,0,安曲非宁-现译名安拉非宁,Antrafenine,T39.3,X40.-,X60.-,Y10.-,Y45.3
1577,0,安莎霉素-现译名利福布汀,Ansamycin,T36.6,X44.-,X64.-,Y14.-,Y40.6
1577,0,"安他唑林(抗心律失常, 抗组胺药)",Antazolin(e),T45.0,X44.-,X64.-,Y14.-,Y43.0
1577,0,安体舒通-现译名螺内酯,Spironolactone,T50.0,X44.-,X64.-,Y14.-,Y54.1
1578,0,(解热镇痛药),Fenazone,T39.2,X40.-,X60.-,Y10.-,Y45.8
1578,0,安妥(α-萘硫脲),ANTU (alpha,T60.4,X48.-,X68.-,Y18.-,
1578,0,安妥明 - 现译名 氯贝丁酯,Clofibrate,T46.6,X44.-,X64.-,Y14.-,Y52.6
1578,0,安西奈德 - 现译名 安西缩松,Amcinonide,T49.0,X44.-,X64.-,Y14.-,Y56.0
1578,0,安西缩松[安西奈德],Amcinonide,T49.0,X44.-,X64.-,Y14.-,Y56.0
1578,0,安息香(酊)(中药),Benzoin (tincture),T48.5,X44.-,X64.-,Y14.-,Y55.5
1578,0,安息香酸-现译名 苯甲酸,Benzoic acid,T49.0,X44.-,X64.-,Y14.-,Y56.0
1578,0,桉树油[桉叶油],Eucalyptus oil,T49.7,X44.-,X64.-,Y14.-,Y56.7
1578,0,桉叶油 - 现译名 桉树油,Eucalyptus oil,T49.7,X44.-,X64.-,Y14.-,Y56.7
1578,0,氨(烟雾)(气态)(蒸气),Ammonia(fumes)(gas)(vapor),T59.8,X47.-,X67.-,Y17.-,
1578,1,芳香醑剂,aromatic spirit,T48.7,X44.-,X64.-,Y14.-,Y55.7
1578,1,液态(氨)(家用),liquid(household),T54.3,X49.-,X69.-,Y19.-,
1578,0,氨吖啶(抗生素),Aminoacridine,T49.0,X44.-,X64.-,Y14.-,Y56.0
1578,0,氨苯蝶啶[三氨苯喋啶](利尿剂),Triamterene,T50.2,X44.-,X64.-,Y14.-,Y54.5
1578,0,氨苯丁酯(局麻药),Butamben,T41.3,X44.-,X64.-,Y14.-,Y48.3
1578,0,氨苯砜[二氨基二苯砜],"Dapsone, DADPS",T37.1,X44.-,X64.-,Y14.-,Y41.1
1578,0,氨苯砜(抗麻风药),Diaphenylsulfone,T37.0,X44.-,X64.-,Y14.-,Y41.0
1578,0,氨苯磺胺 NEC - 现译名 磺胺,"Sulfonamide,Sulfanilamide",T37.0,X44.-,X64.-,Y14.-,Y41.0
1578,0,氨苯酞胺(抗真菌药),Amphotalide,T37.4,X44.-,X64.-,Y14.-,Y41.4
1578,0,氨苯唑-现译名阿米苯唑,Amiphenazole,T50.7,X44.-,X64.-,Y14.-,Y50.0
1578,0,氨苯噁唑啉-现译名阿米雷司,Aminorex,T50.5,X44.-,X64.-,Y14.-,Y57.0
1578,0,氨苄青霉素-现译名氨苄西林,Ampicillin,T36.0,X44.-,X64.-,Y14.-,Y40.0
1578,0,氨苄西林[氨苄青霉素](抗生素),Ampicillin,T36.0,X44.-,X64.-,Y14.-,Y40.0
1578,0,氨茶碱(平滑肌松弛药),Aminophylline,T48.6,X44.-,X64.-,Y14.-,Y55.6
1578,0,氨蝶呤钠[白血宁],Aminopterin sodium,T45.1,X44.-,X64.-,Y14.-,Y43.1
1578,0,氨丁三醇(酸碱平衡药),"Tromethamine, Trometamol",T50.2,X44.-,X64.-,Y14.-,Y54.5
1578,0,氨芬酸(抗炎镇痛药),Amfenac,T39.3,X40.-,X60.-,Y10.-,Y45.3
1578,0,氨酚氧胂-现译名氧芬胂,Oxophenarsine,T37.3,X44.-,X64.-,Y14.-,Y41.3
1578,0,氨氟喹酮-现译名氟喹酮,Afloqualone,T42.8,X41.-,X61.-,Y11.-,Y46.8
1578,0,氨磺必利(抗精神失常药),Amisulpride,T43.5,X41.-,X61.-,Y11.-,Y49.5
1578,0,氨磺丁脲[依凡诺](降血糖药),Carbutamide,T38.3,X44.-,X64.-,Y14.-,Y42.3
1578,0,氨基苯酚,Aminophenol,T54.0,X49.-,X69.-,Y19.-,
1578,0,氨基苯甲酸乙酯-现译名,Benzocaine,T41.3,X44.-,X64.-,Y14.-,Y48.3
1578,0,氨基比林[匹拉米酮],"Amidopyrine, Aminofena-",T39.2,X40.-,X60.-,Y10.-,Y45.8
1578,0,氨基比林异丙酯,Isopropylaminophenazone,T39.2,X40.-,X60.-,Y10.-,Y45.8
1578,0,氨基己酸(止血药),Aminocaproic acid,T45.6,X44.-,X64.-,Y14.-,Y44.3
1578,0,氨基甲酸酯(杀虫药),Carbamate (insecticide),T60.0,X48.-,X68.-,Y18.-,
1578,0,氨基甲酰甲基胆碱[氯贝胆碱],Bethanechol,T44.1,X43.-,X63.-,Y13.-,Y51.1
1578,1,氯化物,chloride,T44.1,X43.-,X63.-,Y13.-,Y51.1
1579,0,氨马尿酸[对氨马尿酸](诊断用药),Aminohippuric acid,T50.8,X44.-,X64.-,Y14.-,Y57.6
1579,0,氨基糖苷,Aminoglycoside,T36.5,X44.-,X64.-,Y14.-,Y40.5
1579,0,氨基乙酸 - 现译名 甘氨酸,Aminoacetic acid (derivatives),T50.3,X44.-,X64.-,Y14.-,Y54.6
1579,0,氨基乙酸二羟化铝 - 现译名甘羟铝,Dihydroxyaluminum aminoacetate,T47.1,X44.-,X64.-,Y14.-,Y53.1
1579,0,氨己烯酸(抗惊厥药),Vigabatrin,T42.6,X41.-,X61.-,Y11.-,Y46.6
1579,0,氨甲苯酸(止血药),Aminomethylbenzoic acid,T45.6,X44.-,X64.-,Y14.-,Y44.3
1579,0,氨甲丙二酯 - 现译名 甲丙氨酯,Meprobamate,T43.5,X41.-,X61.-,Y11.-,Y49.5
1579,0,氨甲环酸[止血环酸],Tranexamic acid,T45.6,X44.-,X64.-,Y14.-,Y44.3
1579,0,氨甲酸叔己酯 - 现译名,Emylcamate,T43.5,X41.-,X61.-,Y11.-,Y49.5
1579,0,氨来呫诺[氨氯地平],Amlexanox,T48.6,X44.-,X64.-,Y14.-,Y55.6
1579,0,氨氯地平 - 现译名 氨来呫诺,Amlexanox,T48.6,X44.-,X64.-,Y14.-,Y55.6
1579,0,氨乙吡啶-现译名倍他唑,"Betazole, Ametazole",T50.8,X44.-,X64.-,Y14.-,Y57.6
1579,0,氨异丁醇茶碱- 现译名,"Ambuphylline, Bufylline",T48.6,X44.-,X64.-,Y14.-,Y55.6
1579,0,铵,Ammonium,,,,,
1579,1,氨基磺酸(铵),sulfamate,T60.3,X48.-,X68.-,Y18.-,
1579,1,化合物(家用)NEC,compounds (household),T54.3,X49.-,X69.-,Y19.-,
1579,2,工业的,industrial,T54.3,X49.-,X69.-,Y19.-,
1579,2,烟雾(任何用途),fumes (any usage),T59.8,X47.-,X67.-,Y17.-,
1579,1,磺酸树脂,sulfonate resin,T47.8,X44.-,X64.-,Y14.-,Y53.8
1579,1,酒石酸,acid tartrate,T49.5,X44.-,X64.-,Y14.-,Y56.5
1579,1,氯化(铵),chloride,T50.9,X44.-,X64.-,Y14.-,Y43.5
1579,1,溴化(铵),bromide,T42.6,X41.-,X61.-,Y11.-,Y47.4
1579,0,胺苯吖啶(抗肿瘤药),M-AMSA,T45.1,X44.-,X64.-,Y14.-,Y43.3
1579,0,胺苯冰酯-现译名波那普令,Bornaprine,T44.3,X43.-,X63.-,Y13.-,Y51.3
1579,0,胺碘苯丙酸钠(胆道造影剂),"Iopodate, sodium",T50.8,X44.-,X64.-,Y14.-,Y57.5
1579,0,胺碘酮[乙胺碘呋酮],Amiodarone,T46.2,X44.-,X64.-,Y14.-,Y52.2
1579,0,胺酸乙酯-现译名长春西丁,Vinpocetine,T46.7,X44.-,X64.-,Y14.-,Y52.7
1579,0,胺乙氧孕烷酮-现译名,Minaxolone,T41.2,X44.-,X64.-,Y14.-,Y48.2
1579,0,昂丹司琼[奥丹亚龙][恩丹西酮],Ondansetron,T45.0,X44.-,X64.-,Y14.-,Y43.0
1579,0,螯合剂NEC,Chelating agent NEC,T50.6,X44.-,X64.-,Y14.-,Y57.2
1579,0,奥布卡因(局部麻醉药),"Oxybuprocaine, Benoxinate",T41.3,X44.-,X64.-,Y14.-,Y48.3
1579,0,奥丹亚龙-现译名昂丹司琼,Ondansetron,T45.0,X44.-,X64.-,Y14.-,Y43.0
1579,0,奥芬那君(氢氯化物)(解痉药),Orphenadrine (hydrochloride),T42.8,X41.-,X61.-,Y11.-,Y46.7
1579,0,奥芬溴铵(抗胆碱能药),Oxyphenonium bromide,T44.3,X43.-,X63.-,Y13.-,Y51.3
1579,0,奥古蛋白(消炎药),Orgotein,T39.3,X40.-,X60.-,Y10.-,Y45.3
1579,0,奥卡西平(抗惊厥药),Oxcarbazepine,T42.1,X41.-,X61.-,Y11.-,Y46.4
1579,0,奥克太尔(抗蠕虫药),Oxantel,T37.4,X44.-,X64.-,Y14.-,Y41.4
1579,0,奥拉米特(保肝药),Orazamide,T50.9,X44.-,X64.-,Y14.-,Y57.1
1579,0,奥美拉唑(抗溃疡药),Omeprazole,T47.1,X44.-,X64.-,Y14.-,Y53.1
1579,0,奥美昔芬,Ormeloxifene,T38.6,X44.-,X64.-,Y14.-,Y42.6
1580,0,奥诺前列素(前列腺素类),Ornoprostil,T47.1,X44.-,X64.-,Y14.-,Y53.1
1580,0,奥匹哌醇(抗抑郁药),Opipramol,T43.0,X41.-,X61.-,Y11.-,Y49.0
1580,0,奥曲肽(胃肠道止血药),Octreotide,T38.9,X44.-,X64.-,Y14.-,Y42.9
1580,0,奥沙碘铵(解痉药),Oxapium iodide,T44.3,X43.-,X63.-,Y13.-,Y51.3
1580,0,奥沙拉秦(消炎药),Olsalazine,T47.8,X44.-,X64.-,Y14.-,Y53.8
1580,0,奥沙美辛(抗炎镇痛药),Oxametacin,T39.3,X40.-,X60.-,Y10.-,Y45.3
1580,0,奥沙米特(抗组胺药，平喘药),Oxatomide,T45.0,X44.-,X64.-,Y14.-,Y43.0
1580,0,奥沙尼喹(抗血吸虫药),Oxamniquine,T37.4,X44.-,X64.-,Y14.-,Y41.4
1580,0,奥沙西罗(消炎药),Oxaceprol,T39.3,X40.-,X60.-,Y10.-,Y45.3
1580,0,奥沙西泮[去甲羟安定](安定药),Oxazepam,T42.4,X41.-,X61.-,Y11.-,Y47.1
1580,0,奥生多龙(同化激素类),Oxendolone,T38.5,X44.-,X64.-,Y14.-,Y42.5
1580,0,奥索地平(钙通道阻滞剂),Oxodipine,T46.1,X44.-,X64.-,Y14.-,Y52.1
1580,0,奥索拉明(镇咳药),Oxolamine,T48.3,X44.-,X64.-,Y14.-,Y55.3
1580,0,奥索利酸(抗生素),Oxolinic acid,T37.8,X44.-,X64.-,Y14.-,Y41.8
1580,0,奥索马嗪(抗组胺药),Oxomemazine,T43.3,X41.-,X61.-,Y11.-,Y49.3
1580,0,奥他氯铵,Octafonium (chloride),T49.3,X44.-,X64.-,Y14.-,Y56.3
1580,0,奥替溴铵(抗胆碱能药，解痉药),Otilonium bromide,T44.3,X43.-,X63.-,Y13.-,Y51.3
1580,0,奥托硫胺(维生素类),Octotiamine,T45.2,X44.-,X64.-,Y14.-,Y57.7
1580,0,奥西那林(平喘药),"Orciprenaline, Metaproterenol",T48.2,X44.-,X64.-,Y14.-,Y55.2
1580,0,奥昔布宁(解痉药),Oxybutynin,T44.3,X43.-,X63.-,Y13.-,Y51.3
1580,0,奥昔非君(冠脉扩张药),Oxyfedrine,T46.3,X44.-,X64.-,Y14.-,Y52.3
1580,0,奥昔卡因(局部麻醉药),"Oxethazine, Oxetacaine",T41.3,X44.-,X64.-,Y14.-,Y48.3
1580,0,奥昔康唑(抗真菌药),Oxiconazole,T49.0,X44.-,X64.-,Y14.-,Y56.0
1580,0,奥昔拉定(枸橼酸盐)(镇咳药),Oxeladin (citrate),T48.3,X44.-,X64.-,Y14.-,Y55.3
1580,0,奥昔氯生(消毒防腐剂),Oxychlorosene,T49.0,X44.-,X64.-,Y14.-,Y56.0
1580,0,奥昔哌汀(抗精神病药),Oxypertine,T43.5,X41.-,X61.-,Y11.-,Y49.5
1580,0,奥昔嘌醇(抗肿瘤药),Oxipurinol,T50.4,X44.-,X64.-,Y14.-,Y54.8
1580,0,奥昔托隆(镇痛药),Oxetorone,T39.8,X40.-,X60.-,Y10.-,Y45.8
1580,0,奥硝唑(抗寄生虫药),Ornidazole,T37.3,X44.-,X64.-,Y14.-,Y41.3
1580,0,澳洲莨菪碱 - 现译名 替格洛定,Tigloidine,T44.3,X43.-,X63.-,Y13.-,Y51.3
1581,0,八甲基焦磷酰胺[八甲磷胺],"OMPA, Octamethyl pyrophosphoramide, Schradan",T60.0,X48.-,X68.-,Y18.-,
1581,0,八甲磷胺 -现译名 八甲基,"OMPA, Octamethyl pyrophosphoramide, Schradan",T60.0,X48.-,X68.-,Y18.-,
1581,0,八角茴香油,Anise oil,T47.5,X44.-,X64.-,Y14.-,Y53.5
1581,0,巴氨西林[巴坎西林](抗生素),Bacampicillin,T36.0,X44.-,X64.-,Y14.-,Y40.0
1581,0,巴比沙隆(镇癫疯药),Barbexaclone,T42.6,X41.-,X61.-,Y11.-,Y46.6
1581,0,巴比妥[二烯丙巴比妥],"Barbital, Barbitone, Diemal",T42.3,X41.-,X61.-,Y11.-,Y47.0
1581,1,钠,sodium,T42.3,X41.-,X61.-,Y11.-,Y47.0
1581,0,巴比妥类NEC,Barbiturate NEC,T42.3,X41.-,X61.-,Y11.-,Y47.0
1581,1,伴有镇静剂,with tranquillizer,T42.3,X41.-,X61.-,Y11.-,Y47.0
1581,0,巴坎西林[巴氨西林],Bacampicillin,T36.0,X44.-,X64.-,Y14.-,Y40.0
1581,0,巴黎绿(染料),Paris green,T57.0,X49.-,X69.-,Y19.-,
1581,1,杀虫药,insecticide,T57.0,X48.-,X68.-,Y18.-,
1581,0,巴龙霉素(抗生素),Paromomycin,T36.5,X44.-,X64.-,Y14.-,Y40.5
1581,0,巴氯芬(解痉药),Baclofen,T42.8,X41.-,X61.-,Y11.-,Y46.8
1581,0,(硫酸)巴美生[丁酚胺],Bamethan (sulfate),T46.7,X44.-,X64.-,Y14.-,Y52.7
1581,0,巴米茶碱(中枢兴奋药),Bamifylline,T48.6,X44.-,X64.-,Y14.-,Y55.6
1581,0,巴米品(抗组胺药),Bamipine,T45.0,X44.-,X64.-,Y14.-,Y43.0
1581,0,巴酰丙酰胺-巴酰乙酰胺合剂,Prethcamide,T50.7,X44.-,X64.-,Y14.-,Y50.0
1581,0,白蛋白,Albumin,,,,,
1581,1,牛,bovine,T45.8,X44.-,X64.-,Y14.-,Y44.6
1581,1,人血清,human serum,T45.8,X44.-,X64.-,Y14.-,Y44.6
1581,2,盐缺乏,salt-poor,T45.8,X44.-,X64.-,Y14.-,Y44.6
1581,1,正常人血清,normal human serum,T45.8,X44.-,X64.-,Y14.-,Y44.6
1581,0,白喉,Diphtheria,,,,,
1581,1,抗毒素,antitoxin,T50.9,X44.-,X64.-,Y14.-,Y58.5
1581,1,疫苗(复合),vaccine (combination),T50.9,X44.-,X64.-,Y14.-,Y58.5
1581,0,白花母菊 -现译名 洋甘菊,Camomile,T49.0,X44.-,X64.-,Y14.-,Y56.0
1581,0,白降汞-现译名氯化氨汞,Ammoniated mercury,T49.0,X44.-,X64.-,Y14.-,Y56.0
1581,0,白千层交替叶油,Melaleuca alternifolia oil,T49.0,X44.-,X64.-,Y14.-,Y56.0
1581,0,白屈菜碱,Diphylline,T50.2,X44.-,X64.-,Y14.-,Y54.5
1581,0,白色的,White,,,,,
1581,1,酒精,spirit,T52.0,X46.-,X66.-,Y16.-,
1581,1,砷,arsenic,T57.0,X48.-,X68.-,Y18.-,
1581,0,白色涂料,Whitewash,T65.8,X49.-,X69.-,Y19.-,
1581,0,白陶土(药用辅料),Kaolin,T47.6,X44.-,X64.-,Y14.-,Y53.6
1581,1,淡色的,light,T47.6,X44.-,X64.-,Y14.-,Y53.6
1581,0,白西尼多(维生素类),Leucocianidol,T46.9,X44.-,X64.-,Y14.-,Y52.9
1581,0,白消安[二甲磺酸丁酯],"Busulfan, busulphan",T45.1,X44.-,X64.-,Y14.-,Y43.3
1582,0,白血宁-现译名氨蝶呤钠,Aminopterin sodium,T45.1,X44.-,X64.-,Y14.-,Y43.1
1582,0,百草枯[对草快],Paraquat,T60.3,X48.-,X68.-,Y18.-,
1582,0,百灵佳-现译名 重组组织型,Rt-PA,T45.6,X44.-,X64.-,Y14.-,Y44.5
1582,0,百日咳菌苗(生物制品),Pertussis vaccine,T50.9,X44.-,X64.-,Y14.-,Y58.6
1582,0,百治磷(杀虫药),Dicrotophos,T60.0,X48.-,X68.-,Y18.-,
1582,0,班布特罗(支气管扩张药),Bambuterol,T48.6,X44.-,X64.-,Y14.-,Y55.6
1582,0,斑点毒芹,Hemlock,T62.2,X49.-,X69.-,Y19.-,
1582,0,斑疹伤寒疫苗,Typhus vaccine,T50.9,X44.-,X64.-,Y14.-,Y59.1
1582,0,半胱胺-现译名巯乙胺,Cysteamine,T50.6,X44.-,X64.-,Y14.-,Y57.2
1582,0,半抗原葡聚糖,Haptendextran,T45.8,X44.-,X64.-,Y14.-,Y44.7
1582,0,半乳糖,Galactose,T50.3,X44.-,X64.-,Y14.-,Y54.6
1582,0,半乳糖苷酶(酶制剂),Tilactase,T47.5,X44.-,X64.-,Y14.-,Y53.5
1582,0,棒酸(抗生素)- 现译名克拉维酸,Clavulanic acid,T36.1,X44.-,X64.-,Y14.-,Y40.1
1582,0,胞嘧啶阿拉伯糖苷 - 现译名阿糖胞苷,"Cytosine arabinoside, Cytarabine",T45.1,X44.-,X64.-,Y14.-,Y43.1
1582,0,保护药，皮肤NEC,"Protectant, skin NEC",T49.3,X44.-,X64.-,Y14.-,Y56.3
1582,0,保棉磷(乙基)- 现译名 谷硫磷,Azinphos methyl (ethyl),T60.0,X48.-,X68.-,Y18.-,
1582,0,保泰松[苯丁唑酮] (抗炎镇痛药),"(Di)phenylbutazone, Fenylbutazone",T39.2,X40.-,X60.-,Y10.-,Y45.3
1582,0,北美黄连碱,Hydrastine,T48.2,X44.-,X64.-,Y14.-,Y55.2
1582,0,北美金镂梅,Hamamelis,T49.2,X44.-,X64.-,Y14.-,Y56.2
1582,0,贝凡洛尔(β-受体阻滞药),Bevantolol,T44.7,X43.-,X63.-,Y13.-,Y51.7
1582,0,贝克拉胺(镇癫疯药),Beclamide,T42.6,X41.-,X61.-,Y11.-,Y46.6
1582,0,贝美格(中枢兴奋药),Bemegride,T50.7,X44.-,X64.-,Y14.-,Y50.0
1582,0,贝那利秦(抗震颤麻痹药),Benaprizine,T44.3,X43.-,X63.-,Y13.-,Y51.3
1582,0,贝那普利[苯那普利](降压药),Benazepril,T46.4,X44.-,X64.-,Y14.-,Y52.4
1582,0,贝那替索[苯乃静][胃复康] (抗胆碱药),Benactyline,T44.3,X43.-,X63.-,Y13.-,Y51.3
1582,0,贝奈克酯(抗肿瘤药),Benexate,T47.1,X44.-,X64.-,Y14.-,Y53.1
1582,0,贝诺酯[扑炎痛](抗炎镇痛药),Benorilate,T39.0,X40.-,X60.-,Y10.-,Y45.1
1582,0,贝齐米特(镇痛药),Bezitramide,T40.4,X42.-,X62.-,Y12.-,Y45.0
1582,0,贝托卡因(局部麻醉药),Betoxycaine,T41.3,X44.-,X64.-,Y14.-,Y48.3
1582,0,钡(碳酸盐)(氯化物)(亚硫酸盐),Barium (carbonate),T57.8,X49.-,X69.-,Y19.-,
1582,1,硫酸(钡)(药用),sulfate (medicinal),T50.8,X44.-,X64.-,Y14.-,Y57.5
1582,1,杀虫药,pesticide,T60.4,X48.-,X68.-,Y18.-,
1582,0,倍硫磷(杀虫药),Fenthion,T60.0,X48.-,X68.-,Y18.-,
1582,0,倍他洛尔(β-受体阻滞药),Betaxolol,T44.7,X43.-,X63.-,Y13.-,Y51.7
1582,0,倍氯米松(肾上腺皮质激素类),Beclometasone,T44.5,X43.-,X63.-,Y13.-,Y51.5
1582,0,倍他胡萝卜素[β胡萝卜素],Betacarotene,T45.2,X44.-,X64.-,Y14.-,Y57.7
1582,0,倍他米松(肾上腺皮质激素类),Betamethasone,T49.0,X44.-,X64.-,Y14.-,Y56.0
1582,0,倍他米星(抗生素),Betamicin,T36.8,X44.-,X64.-,Y14.-,Y40.8
1582,0,倍他尼定[二甲苄胍][苄二甲胍],"Betanidine, Bethanidine",T46.5,X44.-,X64.-,Y14.-,Y52.5
1582,0,倍他司汀[倍他啶](血管扩张药),Betahistine,T46.7,X44.-,X64.-,Y14.-,Y52.7
1582,0,倍他啶-现译名倍他司汀,Betahistine,T46.7,X44.-,X64.-,Y14.-,Y52.7
1583,0,苯,"Benzol, benzene",T52.1,X46.-,X66.-,Y16.-,
1583,1,同种组织(乙酰)(二甲基),homologues (acetyl),T52.2,X46.-,X66.-,Y16.-,
1583,1,蒸气,vapor,T52.0,X46.-,X66.-,Y16.-,
1583,0,苯胺[阿尼林](染剂)(液体),"Aniline, Benzenamine (dye)",T65.3,X49.-,X69.-,Y19.-,
1583,0,苯巴氨酯(安定药),Difebarbamate,T42.3,X41.-,X61.-,Y11.-,Y47.0
1583,0,苯巴比妥(镇静催眠药),"Phenobarbital, Fenobarbital",T42.3,X41.-,X61.-,Y11.-,Y47.0
1583,1,伴有,with,,,,,
1583,2,苯妥英,phenytoin,T42.3,X41.-,X61.-,Y11.-,Y47.0
1583,2,美芬妥英,mephenytoin,T42.3,X41.-,X61.-,Y11.-,Y47.0
1583,1,钠,sodium,T42.3,X41.-,X61.-,Y11.-,Y47.0
1583,0,苯丙氨酸|苯丙氨酸氮芥],Phenylalanine mustard,T45.1,X44.-,X64.-,Y14.-,Y43.3
1583,0,苯丙氨酸氮芥-现译名,Phenylalanine mustard,T45.1,X44.-,X64.-,Y14.-,Y43.3
1583,0,苯丙氨酯[强筋松](安定药),Phenprobamate,T42.8,X41.-,X61.-,Y11.-,Y46.8
1583,0,苯丙胺[安非他明](精神,Amphetamine,T43.6,X41.-,X61.-,Y11.-,Y49.7
1583,0,苯丙醇(利胆药),Phenylpropanol,T47.5,X44.-,X64.-,Y14.-,Y53.5
1583,0,苯丙醇胺(升压药),Phenylpropanolamine,T44.9,X43.-,X63.-,Y13.-,Y51.9
1583,0,苯丙砜(抗麻风药),"Solasulfone, Solapsone",T37.1,X44.-,X64.-,Y14.-,Y41.1
1583,0,苯丙哌林(镇咳药),Benproperine,T48.3,X44.-,X64.-,Y14.-,Y55.3
1583,0,苯丙哌酮-现译名依普拉酮,Eprazinone,T48.4,X44.-,X64.-,Y14.-,Y55.4
1583,0,苯丙香豆素(抗凝血药),Phenprocoumon,T45.5,X44.-,X64.-,Y14.-,Y44.2
1583,0,苯丙西林-现译名丙匹西林,Propicillin,T36.0,X44.-,X64.-,Y14.-,Y40.0
1583,0,苯并吡喃酮,Benzopyrone,T46.9,X44.-,X64.-,Y14.-,Y52.9
1583,0,苯并二氮杂NEC,Benzodiazepine NEC,T42.4,X41.-,X61.-,Y11.-,Y47.1
1583,0,苯并咪唑[间二氮杂茚],Benzimidazole,T60.3,X48.-,X68.-,Y18.-,
1583,0,苯并噻二嗪,Benzothiadiazide,T50.2,X44.-,X64.-,Y14.-,Y54.3
1583,0,米那普林(安定药),Minaprine,T43.2,X41.-,X61.-,Y11.-,Y49.2
1583,0,苯碘达隆(抗心绞痛药),Benziodarone,T46.3,X44.-,X64.-,Y14.-,Y52.3
1583,0,苯丁酸氮芥[瘤可宁](抗肿瘤药),Chlorambucil,T45.1,X44.-,X64.-,Y14.-,Y43.3
1583,0,苯丁酰脲(镇癫痈药),Pheneturide,T42.6,X41.-,X61.-,Y11.-,Y46.6
1583,0,苯丁酯脯酸- 现译名 依那普利,Enalapril,T46.4,X44.-,X64.-,Y14.-,Y52.4
1583,0,苯丁唑酮-现译名保泰松,Phenylbutazone,T39.2,X40.-,X60.-,Y10.-,Y45.3
1583,0,苯二胺,Phenylenediamine,T65.3,X49.-,X69.-,Y19.-,
1583,0,苯酚[酚](消毒防腐剂),Phenol,T49.0,X44.-,X64.-,Y14.-,Y56.0
1583,1,非药用NEC,nonmedicinal NEC,T54.0,X49.-,X69.-,Y19.-,
1583,1,红,red,T50.8,X44.-,X64.-,Y14.-,Y57.6
1583,1,喷油中的,in oil injection,T46.8,X44.-,X64.-,Y14.-,Y52.8
1583,1,杀虫药,pesticide,T60.8,X48.-,X68.-,Y18.-,
1583,1,消毒剂,disinfectant,T54.0,X49.-,X69.-,Y19.-,
1583,1,药用,medicinal,T49.1,X44.-,X64.-,Y14.-,Y56.1
1583,0,苯呋洛尔(β受体阻滞药),Befunolol,T49.5,X44.-,X64.-,Y14.-,Y56.5
1583,0,苯氟雷司(降血脂药),Benfluorex,T46.6,X44.-,X64.-,Y14.-,Y52.6
1583,0,苯福林-现译名去氧肾上腺素,Phenylephrine,T44.4,X43.-,X63.-,Y13.-,Y51.4
1584,0,苯甘孢霉素-现译名 头孢氨苄,Cefalexin,T36.1,X44.-,X64.-,Y14.-,Y40.1
1584,0,苯汞基,Phenylmercuric,,,,,
1584,1,醋酸(苯汞),acetate,T49.0,X44.-,X64.-,Y14.-,Y56.0
1584,1,硼酸(苯汞),borate,T49.0,X44.-,X64.-,Y14.-,Y56.0
1584,1,硝酸(苯汞),nitrate,T49.0,X44.-,X64.-,Y14.-,Y56.0
1584,0,苯海拉明(抗组胺药),Diphenhydramine,T45.0,X44.-,X64.-,Y14.-,Y43.0
1584,0,苯海拉明(氯化物),Benzhydramine (chloride),T45.0,X44.-,X64.-,Y14.-,Y43.0
1584,0,苯海索[三己芬迪](抗震颤麻痹药),"Benzhexol, Trihexyphenidyl",T44.3,X43.-,X63.-,Y13.-,Y51.3
1584,0,苯琥胺(镇癫疯药),Phensuximide,T42.2,X41.-,X61.-,Y11.-,Y46.0
1584,0,苯环利定(镇痛药),Phencyclidine,T41.1,X40.-,X60.-,Y10.-,Y48.1
1584,0,苯磺阿曲库铵[阿曲可宁],Atracurium besilate,T48.1,X44.-,X64.-,Y14.-,Y55.1
1584,0,苯磺烟肼(抗结核药),Sulfonazide,T37.1,X44.-,X64.-,Y14.-,Y41.1
1584,0,苯基,Phenyl,,,,,
1584,1,(苯)肼[联氨],hydrazine,T65.3,X49.-,X69.-,Y19.-,
1584,1,水杨酸(苯酯),salicylate,T49.3,X44.-,X64.-,Y14.-,Y56.3
1584,0,苯甲巴比妥,Phenylmethylbarbitone,T42.3,X41.-,X61.-,Y11.-,Y47.0
1584,0,苯甲醇（局部抗菌药，防腐剂，局麻药）（非药用的）,Hydroxytoluene (nonmedicinal),T54.0,X49.-,X69.-,Y19.-,
1584,1,药用的,medicinal,T49.0,X44.-,X64.-,Y14.-,Y56.0
1584,0,苯甲基-现译名苄基,Benzyl,,,,,
1584,0,苯甲曲秦[苯双甲吗啉],Phendimetrazine,T50.5,X44.-,X64.-,Y14.-,Y57.0
1584,0,苯甲酸|安息香酸](消毒防腐剂),Benzoic acid,T49.0,X44.-,X64.-,Y14.-,Y56.0
1584,1,伴有水杨酸,with salicylic acid,T49.0,X44.-,X64.-,Y14.-,Y56.0
1584,0,苯甲酰胺水杨酸钙[苯沙酸钙],Benzoylpas calcium,T37.1,X44.-,X64.-,Y14.-,Y41.1
1584,0,苯菌灵(农药),Benomyl,T60.0,X48.-,X68.-,Y18.-,
1584,0,苯咯溴胺(抗胆碱酯酶药),Benzilonium bromide,T44.3,X43.-,X63.-,Y13.-,Y51.3
1584,0,苯喹胺(镇吐药),Benzquinamide,T45.0,X44.-,X64.-,Y14.-,Y43.0
1584,0,苯赖加压素(升压药),Felypressin,T38.8,X44.-,X64.-,Y14.-,Y42.8
1584,0,苯酪肽-现译名 苯替酪胺,Bentiromide,T50.8,X44.-,X64.-,Y14.-,Y57.6
1584,0,苯磷硫胺(维生素类),Benfotiamine,T45.2,X44.-,X64.-,Y14.-,Y57.7
1584,0,苯硫磷(杀虫药),EPN,T60.0,X48.-,X68.-,Y18.-,
1584,0,苯明青霉素(抗生素),Benethamine penicillin,T36.0,X44.-,X64.-,Y14.-,Y40.0
1584,0,苯那普利-现译名贝那普利,Benazepril,T46.4,X44.-,X64.-,Y14.-,Y52.4
1584,0,苯乃静-现译名贝那替泰,Benactyline,T44.3,X43.-,X63.-,Y13.-,Y51.3
1584,0,苯哌啶醋酸甲酯 - 现译名,Methylphenidate,T43.6,X41.-,X61.-,Y11.-,Y49.7
1584,0,苯哌利定(镇痛药),Phenoperidine,T40.4,X42.-,X62.-,Y12.-,Y45.0
1584,0,苯哌利多(抗精神病药),Benperidol,T43.4,X41.-,X61.-,Y11.-,Y49.4
1584,0,苯沙酸钙,Calcium benzamidosalicylate,T37.1,X44.-,X64.-,Y14.-,Y41.1
1584,0,苯双甲吗啉-现译名苯甲曲秦,Phendimetrazine,T50.5,X44.-,X64.-,Y14.-,Y57.0
1584,0,苯他西泮(精神兴奋药),Bentazepam,T42.4,X41.-,X61.-,Y11.-,Y47.1
1584,0,苯替酪胺[苯酪肽](诊断用药),Bentiromide,T50.8,X44.-,X64.-,Y14.-,Y57.6
1584,0,苯酮类-现译名二苯甲酮类,Benzophenones,T49.3,X44.-,X64.-,Y14.-,Y56.3
1585,0,苯托沙敏(抗组胺药),Phenyltoloxamine,T45.0,X44.-,X64.-,Y14.-,Y43.0
1585,0,苯妥英[二苯乙内酰胺](镇痛痢药),"Phenytoin, Diphenylhydantoin",T42.0,X41.-,X61.-,Y11.-,
1585,1,伴有苯巴比妥,with phenobarbital,T42.3,X41.-,X61.-,Y11.-,Y47.0
1585,0,苯溴马隆(抗痛风药),Benzbromarone,T50.4,X44.-,X64.-,Y14.-,Y54.8
1585,0,苯氧苄胺- 现译名 酚苄明,Phenoxybenzamine,T46.7,X44.-,X64.-,Y14.-,Y52.7
1585,0,苯氧丙基青霉素钾-现译名,Propicillin,T36.0,X44.-,X64.-,Y14.-,Y40.0
1585,0,苯氧甲基青霉素-现译名,Phenoxymethylpenicillin,T36.0,X44.-,X64.-,Y14.-,Y40.0
1585,0,苯氧司林(抗寄生虫药),Phenothrin,T49.0,X44.-,X64.-,Y14.-,Y56.0
1585,0,苯氧乙醇(消毒防腐剂),Phenoxyethanol,T49.0,X44.-,X64.-,Y14.-,Y56.0
1585,0,苯氧乙基青霉素-现译名,Pheneticillin,T36.0,X44.-,X64.-,Y14.-,Y40.0
1585,0,苯乙醇酸-现译名苦杏仁酸,Mandelic acid,T37.8,X44.-,X64.-,Y14.-,Y41.8
1585,0,苯乙肼(抗抑郁药),Phenelzine,T43.1,X41.-,X61.-,Y11.-,Y49.1
1585,0,苯乙双胍[降糖灵],Phenformin,T38.3,X44.-,X64.-,Y14.-,Y42.3
1585,0,苯乙酮(安眠药),Acetophenone,T52.4,X46.-,X66.-,Y16.-,
1585,0,苯乙烯,Styrene,T65.8,X49.-,X69.-,Y19.-,
1585,0,苯乙酰脲(镇癫痈药),Phenacemide,T42.6,X41.-,X61.-,Y11.-,Y46.6
1585,0,苯异丙肼(降压药，抗抑郁药),Pheniprazine,T43.1,X41.-,X61.-,Y11.-,Y49.1
1585,0,苯苗胺[苯茚达明](抗组胺药),Phenindamine,T45.0,X44.-,X64.-,Y14.-,Y43.0
1585,0,苯茚达明- 现译名苯茚胺,Phenindamine,T45.0,X44.-,X64.-,Y14.-,Y43.0
1585,0,苯茚二酮(抗凝药),Phenindione,T45.5,X44.-,X64.-,Y14.-,Y44.2
1585,0,苯扎贝特(降血脂药),Bezafibrate,T46.6,X44.-,X64.-,Y14.-,Y52.6
1585,0,苯扎氯铵[氯化苯甲烃胺],Benzalkonium (chloride),T49.0,X44.-,X64.-,Y14.-,Y56.0
1585,0,苯扎明[优卡因](局麻药),Benzamine,T41.3,X44.-,X64.-,Y14.-,Y48.3
1585,1,乳酸盐,lactate,T49.1,X44.-,X64.-,Y14.-,Y56.1
1585,0,苯扎托品(抗胆碱酯酶药),Benz(a)tropine,T42.8,X41.-,X61.-,Y11.-,Y46.7
1585,1,抗胆碱能,anticholinergic,T44.3,X43.-,X63.-,Y13.-,Y51.3
1585,1,抗帕金森,antiparkinson,T42.8,X41.-,X61.-,Y11.-,Y46.7
1585,0,苯佐卡因[氨基苯甲酸乙酯],Benzocaine,T41.3,X44.-,X64.-,Y14.-,Y48.3
1585,0,苯佐氯铵(消毒防腐剂),Benzoxonium chloride,T49.0,X44.-,X64.-,Y14.-,Y56.0
1585,0,苯佐那酯(镇咳药),Benzonatate,T48.3,X44.-,X64.-,Y14.-,Y55.3
1585,0,苯佐他明(安定药),Benzoctamine,T43.0,X41.-,X61.-,Y11.-,Y49.0
1585,0,苯唑西林(抗生素),Oxacillin,T36.0,X44.-,X64.-,Y14.-,Y40.0
1585,0,鼻眼净-现译名萘甲唑啉,Naphazoline,T48.5,X44.-,X64.-,Y14.-,Y55.5
1585,0,鼻药NEC,Nasal drug NEC,T49.6,X44.-,X64.-,Y14.-,Y56.6
1585,0,比苯溴铵(镇咳药),Bibenzonium bromide,T48.3,X44.-,X64.-,Y14.-,Y55.3
1585,0,比枯枯灵碱,Bicucculine,T50.7,X44.-,X64.-,Y14.-,Y50.0
1585,0,比拉米可(抗原虫药),Bialamicol,T37.3,X44.-,X64.-,Y14.-,Y41.3
1585,0,比尼贝特(降血脂药),Binifibrate,T46.6,X44.-,X64.-,Y14.-,Y52.6
1585,0,比哌立登[安克痉/二环已丙醇],Biperiden,T44.3,X43.-,X63.-,Y13.-,Y51.3
1585,0,比沙可啶[双醋苯啶](泻药),Bisacodyl,T47.2,X44.-,X64.-,Y14.-,Y53.2
1586,0,比索洛尔(β受体阻滞药),Bisoprolol,T44.7,X43.-,X63.-,Y13.-,Y51.7
1586,0,比托特罗(支气管扩张药),Bitolterol,T48.6,X44.-,X64.-,Y14.-,Y55.6
1586,0,吡贝地尔(毛细血管保护药),Piribedil,T42.8,X41.-,X61.-,Y11.-,Y46.7
1586,0,吡布特罗(支气管扩张药),Pirbuterol,T48.6,X44.-,X64.-,Y14.-,Y55.6
1586,0,吡啶,Pyridine,T52.8,X46.-,X66.-,Y16.-,
1586,1,解磷定,aldoxime methiodide,T50.6,X44.-,X64.-,Y14.-,Y57.2
1586,1,蒸气,vapor,T59.8,X47.-,X67.-,Y17.-,
1586,0,吡啶硫酸(钠),Picosulfate (sodium),T47.2,X44.-,X64.-,Y14.-,Y53.2
1586,0,吡多昔酯(冠脉扩张药),Piridoxilate,T46.3,X44.-,X64.-,Y14.-,Y52.3
1586,0,吡多辛-现译名 维生素B6,Pyridoxine,T45.2,X44.-,X64.-,Y14.-,Y57.7
1586,0,吡二丙胺- 现译名丙吡胺,Disopyramide,T46.2,X44.-,X64.-,Y14.-,Y52.2
1586,0,吡芬溴铵(解痉药),Prifinium bromide,T44.3,X43.-,X63.-,Y13.-,Y51.3
1586,0,吡咯布他明 - 现译名 吡咯他敏,Pyrrobutamine,T45.0,X44.-,X64.-,Y14.-,Y43.0
1586,0,吡咯米酸(抗感染药),Piromidic acid,T37.8,X44.-,X64.-,Y14.-,Y41.8
1586,0,吡咯齐定生物碱类,Pyrrolizidine alkaloids,T62.8,X49.-,X69.-,Y19.-,
1586,0,吡咯他尼(利尿剂),Piretanide,T50.1,X44.-,X64.-,Y14.-,Y54.4
1586,0,吡喹酮(抗蠕虫药),Praziquantel,T37.4,X44.-,X64.-,Y14.-,Y41.4
1586,0,吡拉明-现译名美吡拉敏,"Mepyramine, Pyrilamine",T45.0,X44.-,X64.-,Y14.-,Y43.0
1586,0,吡硫翁锌(皮肤病药),Pyrithione zinc,T49.4,X44.-,X64.-,Y14.-,Y56.4
1586,0,吡罗昔康(消炎药),Piroxicam,T39.3,X40.-,X60.-,Y10.-,Y45.3
1586,1,β环糊精复合物,beta-cyclodextrin complex,T39.8,X40.-,X60.-,Y10.-,Y45.8
1586,0,吡洛芬(抗炎镇痛药),Pirprofen,T39.3,X40.-,X60.-,Y10.-,Y45.2
1586,0,吡嘧司特钾[哌罗来斯钾],Pemirolast (potassium),T48.6,X44.-,X64.-,Y14.-,Y55.6
1586,0,吡那地尔(血管扩张药),Pinacidil,T46.5,X44.-,X64.-,Y14.-,Y52.5
1586,0,吡哌酸(抗炎镇痛药),Pipemidic acid,T37.8,X44.-,X64.-,Y14.-,Y41.8
1586,0,吡嗪酰胺(抗结核药),"Pirazinamide, Pyrazinamide",T37.1,X44.-,X64.-,Y14.-,Y41.1
1586,0,吡柔阿霉素-现译名吡柔比星,Pirarubicin,T45.1,X44.-,X64.-,Y14.-,Y43.3
1586,0,吡酮洛芬(抗炎镇痛药),Piketoprofen,T49.0,X44.-,X64.-,Y14.-,Y56.0
1586,0,吡维氯铵(抗蠕虫药),Pyrvinium chloride,T37.4,X44.-,X64.-,Y14.-,Y41.4
1586,0,吡西卡尼[盐酸匹西卡胺],Pilsicainide (hydrochloride),T46.2,X44.-,X64.-,Y14.-,Y52.2
1586,0,吡乙二酮[二乙吡啶二酮],Pyrithyldione,T42.6,X41.-,X61.-,Y11.-,Y47.8
1586,0,吡吲哚(抗抑郁药),Pirlindole,T43.0,X41.-,X61.-,Y11.-,Y49.0
1586,0,吡扎地尔(血管扩张药),Pirozadil,T46.6,X44.-,X64.-,Y14.-,Y52.6
1586,0,吡唑酮镇痛药NEC,Pyrazolone analgesic,T39.2,X40.-,X60.-,Y10.-,Y45.8
1586,0,必嗽平-现译名 溴己新,Bromhexine,T48.4,X44.-,X64.-,Y14.-,Y55.4
1586,0,铋溴酚(消毒防腐剂),Bibrocathol,T49.5,X44.-,X64.-,Y14.-,Y56.5
1586,0,铋盐,Bismuth salts,T47.6,X44.-,X64.-,Y14.-,Y53.6
1586,1,次水杨酸(铋),subsalicylate,T37.8,X44.-,X64.-,Y14.-,Y41.8
1586,1,次碳酸(铋),subcarbonate,T47.6,X44.-,X64.-,Y14.-,Y53.6
1586,1,非药用(化合物)NEC,nonmedicinal (compounds),T65.9,X49.-,X69.-,Y19.-,
1586,1,铝酸(铋),aluminate,T47.1,X44.-,X64.-,Y14.-,Y53.1
1586,1,乙醇酰砷酸,glycolylarsenate,T49.0,X44.-,X64.-,Y14.-,Y56.0
1586,1,蚁酸碘,formic iodide,T49.0,X44.-,X64.-,Y14.-,Y56.0
1587,0,秘鲁香脂,Peruvian balsam,T49.0,X44.-,X64.-,Y14.-,Y56.0
1587,0,蓖麻,Castor,,,,,
1587,1,油,oil,T47.2,X44.-,X64.-,Y14.-,Y53.2
1587,1,子,bean,T62.2,X49.-,X69.-,Y19.-,
1587,0,蓖麻蛋白(抗肿瘤药，抗癣药),Ricin,T62.2,X49.-,X69.-,Y19.-,
1587,0,避蚊胺,Deet,T60.8,X48.-,X68.-,Y18.-,
1587,0,避孕剂(口服),Contraceptive (oral),T38.4,X44.-,X64.-,Y14.-,Y42.4
1587,0,避孕药,Antifertility pill,T38.4,X44.-,X64.-,Y14.-,Y42.4
1587,0,扁桃酸-现译名苦杏仁酸,Mandelic acid,T37.8,X44.-,X64.-,Y14.-,Y41.8
1587,0,苄吡溴铵(抗胆碱酯酶药),Benzpyrinium bromide,T44.1,X43.-,X63.-,Y13.-,Y51.1
1587,0,苄丙苯异丙胺(减肥药)(滥用),Benzphetamine,T50.5,X44.-,X64.-,Y14.-,Y57.0
1587,0,苄达明[炎痛静](抗炎镇痛药),Benzydamine,T49.0,X44.-,X64.-,Y14.-,Y56.0
1587,0,苄达酸(抗炎镇痛药),Bendazac,T39.3,X40.-,X60.-,Y10.-,Y45.3
1587,0,苄二甲胍-现译名倍他尼定,Bethanidine,T46.5,X44.-,X64.-,Y14.-,Y52.5
1587,0,苄非他明(食欲抑制药),Benzfetamine,T50.5,X44.-,X64.-,Y14.-,Y57.0
1587,0,苄氟噻嗪(利尿降压药),Bendroflumethiazide,T50.2,X44.-,X64.-,Y14.-,Y54.3
1587,0,苄环烷(解痉药),Bencyclane,T46.7,X44.-,X64.-,Y14.-,Y52.7
1587,0,苄基[苯甲基],Benzyl,,,,,
1587,1,(邻苄基)苯甲酸,benzoic acid,T49.0,X44.-,X64.-,Y14.-,Y56.0
1587,1,苯甲酸(苄酯),benzoate,T49.0,X44.-,X64.-,Y14.-,Y56.0
1587,1,醇[苯甲醇],alcohol,T49.0,X44.-,X64.-,Y14.-,Y56.0
1587,1,醋酸(苄酯),acetate,T52.8,X46.-,X66.-,Y16.-,
1587,1,青霉素,penicillin,T36.0,X44.-,X64.-,Y14.-,Y40.0
1587,1,烟酰[烟酸苄酯],nicotinate,T46.6,X44.-,X64.-,Y14.-,Y52.6
1587,0,苄硫尿嘧啶(抗甲状腺药),Benzylthiouracil,T38.2,X44.-,X64.-,Y14.-,Y42.2
1587,0,苄普地尔(血管扩张药),Bepridil,T46.1,X44.-,X64.-,Y14.-,Y52.1
1587,0,苄青霉素[青霉素],Benzylpenicillin,T36.0,X44.-,X64.-,Y14.-,Y40.0
1587,0,苄氢氯噻嗪(降血压药，利尿剂),Benzylhydrochlorthiazide,T50.2,X44.-,X64.-,Y14.-,Y54.3
1587,0,苄噻嗪(利尿剂),Benzthiazide,T50.2,X44.-,X64.-,Y14.-,Y54.3
1587,0,苄丝肼(脱羧酶抑制药),Benserazide,T42.8,X41.-,X61.-,Y11.-,Y46.7
1587,0,苄索氯铵(消毒防腐剂),Benzethonium (chloride),T49.0,X44.-,X64.-,Y14.-,Y56.0
1587,0,苄硝唑(抗原虫药),Benznidazole,T37.3,X44.-,X64.-,Y14.-,Y41.3
1587,0,苄星青霉素(抗生素),Benzathine benzylpenicillin,T36.0,X44.-,X64.-,Y14.-,Y40.0
1587,0,变性酒精,Denatured alcohol,T51.0,X45.-,X65.-,Y15.-,
1587,0,表甲雌三醇-现译名表美雌醇,Epimestrol,T38.5,X44.-,X64.-,Y14.-,Y42.5
1587,0,表氯环氧丙烷,Epichlor(o)hydrin,T52.8,X46.-,X66.-,Y16.-,
1587,0,表美雌醇[表甲雌三醇],Epimestrol,T38.5,X44.-,X64.-,Y14.-,Y42.5
1587,0,表柔比星[表阿霉素](抗生素),Epirubicin,T45.1,X44.-,X64.-,Y14.-,Y43.3
1587,0,别嘌呤醇(抗痛风药),Allopurinol,T50.4,X44.-,X64.-,Y14.-,Y54.8
1587,0,槟榔碱,Arecoline,T44.1,X43.-,X63.-,Y13.-,Y51.1
1587,0,丙氨吩噻嗪,Propylaminophenothiazine,T43.3,X41.-,X61.-,Y11.-,Y49.3
1587,0,丙胺氟磷(杀虫药),Mipafox,T60.0,X48.-,X68.-,Y18.-,
1587,0,丙胺卡因(局部麻醉药),"Prilocaine, regional",T41.3,X44.-,X64.-,Y14.-,Y48.3
1587,0,丙吡胺[吡二丙胺](抗心律失常药),Disopyramide,T46.2,X44.-,X64.-,Y14.-,Y52.2
1587,0,丙泊酚[双异丙酚],Propofol,T41.2,X44.-,X64.-,Y14.-,Y48.2
1587,0,丙醇硫酸金钠(抗感染药),Aurotioprol,T39.4,X40.-,X60.-,Y10.-,Y45.4
1588,0,丙碘酮(诊断用药),Propyliodone,T50.8,X44.-,X64.-,Y14.-,Y57.5
1588,0,丙氟磷酸盐,Difluorophate,T44.0,X43.-,X63.-,Y13.-,Y51.0
1588,0,丙谷胺(抗溃疡药),Proglumide,T47.1,X44.-,X64.-,Y14.-,Y53.1
1588,0,丙谷美辛(抗炎镇痛药),Proglumetacin,T39.3,X40.-,X60.-,Y10.-,Y45.3
1588,0,丙环定[普环啶](抗震颤麻痹药),Procyclidine,T44.3,X43.-,X63.-,Y13.-,Y51.3
1588,0,丙磺舒[羟苯磺丙胺](抗痛风药),Probenecid,T50.4,X44.-,X64.-,Y14.-,Y54.8
1588,0,丙己君[六氢脱氧麻黄碱],Propylhexedrine,T48.5,X44.-,X64.-,Y14.-,Y55.5
1588,0,丙卡巴肼(抗肿瘤药),Procarbazine,T45.1,X44.-,X64.-,Y14.-,Y43.3
1588,0,丙卡特罗(支气管扩张药),Procaterol,T44.5,X43.-,X63.-,Y13.-,Y51.5
1588,0,丙硫咪唑-现译名阿苯达唑,Albendazole,T37.4,X44.-,X64.-,Y14.-,
1588,0,丙硫尿嘧啶-现译名,Propylthiouracil,T38.2,X44.-,X64.-,Y14.-,Y42.2
1588,0,丙硫喷地(抗组胺药),Prothipendyl,T43.5,X41.-,X61.-,Y11.-,Y49.5
1588,0,丙硫氧嘧啶[丙硫尿嘧啶],Propylthiouracil,T38.2,X44.-,X64.-,Y14.-,Y42.2
1588,0,丙硫异烟胺(抗结核药),Prot(h)ionamide,T37.1,X44.-,X64.-,Y14.-,Y41.1
1588,0,丙氯拉嗪(抗精神病药),Prochlorperazine,T43.3,X41.-,X61.-,Y11.-,Y49.3
1588,0,丙美卡因(局部麻醉药),Proparacaine,T41.3,X44.-,X64.-,Y14.-,Y48.3
1588,0,丙米嗪[米帕明](抗抑郁药),Imipramine,T43.0,X41.-,X61.-,Y11.-,Y49.0
1588,0,丙咪嗪氧化物-现译名,Imipraminoxide,T43.0,X41.-,X61.-,Y11.-,Y49.0
1588,0,丙萘洛尔(β受体阻滞药),Pronetalol,T44.7,X43.-,X63.-,Y13.-,Y51.7
1588,0,丙内酯(药用辅料),Propiolactone,T49.0,X44.-,X64.-,Y14.-,Y56.0
1588,0,丙泊酚(麻醉药),Disoprofol,T41.2,X44.-,X64.-,Y14.-,Y48.2
1588,0,丙帕硝酯(血管扩张药),Propatylnitrate,T46.3,X44.-,X64.-,Y14.-,Y52.3
1588,0,丙泮尼地(麻醉药),Propanidid,T41.2,X44.-,X64.-,Y14.-,Y48.2
1588,0,丙匹西林[苯丙西林][苯氧,Propicillin,T36.0,X44.-,X64.-,Y14.-,Y40.0
1588,0,丙羟巴比(抗偏头痛药),Proxibarbal,T42.3,X41.-,X61.-,Y11.-,Y47.0
1588,0,丙羟茶碱(解痉药，利尿剂),Proxyphylline,T48.6,X44.-,X64.-,Y14.-,Y55.6
1588,0,丙嗪[普马嗪](抗精神病药),Promazine,T43.3,X41.-,X61.-,Y11.-,Y49.3
1588,0,丙三醇-现译名 甘油,Glycerin,T47.4,X44.-,X64.-,Y14.-,Y53.4
1588,0,丙舒硫胺(维生素类),Prosultiamine,T45.2,X44.-,X64.-,Y14.-,Y57.7
1588,0,丙酸氟替卡松(皮质类固醇药),Fluticasone propionate,T49.1,X44.-,X64.-,Y14.-,Y56.1
1588,0,丙酸盐(钙)(钠),Propionate (calcium),T49.0,X44.-,X64.-,Y14.-,Y56.0
1588,0,丙酮(油类),Acetone (oils),T52.4,X46.-,X66.-,Y16.-,
1588,1,氯化,chlorinated,T52.4,X46.-,X66.-,Y16.-,
1588,1,蒸气,vapor,T52.4,X46.-,X66.-,Y16.-,
1588,0,丙酮苄羟香豆素-现译名华法林,Warfarin,T45.5,X44.-,X64.-,Y14.-,Y44.2
1588,0,丙烷(装在移动罐车中运输的),Propane (distributed,T59.8,X47.-,X67.-,Y17.-,
1588,1,不完全燃烧的,incomplete combustion,T58,X47.-,X67.-,Y17.-,
1588,1,经管道输送的,distributed through pipes,T59.8,X47.-,X67.-,Y17.-,
1588,0,丙戊酸(镇癫疯药),Valproic acid,T42.6,X41.-,X61.-,Y11.-,Y46.5
1588,0,丙戊酸盐(钠)(抗惊厥药，,Valproate (sodium),T42.6,X41.-,X61.-,Y11.-,Y46.5
1589,0,丙戊酰胺(镇癫痫药),Valpromide,T42.6,X41.-,X61.-,Y11.-,Y46.5
1589,0,丙烯,Propylene,T59.8,X47.-,X67.-,Y17.-,
1589,0,丙烯除虫菊(一种人工合成的,Allethrin,T49.0,X48.-,X68.-,Y18.-,Y56.0
1589,0,丙烯腈(熏蒸杀虫药),Acrylonitrile,T65.8,X49.-,X69.-,Y19.-,
1589,0,丙烯醛(气体),Acrolein (gas),T59.8,X47.-,X67.-,Y17.-,
1589,1,液体,liquid,T54.1,X49.-,X69.-,Y19.-,
1589,0,丙烯酸树脂,Acrylic resin,T49.3,X44.-,X64.-,Y14.-,Y56.3
1589,0,丙烯酰胺,Acrylamide,T65.8,X49.-,X69.-,Y19.-,
1589,0,丙酰奋乃静(安定药),Carphenazine,T43.3,X41.-,X61.-,Y11.-,Y49.3
1589,0,丙酰马嗪(抗过敏药),Propiomazine,T45.0,X44.-,X64.-,Y14.-,Y43.0
1589,0,丙亚胺-现译名雷佐生,Razoxane,T45.1,X44.-,X64.-,Y14.-,Y43.3
1589,0,丙氧卡因(局部麻醉药),Propoxycaine,T41.3,X44.-,X64.-,Y14.-,Y48.3
1589,0,丙种六六六(药用的),Gamma-benzene,T49.0,X44.-,X64.-,Y14.-,Y56.0
1589,1,非药用的，蒸气,"nonmedicinal, vapor",T53.6,X46.-,X66.-,Y16.-,
1589,0,丙种球蛋白NEC,Gamma globulin NEC,T50.9,X44.-,X64.-,Y14.-,Y59.3
1589,0,病毒疫苗NEC,Viral vaccine NEC,T50.9,X44.-,X64.-,Y14.-,Y59.0
1589,0,病毒唑- 现译名 利巴韦林,Ribavirin,T37.5,X44.-,X64.-,Y14.-,Y41.5
1589,0,波尔多液(杀真菌剂),Bordeaux mixture,T60.3,X48.-,X68.-,Y18.-,
1589,0,波那普令[胺苯冰酯](抗震颤,Bornaprine,T44.3,X43.-,X63.-,Y13.-,Y51.3
1589,0,波希鼠李皮提取物(泻药),Cascara (sagrada),T47.2,X44.-,X64.-,Y14.-,Y53.2
1589,0,波吲洛尔(β受体阻滞药),Bopindolol,T44.7,X43.-,X63.-,Y13.-,Y51.7
1589,0,菠萝蛋白酶[菠萝酶](酶制剂),Bromelains,T45.3,X44.-,X64.-,Y14.-,Y43.6
1589,0,伯氨喹[伯氨喹啉](抗疟药),Primaquine,T37.2,X44.-,X64.-,Y14.-,Y41.2
1589,0,泊尔定甲硫酸盐(抗胆碱药),Poldine metilsulfate,T44.3,X43.-,X63.-,Y13.-,Y51.3
1589,0,泊非霉素(抗生素),Porfiromycin,T45.1,X44.-,X64.-,Y14.-,Y43.3
1589,0,泊利噻嗪(利尿剂),Polythiazide,T50.2,X44.-,X64.-,Y14.-,Y54.3
1589,0,泊洛沙姆(药用辅料),Poloxamer,T47.4,X44.-,X64.-,Y14.-,Y53.4
1589,0,博来霉素[争光霉素],Bleomycin,T45.1,X44.-,X64.-,Y14.-,Y43.3
1589,0,补骨脂素(非药用的),Psoralene (nonmedicinal),T65.8,X49.-,X69.-,Y19.-,
1589,0,补骨脂素类(药用的),Psoralens (medicinal),T50.9,X44.-,X64.-,Y14.-,Y57.8
1589,0,补液盐(口服),Rehydration salts (oral),T50.3,X44.-,X64.-,Y14.-,Y54.6
1589,0,不饱和脂肪酸,Unsaturated fatty acid,T46.6,X44.-,X64.-,Y14.-,Y52.6
1589,0,布比卡因(局部麻醉药),Bupivacaine,T41.3,X44.-,X64.-,Y14.-,Y48.3
1589,1,腰椎,spinal,T41.3,X44.-,X64.-,Y14.-,Y48.3
1589,0,布地奈德,Budesonide,T44.5,X43.-,X63.-,Y13.-,Y51.5
1589,0,布蒽酮(抗牛皮癣药),Butantrone,T49.4,X44.-,X64.-,Y14.-,Y56.4
1589,0,布酚宁(血管扩张药),"Nylidrin, Buphenine",T46.7,X44.-,X64.-,Y14.-,Y52.7
1589,0,布康唑(硝酸盐)(抗真菌药),Butoconazole (nitrate),T49.0,X44.-,X64.-,Y14.-,Y56.0
1589,0,布可隆(抗炎镇痛药),Bucolome,T39.3,X40.-,X60.-,Y10.-,Y45.3
1589,0,布克力嗪[安其敏],Buclizine,T45.0,X44.-,X64.-,Y14.-,Y43.0
1589,0,布拉酵母菌,Saccharomyces boulardii,T47.6,X44.-,X64.-,Y14.-,Y53.6
1589,0,布拉洛尔[氯甲苯心安],Bupranolol,T44.7,X43.-,X63.-,Y13.-,Y51.7
1590,0,布立马胺[丁咪胺],Burimamide,T47.1,X44.-,X64.-,Y14.-,Y53.1
1590,0,布鲁生 - 现译名 马钱子碱,Brucine,T65.1,X49.-,X69.-,Y19.-,
1590,0,布仑司维克绿-见铜,Brunswick green - see Copper,,,,,
1590,0,布洛尔 - 现译名 喷布洛尔,Penbutolol,T44.7,X43.-,X63.-,Y13.-,Y51.7
1590,0,布洛芬(抗炎镇痛药),Ibuprofen,T39.3,X40.-,X60.-,Y10.-,Y45.2
1590,0,布马地宗[丁丙二苯肼钙],Bumadizone,T39.3,X40.-,X60.-,Y10.-,Y45.3
1590,0,布美他尼(利尿剂),Bumetanide,T50.1,X44.-,X64.-,Y14.-,Y54.4
1590,0,布那唑嗪(降压药),Bunazosin,T44.6,X43.-,X63.-,Y13.-,Y51.6
1590,0,布尼洛尔(β-受体阻滞药),Bunitrolol,T44.7,X43.-,X63.-,Y13.-,Y51.7
1590,0,布屈嗪(降压药),Budralazine,T46.5,X44.-,X64.-,Y14.-,Y52.5
1590,0,布噻嗪(利尿剂),Butizide,T50.2,X44.-,X64.-,Y14.-,Y54.3
1590,0,布舍瑞林(促黄体素释放激素),Buserelin,T38.8,X44.-,X64.-,Y14.-,Y42.8
1590,0,布他比妥(镇静催眠药),Butalbital,T42.3,X41.-,X61.-,Y11.-,Y47.0
1590,0,布他卡因[对氨苯酸二丁氨丙酯],Butacaine,T41.3,X44.-,X64.-,Y14.-,Y48.3
1590,0,布他拉胺(抗心绞痛药),Butalamine,T46.7,X44.-,X64.-,Y14.-,Y52.7
1590,0,布他米酯(镇咳药),Butamirate,T48.3,X44.-,X64.-,Y14.-,Y55.3
1590,0,布他哌嗪(抗精神病药),Butaperazine,T43.3,X41.-,X61.-,Y11.-,Y49.3
1590,0,布坦卡因(局部麻醉药),Butanilicaine,T41.3,X44.-,X64.-,Y14.-,Y48.3
1590,0,布特萨 - 现译名 正丁巴比妥,Butethal,T42.3,X41.-,X61.-,Y11.-,Y47.0
1590,0,布替林(抗抑郁药),Butriptyline,T43.0,X41.-,X61.-,Y11.-,Y49.0
1590,0,布替他酯(解痉药),Butetamate,T48.6,X44.-,X64.-,Y14.-,Y55.6
1590,0,"布托啡诺(镇痛药,镇咳药)",Butorphanol,T40.4,X42.-,X62.-,Y12.-,Y45.0
1590,0,布托溴铵[溴丁托品](解痉药),Butropium bromide,T44.3,X43.-,X63.-,Y13.-,Y51.3
1591,0,残杀威(杀虫药),Propoxur,T60.0,X48.-,X68.-,Y18.-,
1591,0,草甘磷,Glyphosate,T60.3,X48.-,X68.-,Y18.-,
1591,0,草酸,Oxalic acid,T54.2,X49.-,X69.-,Y19.-,
1591,1,铵盐,ammonium salt,T50.9,X44.-,X64.-,Y14.-,Y57.6
1591,0,草酸铈,"Cerium oxalate,Cerous",T45.0,X44.-,X64.-,Y14.-,Y43.0
1591,0,茶苯海明[晕海宁],Dimenhydrinate,T45.0,X44.-,X64.-,Y14.-,Y43.0
1591,0,"茶碱(利尿剂,支气管扩张药)",Theophylline,T48.6,X44.-,X64.-,Y14.-,Y55.6
1591,1,氨苯甲酸,aminobenzoic acid,T48.6,X44.-,X64.-,Y14.-,Y55.6
1591,1,哌嗪氨苯甲酸,piperazine paminobenzoate,T48.6,X44.-,X64.-,Y14.-,Y55.6
1591,0,茶碱乙酸哌嗪-现译名；哌醋茶碱,"Acefylline piperazine, Acepifylline",T48.6,X44.-,X64.-,Y14.-,Y55.6
1591,0,茶氯酸异丙嗪(抗组胺药),Promethazine teoclate,T43.3,X41.-,X61.-,Y11.-,Y49.3
1591,0,柴藤类植物,Wisterine,T62.2,X49.-,X69.-,Y19.-,
1591,0,蟾酥,Ch'an su,T46.0,X44.-,X64.-,Y14.-,Y52.0
1591,0,长春胺[长春花胺](血管扩张药),Vincamine,T45.1,X44.-,X64.-,Y14.-,Y43.3
1591,0,长春布宁(脑循环促进药),Vinburnine,T46.7,X44.-,X64.-,Y14.-,Y52.7
1591,0,长春地辛[长春花碱酰胺],Vindesine,T45.1,X44.-,X64.-,Y14.-,Y43.3
1591,0,长春花胺-现译名长春胺,Vincamine,T45.1,X44.-,X64.-,Y14.-,Y43.3
1591,0,长春花碱酰胺- 现译名,Vindesine,T45.1,X44.-,X64.-,Y14.-,Y43.3
1591,0,长春碱(抗肿瘤药),Vinblastine,T45.1,X44.-,X64.-,Y14.-,Y43.3
1591,0,长春西丁[阿朴长春][胺酸乙酯],Vinpocetine,T46.7,X44.-,X64.-,Y14.-,Y52.7
1591,0,长春新碱(抗肿瘤药),Vincristine,T45.1,X44.-,X64.-,Y14.-,Y43.3
1591,0,长效磺胺-现译名磺胺甲氧嗪,Sulfamethoxypyridazine,T37.0,X44.-,X64.-,Y14.-,Y41.0
1591,0,肠蠕动调节药,Intestinal motility control,T47.6,X44.-,X64.-,Y14.-,Y53.6
1591,1,生物学的,biological,T47.8,X44.-,X64.-,Y14.-,Y53.8
1591,0,肠抑胃素(胃分泌抑制药),Enterogastrone,T38.8,X44.-,X64.-,Y14.-,Y42.8
1591,0,橙皮苷[桔皮苷](维生素类),Hesperidin,T46.9,X44.-,X64.-,Y14.-,Y52.9
1591,0,赤鲜醇四硝酸酯- 现译名,Erythrol tetranitrate,T46.3,X44.-,X64.-,Y14.-,Y52.3
1591,0,冲洗液(阴道的),Irrigating fluid (vaginal),T49.8,X44.-,X64.-,Y14.-,Y56.8
1591,1,眼,eye,T49.5,X44.-,X64.-,Y14.-,Y56.5
1591,0,虫螨磷(杀虫药),Chlorthiophos,T60.0,X48.-,X68.-,Y18.-,
1591,0,重组体(R)-见特指的蛋白质,Recombinant (R)-see specific protein,,,,,
1591,0,重组组织型纤维蛋白酶原激活剂,Rt-PA,T45.6,X44.-,X64.-,Y14.-,Y44.5
1591,0,臭氧,Ozone,T59.8,X47.-,X67.-,Y17.-,
1591,0,除草剂NEC,Herbicide NEC,T60.3,X48.-,X68.-,Y18.-,
1591,0,除虫菊浸膏,Pyrethrum extract,T49.0,X44.-,X64.-,Y14.-,Y56.0
1592,0,除虫菊素，除虫菊(非药用的),"Pyrethrin, pyrethrum",T60.2,X48.-,X68.-,Y18.-,
1592,0,除虫脲,Diflubenzuron,T60.1,X48.-,X68.-,Y18.-,
1592,0,垂体后叶,"Hypophysis, posterior",T38.8,X44.-,X64.-,Y14.-,Y42.8
1592,0,垂体后叶素NEC,Posterior pituitary,T38.8,X44.-,X64.-,Y14.-,Y42.8
1592,0,垂体前叶素·NEC,Anterior pituitary hormone,T38.8,X44.-,X64.-,Y14.-,Y42.8
1592,0,醇[酒精],Alcohol,T51.9,X45.-,X65.-,Y15.-,
1592,1,变性的,denatured,T51.0,X45.-,X65.-,Y15.-,
1592,1,丙(醇),propyl,T51.3,X45.-,X65.-,Y15.-,
1592,1,纯的,absolute,T51.0,X45.-,X65.-,Y15.-,
1592,1,丁(醇),butyl,T51.3,X45.-,X65.-,Y15.-,
1592,1,工业用,industrial,T51.0,X45.-,X65.-,Y15.-,
1592,1,谷物,grain,T51.0,X45.-,X65.-,Y15.-,
1592,1,甲(醇),methyl,T51.1,X45.-,X65.-,Y15.-,
1592,1,木(醇),wood,T51.1,X45.-,X65.-,Y15.-,
1592,1,脱水,dehydrated,T51.0,X45.-,X65.-,Y15.-,
1592,1,外科用,surgical,T51.0,X45.-,X65.-,Y15.-,
1592,1,外用,rubbing,T51.2,X45.-,X65.-,Y15.-,
1592,1,戊(醇),amyl,T51.3,X45.-,X65.-,Y15.-,
1592,1,烯丙(醇),allyl,T51.8,X45.-,X65.-,Y15.-,
1592,1,乙(醇),ethyl,T51.0,X45.-,X65.-,Y15.-,
1592,1,异丙(醇),isopropyl,T51.2,X45.-,X65.-,Y15.-,
1592,1,饮料,beverage,T51.0,X45.-,X65.-,Y15.-,
1592,1,蒸气(任何类型的醇),vapor(from any type of,T59.8,X47.-,X67.-,Y17.-,
1592,1,制止剂NEC,deterrent NEC,T50.6,X44.-,X64.-,Y14.-,Y57.3
1592,0,雌二醇,"Oestradiol,Estradiol",T38.5,X44.-,X64.-,Y14.-,Y42.5
1592,1,伴有睾酮,with testosterone,T38.7,X44.-,X64.-,Y14.-,Y42.7
1592,1,苯甲酸,benzoate,T38.5,X44.-,X64.-,Y14.-,Y42.5
1592,0,雌激素,"Oestrogen,Estrogen",T38.5,X44.-,X64.-,Y14.-,Y42.5
1592,1,伴有孕酮,with progesterone,T38.5,X44.-,X64.-,Y14.-,Y42.5
1592,1,结合的,conjugated,T38.5,X44.-,X64.-,Y14.-,Y42.5
1592,0,雌莫司汀(抗肿瘤药),Estramustine,T45.1,X44.-,X64.-,Y14.-,Y43.3
1592,0,雌三醇,"Oestriol,Estriol",T38.5,X44.-,X64.-,Y14.-,Y42.5
1592,0,雌三醇环戊醚- 现译名 奎雌醇,Quinestradol,T38.5,X44.-,X64.-,Y14.-,Y42.5
1592,0,雌三醇甲醚-现译名表美雌醇,Epimestrol,T38.5,X44.-,X64.-,Y14.-,Y42.5
1592,0,雌酮,"Oestrone,Estrone",T38.5,X44.-,X64.-,Y14.-,Y42.5
1592,0,雌酮硫酸酯哌嗪|硫酸雌酮哌嗪|,Estropipate,T38.5,X44.-,X64.-,Y14.-,Y42.5
1592,0,次氯酸钠溶液,Dakin's solution,T49.0,X44.-,X64.-,Y14.-,Y56.0
1592,0,次氯酸盐,Hypochlorite,T49.0,X44.-,X64.-,Y14.-,Y56.0
1592,0,促蛋白合成的同类药,"Congenor, anabolic",T38.7,X44.-,X64.-,Y14.-,Y42.7
1592,0,促蛋白合成甾类(促蛋白合成,Anabolic steroid,T38.7,X44.-,X64.-,Y14.-,Y42.7
1592,0,促黑素细胞激素,Melanocyte-stimulating,T38.8,X44.-,X64.-,Y14.-,Y42.8
1592,0,促红细胞生成素,EPO,T45.8,X44.-,X64.-,Y14.-,Y44.1
1593,0,促甲状腺激素,"Thyrotropic hormone, TSH",T38.8,X44.-,X64.-,Y14.-,Y42.8
1593,0,促卵泡激素[卵泡刺激素]，人,Follicle-stimulating hormone,T38.8,X44.-,X64.-,Y14.-,Y42.8
1593,0,促凝血酶原激酶(止血药),Thromboplastin,T45.7,X44.-,X64.-,Y14.-,Y44.3
1593,0,促皮质素[促肾上腺皮质激素],Corticotrophin,T38.8,X44.-,X64.-,Y14.-,Y42.8
1593,1,长效,long-acting,T38.8,X44.-,X64.-,Y14.-,Y42.8
1593,1,氢氧化锌,zinc hydroxide,T38.8,X44.-,X64.-,Y14.-,Y42.8
1593,0,促肾上腺皮质激素,Adrenocorticotrophic,T38.8,X44.-,X64.-,Y14.-,Y42.8
1593,1,长效,long-acting,T38.8,X44.-,X64.-,Y14.-,Y42.8
1593,0,促性腺激素,Gonadotrophin,T38.8,X44.-,X64.-,Y14.-,Y42.8
1593,1,绒(毛)膜,chorionic,T38.8,X44.-,X64.-,Y14.-,Y42.8
1593,1,血清,serum,T38.8,X44.-,X64.-,Y14.-,Y42.8
1593,0,醋,Acetic,,,,,
1593,1,酐,anhydride,T65.8,X49.-,X69.-,Y19.-,
1593,1,酸[乙酸],acid,T54.2,X49.-,X69.-,Y19.-,
1593,2,药用的(洗液),medicinal (lotion),T49.2,X44.-,X64.-,Y14.-,Y56.2
1593,2,酯(溶剂)(蒸气),ester(solvent)(vapor),T52.8,X46.-,X66.-,Y16.-,
1593,1,(乙酸)乙酯(蒸气),ether(vapor),T52.8,X46.-,X66.-,Y16.-,
1593,0,醋氨苯砜(抗感染药),Acedapsone,T37.0,X44.-,X64.-,Y14.-,Y41.0
1593,0,醋氨酚-现译名对乙酰氨基酚,Paracetamol,T39.1,X40.-,X60.-,Y10.-,Y45.5
1593,0,醋地高辛(强心药),Acetyldigoxin,T46.0,X44.-,X64.-,Y14.-,Y52.0
1593,0,醋碘苯酸(诊断用药),Acetrizoic acid,T50.8,X44.-,X64.-,Y14.-,Y57.5
1593,0,醋碘苯酸钠(诊断用药),Sodium acetrizoate,T50.8,X44.-,X64.-,Y14.-,Y57.5
1593,0,醋丁洛尔(β受体阻滞药),Acebutolol,T44.7,X43.-,X63.-,Y13.-,Y51.7
1593,0,醋奋乃静[乙酰奋乃静],Acetophenazine,T43.3,X41.-,X61.-,Y11.-,Y49.3
1593,0,醋谷地阿诺(精神兴奋药),Deanol (aceglumate),T50.9,X44.-,X64.-,Y14.-,Y50.8
1593,0,醋磺胺甲氧嗪[乙酰磺胺甲氧嗪]（磺胺药）,Acetylsulfamethoxypyridazine,T37.0,X44.-,X64.-,Y14.-,Y41.0
1593,0,醋酸奋乃静(抗精神病药),Thiopropazate,T43.3,X41.-,X61.-,Y11.-,Y49.3
1593,0,醋酸己脲(降血糖药),Acetohexamide,T38.3,X44.-,X64.-,Y14.-,Y42.3
1593,0,醋酸甲羟孕酮[安宫黄体酮]（长效）,Medroxyprogesterone acetate (depot),T38.5,X44.-,X64.-,Y14.-,Y42.5
1593,0,醋酸特立帕肽,Teriparatide (acetate),T50.9,X44.-,X64.-,Y14.-,Y54.7
1593,0,醋甲唑胺[甲醋唑胺](利尿剂),Methazolamide,T50.2,X44.-,X64.-,Y14.-,Y54.2
1593,0,醋卡溴脲[乙酰阿达林],Acecarbromal,T42.6,X41.-,X61.-,Y11.-,Y47.4
1593,0,醋克利定[喹核醇乙酸酯],Aceclidine,T44.1,X43.-,X63.-,Y13.-,Y51.1
1593,0,醋氢可酮(血管扩张药),Thebacon,T48.3,X44.-,X64.-,Y14.-,Y55.3
1593,0,醋羟胺酸[乙酸氧肟酸],Acetohydroxamic acid,T50.9,X44.-,X64.-,Y14.-,Y43.5
1593,0,醋酸氟轻松-又称 氟轻松,Fluocinolone (acetonide),T49.0,X44.-,X64.-,Y14.-,Y56.0
1593,0,醋酸环己酯(香料),Cyclohexyl acetate,T52.8,X46.-,X66.-,Y16.-,
1594,0,醋酸麦迪霉素 - 现译名,Miokamycin,T36.3,X44.-,X64.-,Y14.-,Y40.3
1594,0,醋酸乙酯,Ethyl acetate,T52.8,X46.-,X66.-,Y16.-,
1594,0,醋硝香豆素[醋硝香豆醇][新抗凝](抗凝药),"Acenocoumarin, Acenocoumarol, Nicoumalone",T45.5,X44.-,X64.-,Y14.-,
1594,0,醋洋地黄毒苷,Acetyldigitoxin,T46.0,X44.-,X64.-,Y14.-,Y52.0
1594,0,醋竹桃霉素[三乙酰夹竹桃霉素](抗生素),"Triacetyloleandomycin, Troleandomycin",T36.3,X44.-,X64.-,Y14.-,Y40.3
1594,0,催产素 - 现译名 缩宫素,Oxytocin,T48.0,X44.-,X64.-,Y14.-,Y55.0
1594,0,催产药[子宫收缩药]NEC,Oxytocic drug NEC,T48.0,X44.-,X64.-,Y14.-,Y55.0
1594,0,催泪毒气,Tear gas,T59.3,X47.-,X67.-,Y17.-,
1594,0,催眠药,"Hypnotic, Soporific",T42.7,X41.-,X61.-,Y11.-,Y47.9
1594,1,抗惊厥药,anticonvulsant,T42.7,X41.-,X61.-,Y11.-,Y47.5
1594,1,特指的 NEC,specified NEC,T42.6,X41.-,X61.-,Y11.-,Y47.8
1594,0,催乳素,"Prolactinol, Prolactin",T38.8,X44.-,X64.-,Y14.-,Y42.8
1594,0,催嚏剂气体,Sternutator gas,T59.8,X47.-,X67.-,Y17.-,
1594,0,催吐药NEC,Emetic NEC,T47.7,X44.-,X64.-,Y14.-,Y53.7
1595,0,达卡巴嗪[氮烯咪胺](抗肿瘤药),Dacarbazine,T45.1,X44.-,X64.-,Y14.-,Y43.3
1595,0,达克罗宁(局麻药),Dyclonine,T41.3,X44.-,X64.-,Y14.-,Y48.3
1595,0,达那唑(垂体前叶抑制药),Danazol,T38.6,X44.-,X64.-,Y14.-,Y42.6
1595,0,打火机液体,Lighter fluid,T52.0,X46.-,X66.-,Y16.-,
1595,0,大豆甾醇,Soysterol,T46.6,X44.-,X64.-,Y14.-,Y52.6
1595,0,大观霉素-现译名 壮观霉素,Spectinomycin,T36.5,X44.-,X64.-,Y14.-,Y40.5
1595,0,大环内酯,Macrolide,,,,,
1595,1,抗生素,antibiotic,T36.3,X44.-,X64.-,Y14.-,Y40.3
1595,1,合成代谢药,anabolic drug,T38.7,X44.-,X64.-,Y14.-,Y42.7
1595,0,大黄,Rhubarb,,,,,
1595,1,酊剂，复合物,"tincture, compound",T47.2,X44.-,X64.-,Y14.-,Y53.2
1595,1,干浸膏,dry extract,T47.2,X44.-,X64.-,Y14.-,Y53.2
1595,0,大麻,"Marihuana, Marijuana",T40.7,X42.-,X62.-,Y12.-,Y49.6
1595,0,大麻酚(镇吐药),Cannabinol,T40.7,X42.-,X62.-,Y12.-,Y49.6
1595,0,大麻隆(抗焦虑药),Nabilone,T40.7,X42.-,X62.-,Y12.-,Y49.6
1595,0,大麻属(衍生物),Cannabis (derivatives),T40.7,X42.-,X62.-,Y12.-,Y49.6
1595,0,大灭虫- 现译名 磷胺,Phosphamidon,T60.0,X48.-,X68.-,Y18.-,
1595,0,丹曲林(骨骼肌松弛药),Dantrolene,T42.8,X41.-,X61.-,Y11.-,Y46.8
1595,0,丹蒽醌(导泻药),"Danthron, Dantron",T47.2,X44.-,X64.-,Y14.-,Y53.2
1595,0,单胺氧化酶抑制剂NEC,Monoamine oxidase,T43.1,X41.-,X61.-,Y11.-,Y49.1
1595,1,肼[联胺],hydrazine,T43.1,X41.-,X61.-,Y11.-,Y49.1
1595,0,单苯保泰松-现译名莫非布宗,Monophenylbutazone,T39.2,X40.-,X60.-,Y10.-,Y45.8
1595,0,单乙醇胺,Monoethanolamine,T46.8,X44.-,X64.-,Y14.-,Y52.8
1595,1,油酸盐(硬化药),oleate,T46.8,X44.-,X64.-,Y14.-,Y52.8
1595,0,胆茶碱(利尿剂),Oxtriphylline,T48.6,X44.-,X64.-,Y14.-,Y55.6
1595,0,胆骨化醇-现译名维生素D₃,Cholecalciferol,T45.2,X44.-,X64.-,Y14.-,Y54.7
1595,0,胆碱,Choline,T48.6,X44.-,X64.-,Y14.-,Y55.6
1595,1,(胆)茶碱,theophyllinate,T48.6,X44.-,X64.-,Y14.-,Y55.6
1595,1,氯化物,chloride,T50.9,X44.-,X64.-,Y14.-,Y57.1
1595,1,枸橼酸二氢盐,dihydrogen citrate,T50.9,X44.-,X64.-,Y14.-,Y57.1
1595,1,水杨酸盐,salicylate,T39.0,X40.-,X60.-,Y10.-,Y45.1
1595,0,胆碱能(药)NEC,Cholinergic (drug)NEC,T44.1,X43.-,X63.-,Y13.-,Y51.1
1595,1,三甲基铵丙二醇,trimethyl ammonium,T44.1,X43.-,X63.-,Y13.-,Y51.1
1595,1,肌肉紧张增强剂,muscle tone enhancer,T44.1,X43.-,X63.-,Y13.-,Y51.1
1595,1,有机磷,organophosphorus,T44.0,X43.-,X63.-,Y13.-,Y51.0
1595,0,胆碱酯酶活化药,Cholinesterase reactivator,T50.6,X44.-,X64.-,Y14.-,Y57.2
1595,0,胆囊收缩素,Cholecystokinin,T50.8,X44.-,X64.-,Y14.-,Y57.6
1595,0,胆酸(利胆药),Cholic acid,T47.5,X44.-,X64.-,Y14.-,Y53.5
1595,0,胆影葡胺,Meglumine iodipamide,T50.8,X44.-,X64.-,Y14.-,Y57.5
1595,0,胆影酸(诊断用药),"Adipiodone, Iodipamide",T50.8,X44.-,X64.-,Y14.-,Y57.5
1595,0,胆汁盐,Bile salts,T47.5,X44.-,X64.-,Y14.-,Y53.5
1596,0,蛋氨酸[甲硫氨酸](氨基酸类),Methionine,T50.9,X44.-,X64.-,Y14.-,Y57.1
1596,0,蛋白酶,Protease,T47.5,X44.-,X64.-,Y14.-,Y53.5
1596,0,蛋白质水解物,Protein hydrolysate,T50.9,X44.-,X64.-,Y14.-,Y57.8
1596,0,氮,"Nitrogen, Nitric",T59.0,X47.-,X67.-,Y17.-,
1596,1,酸(液体)[硝酸],acid (liquid),T54.2,X49.-,X69.-,Y19.-,
1596,2,蒸气,vapor,T59.8,X47.-,X67.-,Y17.-,
1596,1,芥,mustard,T45.1,X44.-,X64.-,Y14.-,Y43.3
1596,1,氧化(氮)(气体),oxide (gas),T59.0,X47.-,X67.-,Y17.-,
1596,0,氮丙啶(螯合剂),Aziridine(chelating),T54.1,X49.-,X69.-,Y19.-,
1596,0,氮芥(抗肿瘤药),"Chlormethine,Mechlore-",T45.1,X44.-,X64.-,Y14.-,Y43.3
1596,0,氮芥+长春新碱+泼尼松+丙卡巴肼,MOPP (mechlorethamine + vincristine + prednisone + procarbazine),T45.1,X44.-,X64.-,Y14.-,Y43.3
1596,0,氮烯咪胺-现译名达卡巴嗪,"Dacarbazine, DTIC",T45.1,X44.-,X64.-,Y14.-,Y43.3
1596,0,氮草斯汀(抗组胺药),Azelastine,T45.0,X44.-,X64.-,Y14.-,Y43.0
1596,0,道诺霉素,Daunomycin,T45.1,X44.-,X64.-,Y14.-,Y43.3
1596,0,低血压的NEC,Hypotensive NEC,T46.5,X44.-,X64.-,Y14.-,Y52.5
1596,0,滴滴涕(粉尘)(杀虫药),Chlorophenothane,T60.1,X48.-,X68.-,Y18.-,
1596,0,狄帕洛东-现译名 地哌冬,Diperodon,T41.3,X44.-,X64.-,Y14.-,Y48.3
1596,0,狄氏剂(蒸气),Dieldrin (vapor),T60.1,X48.-,X68.-,Y18.-,
1596,0,敌百虫-现译名美曲膦酯,"Trichlorfon, Metrifonate",T60.0,X48.-,X68.-,Y18.-,
1596,0,敌稗(农药),Propanil,T60.3,X48.-,X68.-,Y18.-,
1596,0,敌草腈(除草剂),Dichlobenil,T60.3,X48.-,X68.-,Y18.-,
1596,0,敌草隆,Diuron,T60.3,X48.-,X68.-,Y18.-,
1596,0,敌草快(二溴化物)(农药),Diquat (dibromide),T60.3,X48.-,X68.-,Y18.-,
1596,0,敌敌畏,Dichlorvos,T60.0,X48.-,X68.-,Y18.-,
1596,0,敌噁磷(杀虫药),Dioxathion,T60.0,X48.-,X68.-,Y18.-,
1596,0,敌菌丹(农药),Captafol,T60.3,X48.-,X68.-,Y18.-,
1596,0,敌匹硫磷-现译名 二嗪磷,Diazinon,T60.0,X48.-,X68.-,Y18.-,
1596,0,敌鼠,Diphacinone,T60.4,X48.-,X68.-,Y18.-,
1596,0,敌退咳-现译名氯苯达诺,"Clophedianol, Clofedanol",T48.3,X44.-,X64.-,Y14.-,Y55.3
1596,0,敌蝇威,Dimetilan,T60.0,X48.-,X68.-,Y18.-,
1596,0,地胺磷[二噻磷](杀虫药),Mephosfolan,T60.0,X48.-,X68.-,Y18.-,
1596,0,地奥司明(毛细血管保护药),Diosmin,T46.9,X44.-,X64.-,Y14.-,Y52.9
1596,0,地巴唑(血管扩张药),Bendazol,T46.3,X44.-,X64.-,Y14.-,Y52.3
1596,0,地贝卡星(抗生素药),Dibekacin,T36.5,X44.-,X64.-,Y14.-,Y40.5
1596,0,地布卡因-又称辛可卡因,Dibucaine,T41.3,X44.-,X64.-,Y14.-,Y48.3
1596,0,地蒽酚[蒽林][二羟基蒽酚],"Anthralin, Dithranol",T49.4,X44.-,X64.-,Y14.-,Y56.4
1596,0,地尔硫草(冠脉扩张药),Diltiazem,T46.1,X44.-,X64.-,Y14.-,Y52.1
1596,0,地芬尼多(镇吐药),"Difenidol, Diphenidol",T45.0,X44.-,X64.-,Y14.-,Y43.0
1596,0,地芬诺辛(止泻药),Difenoxin,T47.6,X44.-,X64.-,Y14.-,Y53.6
1596,0,地芬诺酯[氰苯哌酯](止泻药),Diphenoxylate,T47.6,X44.-,X64.-,Y14.-,Y53.6
1596,0,地夫可特(肾上腺皮质激素类),Deflazacort,T38.0,X44.-,X64.-,Y14.-,Y42.0
1596,0,地高辛(强心药),"Digoxin,Digoxine",T46.0,X44.-,X64.-,Y14.-,Y52.0
1597,0,地卡因 - 现译名 丁卡因,Tetracaine,T41.3,X44.-,X64.-,Y14.-,Y48.3
1597,0,地喹氯铵[克菌定],Dequalinium chloride,T49.0,X44.-,X64.-,Y14.-,Y56.0
1597,0,地拉齐普 - 现译名 地拉草,Dilazep,T46.3,X44.-,X64.-,Y14.-,Y52.3
1597,0,地拉草[地拉齐普],Dilazep,T46.3,X44.-,X64.-,Y14.-,Y52.3
1597,0,地乐酚,Dinoseb,T60.3,X48.-,X68.-,Y18.-,
1597,0,地洛西泮(抗惊厥药),Delorazepam,T42.4,X41.-,X61.-,Y11.-,Y47.1
1597,0,地马唑[双胺噻唑](抗真菌药),"Diamthazole, Dimazole",T49.0,X44.-,X64.-,Y14.-,Y56.0
1597,0,地美环素[脱甲金霉素],Demeclocycline,T36.4,X44.-,X64.-,Y14.-,Y40.4
1597,0,地美可辛-现译名秋水仙胺,Demecolcine,T45.1,X44.-,X64.-,Y14.-,Y43.3
1597,0,地美炔酮(孕激素类),Dimethisterone,T38.5,X44.-,X64.-,Y14.-,Y42.5
1597,0,地美索酯(镇咳药),Dimethoxanate,T48.3,X44.-,X64.-,Y14.-,Y55.3
1597,0,地美溴胺(拟胆碱药),Demecarium (bromide),T49.5,X44.-,X64.-,Y14.-,Y56.5
1597,0,地美孕酮(孕激素类),Demegestone,T38.5,X44.-,X64.-,Y14.-,Y42.5
1597,0,地莫拉明[双吗啉胺],Dimorpholamine,T50.7,X44.-,X64.-,Y14.-,Y50.0
1597,0,地莫昔林(解痉药),Dimoxyline,T46.3,X43.-,X63.-,Y13.-,Y52.3
1597,0,地奈德(肾上腺皮质激素类,Desonide,T49.0,X44.-,X64.-,Y14.-,Y56.0
1597,0,地诺前列素(子宫收缩药),Dinoprost,T48.0,X44.-,X64.-,Y14.-,Y55.0
1597,0,地诺前列酮(子宫收缩药),Dinoprostone,T48.0,X44.-,X64.-,Y14.-,Y55.0
1597,0,地哌冬[狄帕洛东](局麻药),Diperodon,T41.3,X44.-,X64.-,Y14.-,Y48.3
1597,0,地匹福林(抗青光眼药),Dipivefrine,T49.5,X44.-,X64.-,Y14.-,Y56.5
1597,0,地匹哌酮[二苯哌己酮](镇痛药),Dipipanone,T40.4,X42.-,X62.-,Y12.-,Y45.0
1597,0,地匹乙酯(抗炎镇痛药),Dipyrocetyl,T39.0,X40.-,X60.-,Y10.-,Y45.1
1597,0,地普雷那林,Deprenalin,T42.8,X41.-,X61.-,Y11.-,Y46.7
1597,0,地普托品(支气管扩张药),Deptropine,T45.0,X44.-,X64.-,Y14.-,Y43.0
1597,0,地屈孕酮[去氢孕酮](孕激素类),Dydrogesterone,T38.5,X44.-,X64.-,Y14.-,Y42.5
1597,0,地撒嗪-现译名二乙嗪,Diethazine,T42.8,X41.-,X61.-,Y11.-,Y46.7
1597,0,地塞米松(肾上腺皮质激素类),Dexamethasone,T38.0,X44.-,X64.-,Y14.-,Y42.0
1597,0,地舍平[脱甲氧利血平]|去甲,Deserpidine,T46.5,X44.-,X64.-,Y14.-,Y52.5
1597,0,地索高诺酮 - 现译名 去氧孕烯,Desogestrel,T38.5,X44.-,X64.-,Y14.-,Y42.5
1597,0,地索普明(解痉药),Diisopromine,T44.3,X43.-,X63.-,Y13.-,Y51.3
1597,0,地他唑(消炎药),Ditazole,T39.3,X40.-,X60.-,Y10.-,Y45.3
1597,0,地昔帕明[去郁敏][去甲丙咪嗪],Desipramine,T43.0,X41.-,X61.-,Y11.-,Y49.0
1597,0,地西拉嗪[羟乙氧拉嗪],Dixyrazine,T43.3,X41.-,X61.-,Y11.-,Y49.3
1597,0,地西泮- 现译名 安定,Diazepam,T42.4,X41.-,X61.-,Y11.-,Y47.1
1597,0,睇波芬,Stibophen,T37.4,X44.-,X64.-,Y14.-,Y41.4
1597,0,碲(两性金属元素),Tellurium,T56.8,X49.-,X69.-,Y19.-,
1597,0,颠茄,Belladonna,,,,,
1597,1,草药,herb,T44.3,X43.-,X63.-,Y13.-,Y51.3
1597,1,浸膏,extract,T44.3,X43.-,X63.-,Y13.-,Y51.3
1597,1,生物碱,alkaloids,T44.3,X43.-,X63.-,Y13.-,Y51.3
1597,0,碘(抗菌剂，外用的)(酊)NEC,"Iodine (antiseptic, external)",T49.0,X44.-,X64.-,Y14.-,Y56.0
1597,1,溶液,solution,T49.0,X44.-,X64.-,Y14.-,Y56.0
1598,0,碘奥酮(造影剂),Diodone,T50.8,X44.-,X64.-,Y14.-,Y57.5
1598,0,碘苯扎酸(诊断用药),Iobenzamic acid,T50.8,X44.-,X64.-,Y14.-,Y57.5
1598,0,碘苯酯(诊断用药),Iofendylate,T50.8,X44.-,X64.-,Y14.-,Y57.5
1598,0,碘吡多(诊断用药),Iopydol,T50.8,X44.-,X64.-,Y14.-,Y57.5
1598,0,碘吡啦啥(血管尿路造影剂),Iodopyracet,T50.8,X44.-,X64.-,Y14.-,Y57.6
1598,0,碘泊酸(诊断用药),Iopodic acid,T50.8,X44.-,X64.-,Y14.-,Y57.5
1598,0,碘泊酸钙(造影剂),"Ipodate, calcium",T50.8,X44.-,X64.-,Y14.-,Y57.5
1598,0,碘达胺(诊断用药),Iodamide,T50.8,X44.-,X64.-,Y14.-,Y57.5
1598,0,碘胆甾醇(131I)(诊断用药),Iodocholesterol (131I),T50.8,X44.-,X64.-,Y14.-,Y57.6
1598,0,碘二噻宁(抗蠕虫药),Dithiazanine iodide,T37.4,X44.-,X64.-,Y14.-,Y41.4
1598,0,碘番酸(胆囊造影药),Iopanoic acid,T50.8,X44.-,X64.-,Y14.-,Y57.5
1598,0,碘仿[三碘甲烷](消毒防腐剂),Iodoform,T49.0,X44.-,X64.-,Y14.-,Y56.0
1598,0,碘肥胺[胆影酸](造影剂),Iodipamide,T50.8,X44.-,X64.-,Y14.-,Y57.5
1598,0,碘芬布酸(诊断用药),Phenobutiodil,T50.8,X44.-,X64.-,Y14.-,Y57.5
1598,0,碘芬酸(诊断用药),Iophenoic acid,T50.8,X44.-,X64.-,Y14.-,Y57.5
1598,0,碘酚酞(钠)(造影药),Iodophthalein (sodium),T50.8,X44.-,X64.-,Y14.-,Y57.6
1598,0,碘佛醇(造影药),Ioversol,T50.8,X44.-,X64.-,Y14.-,Y57.6
1598,0,碘甘卡酸(诊断用药),Ioglycamic acid,T50.8,X44.-,X64.-,Y14.-,Y57.5
1598,0,碘苷(抗病毒药),Idoxuridine,T37.5,X44.-,X64.-,Y14.-,Y41.5
1598,0,碘海醇(诊断用药),Iohexol,T50.8,X44.-,X64.-,Y14.-,Y57.5
1598,0,碘化,Iodinated,,,,,
1598,1,对比剂,contrast medium,T50.8,X44.-,X64.-,Y14.-,Y57.5
1598,1,甘油,glycerol,T48.4,X44.-,X64.-,Y14.-,Y55.4
1598,1,人血清白蛋白(131I),human serum albumin,T50.8,X44.-,X64.-,Y14.-,Y57.6
1598,0,碘甲磺钠(诊断用药),Methiodal sodium,T50.8,X44.-,X64.-,Y14.-,Y57.5
1598,0,碘卡酸(诊断用药),Iocarmic acid,T50.8,X44.-,X64.-,Y14.-,Y57.5
1598,0,碘克沙酸(诊断用药),"Ioxaglate, Ioxaglic acid",T50.8,X44.-,X64.-,Y14.-,Y57.5
1598,0,碘马尿酸(诊断用药),Iodohippuric acid,T50.8,X44.-,X64.-,Y14.-,Y57.5
1598,0,碘帕醇(诊断用药),Iopamidol,T50.8,X44.-,X64.-,Y14.-,Y57.5
1598,0,碘普罗胺(诊断用药),Iopromide,T50.8,X44.-,X64.-,Y14.-,Y57.5
1598,0,碘羟拉酸(诊断用药),Ioxitalamic acid,T50.8,X44.-,X64.-,Y14.-,Y57.5
1598,0,碘曲仑[碘酞胺醇](诊断用药),"Iotrolan, Iotrol",T50.8,X44.-,X64.-,Y14.-,Y57.5
1598,0,碘曲西酸(诊断用药),Iotroxic acid,T50.8,X44.-,X64.-,Y14.-,Y57.5
1598,0,碘塞罗宁[三碘甲状腺氨酸],Liothyronine,T38.1,X44.-,X64.-,Y14.-,Y42.1
1598,0,碘沙酸(诊断用),Iodoxamic acid,T50.8,X44.-,X64.-,Y14.-,Y57.5
1598,0,碘他拉酸(诊断用药),Iotalamic acid,T50.8,X44.-,X64.-,Y14.-,Y57.5
1598,0,碘酞胺醇-现译名 碘曲仑,Iotrol,T50.8,X44.-,X64.-,Y14.-,Y57.5
1598,0,碘酞酸盐,Iothalamate,T50.8,X44.-,X64.-,Y14.-,Y57.5
1598,0,碘托葡甲胺(放射性诊断剂),Iotroxate,T50.8,X44.-,X64.-,Y14.-,Y57.5
1598,0,碘西他酸(诊断用药),Iocetamic acid,T50.8,X44.-,X64.-,Y14.-,Y57.5
1598,0,碘依可酯(拟胆碱药),Ecothiopate iodide,T49.5,X44.-,X64.-,Y14.-,Y56.5
1598,0,电池酸或液体,Battery acid or fluid,T54.2,X49.-,X69.-,Y19.-,
1598,0,电解质平衡药,Electrolyte balance drug,T50.3,X44.-,X64.-,Y14.-,Y54.6
1598,0,淀粉(药用辅料),Starch,T50.9,X44.-,X64.-,Y14.-,Y57.4
1598,0,淀粉酶(助消化药),"Diastase, Amylase",T47.5,X44.-,X64.-,Y14.-,Y57.4
1599,0,靛胭脂(诊断用药),Indigo carmine,T50.8,X44.-,X64.-,Y14.-,Y57.6
1599,0,蝶酰谷氨酸 - 现译名 叶酸,Pteroylglutamic acid,T45.8,X44.-,X64.-,Y14.-,Y44.1
1599,0,叠氮酸，叠氮化物,"Hydrazoic acid, azides",T54.2,X49.-,X69.-,Y19.-,
1599,0,叠氮西林 - 现译名 阿度西林,Azidocillin,T36.0,X44.-,X64.-,Y14.-,Y40.0
1599,0,叠氮胸腺嘧啶 - 现译名,Azidothymidine / AZT,T37.5,X44.-,X64.-,Y14.-,Y41.5
1599,0,丁氨苯丙酮 -现译名 安非他酮,Bupropion,T43.2,X41.-,X61.-,Y11.-,Y49.2
1599,0,丁胺卡那霉素-现译名,Amikacin,T36.5,X44.-,X64.-,Y14.-,Y40.5
1599,0,丁巴比妥(镇静催眠药),"Butobarbital, Butobarbitone",T42.3,X41.-,X61.-,Y11.-,Y47.0
1599,1,钠,sodium,T42.3,X41.-,X61.-,Y11.-,Y47.0
1599,0,丁苯那嗪(抗精神病药),Tetrabenazine,T43.5,X41.-,X61.-,Y11.-,Y49.5
1599,0,丁苯羟酸(抗炎镇痛药),Bufexamac,T39.3,X40.-,X60.-,Y10.-,Y45.3
1599,0,丁苄唑啉-现译名赛洛唑啉,Xylometazoline,T48.5,X44.-,X64.-,Y14.-,Y55.5
1599,0,丁丙二苯肼钙-现译名,Bumadizone,T39.3,X40.-,X60.-,Y10.-,Y45.3
1599,0,丁丙诺啡(镇痛药),Buprenorphine,T40.4,X42.-,X62.-,Y12.-,Y45.0
1599,0,丁醇,Butanol,T51.3,X45.-,X65.-,Y15.-,
1599,0,丁碘苄丁酸,Tyropanoate,T50.8,X44.-,X64.-,Y14.-,Y57.6
1599,0,丁碘桂酸(诊断用药),Bunamiodyl,T50.8,X44.-,X64.-,Y14.-,Y57.5
1599,0,丁二胍-现译名丁福明,Buformin,T38.3,X44.-,X64.-,Y14.-,Y42.3
1599,0,丁二酰胆碱-现译名琥珀胆碱,Succinylcholine,T48.1,X44.-,X64.-,Y14.-,Y55.1
1599,0,"丁二酰亚胺[琥珀酰亚胺], 镇癫痫药或抗惊厥药","Succinimide, antiepileptic or anticonvulsant",T42.2,X41.-,X61.-,Y11.-,Y46.0
1599,0,丁酚胺-现译名(硫酸)巴美生,Bamethan (sulfate),T46.7,X44.-,X64.-,Y14.-,Y52.7
1599,0,丁夫罗林(抗组胺药),Bufrolin,T48.6,X44.-,X64.-,Y14.-,Y55.6
1599,0,丁福明[丁二胍](降血糖药),Buformin,T38.3,X44.-,X64.-,Y14.-,Y42.3
1599,0,丁基,Butyl,,,,,
1599,1,氨苯(丁酯),aminobenzoate,T41.3,X44.-,X64.-,Y14.-,Y48.3
1599,1,丙酸(丁酯),propionate,T52.8,X46.-,X66.-,Y16.-,
1599,1,(丁)醇,alcohol,T51.3,X45.-,X65.-,Y15.-,
1599,1,醋酸(丁酯)(次级),acetate (secondary),T52.8,X46.-,X66.-,Y16.-,
1599,1,丁酸(丁酯),butyrate,T52.8,X46.-,X66.-,Y16.-,
1599,1,甲醇,carbinol,T51.3,X45.-,X65.-,Y15.-,
1599,1,甲酸(丁酯),formate,T52.8,X46.-,X66.-,Y16.-,
1599,1,卡必醇,carbitol,T52.3,X46.-,X66.-,Y16.-,
1599,1,硫巴比妥钠,thiobarbital sodium,T41.1,X44.-,X64.-,Y14.-,Y48.1
1599,1,溶纤剂,cellosolve,T52.3,X46.-,X66.-,Y16.-,
1599,1,乳酸(丁酯),lactate,T52.8,X46.-,X66.-,Y16.-,
1599,1,溴(丁)东莨菪碱,scopolamine bromide,T44.3,X43.-,X63.-,Y13.-,Y51.3
1599,0,丁卡因[潘妥卡因][地卡因],"Tetracaine, Amethocaine",T41.3,X44.-,X64.-,Y14.-,Y48.3
1599,1,区域(阻滞),regional,T41.3,X44.-,X64.-,Y14.-,Y48.3
1599,1,腰椎,spinal,T41.3,X44.-,X64.-,Y14.-,Y48.3
1599,0,丁咯地尔(血管扩张药),Buflomedil,T46.7,X44.-,X64.-,Y14.-,Y52.7
1599,0,丁氯柳胺(抗真菌药),Buclosamide,T49.0,X44.-,X64.-,Y14.-,Y56.0
1600,0,丁螺环酮[丁螺旋酮](安定药),Buspirone,T43.5,X41.-,X61.-,Y11.-,Y49.5
1600,0,丁咪胺-现译名布立马胺,Burimamide,T47.1,X44.-,X64.-,Y14.-,Y53.1
1600,0,丁萘夫汀(抗心律失常药),Bunaftine,T46.2,X44.-,X64.-,Y14.-,Y52.2
1600,0,丁羟茴醚(药用辅料),Butylated hydroxyanisole,T50.9,X44.-,X64.-,Y14.-,Y57.4
1600,0,丁醛肟威,Aldicarb,T60.0,X48.-,X68.-,Y18.-,
1600,0,丁肾素-现译名乙基去甲,Ethylnorepinephrine,T48.6,X44.-,X64.-,Y14.-,Y55.6
1600,0,丁四硝酯[赤鲜醇四硝酸酯],Erythrol tetranitrate,T46.3,X44.-,X64.-,Y14.-,Y52.3
1600,0,"丁酮,2-丁酮","Butanone, 2-butanone",T52.4,X46.-,X66.-,Y16.-,
1600,0,丁烷(装在移动罐车中运输的),Butane (distributed,T59.8,X47.-,X67.-,Y17.-,
1600,1,不完全燃烧的,incomplete combustion,T58,X47.-,X67.-,Y17.-,
1600,1,经管道输送的,distributed through pipes,T59.8,X47.-,X67.-,Y17.-,
1600,0,"酊,碘-见碘","Tincture, iodine-see Iodine",,,,,
1600,0,东莨菪碱(抗胆碱药),"Scopolamine,Hyoscine",T44.3,X43.-,X63.-,Y13.-,Y51.3
1600,0,东莨菪属浸膏,Scopolia extract,T44.3,X43.-,X63.-,Y13.-,Y51.3
1600,0,毒扁豆碱[依色林](拟胆碱药),"Physostigmine, Eserine",T49.5,X44.-,X64.-,Y14.-,Y56.5
1600,0,毒草胺,Propachlor,T60.3,X48.-,X68.-,Y18.-,
1600,0,毒毛花苷(G)[苦毒毛旋花子苷],Ouabain(e),T46.0,X44.-,X64.-,Y14.-,Y52.0
1600,0,毒毛旋花苷,"Strofantina, Strophantin",T46.0,X44.-,X64.-,Y14.-,Y52.0
1600,0,毒毛旋花苷(G)(K),Strophanthin(g)(k),T46.0,X44.-,X64.-,Y14.-,Y52.0
1600,0,毒毛旋花属,Strophanthus,T46.0,X44.-,X64.-,Y14.-,Y52.0
1600,0,毒芹碱,Coniine,T62.2,X49.-,X69.-,Y19.-,
1600,0,毒芹素,Cicutoxin,T62.2,X49.-,X69.-,Y19.-,
1600,0,毒杀芬(杀虫药),Chlorinated camphene,T53.6,X48.-,X68.-,Y18.-,
1600,0,毒死蜱[克洛皮洛福](杀虫药),Chloropyrifos,T60.0,X48.-,X68.-,Y18.-,
1600,0,毒素，白喉(锡克试验),"Toxin, diphtheria",T50.8,X44.-,X64.-,Y14.-,Y57.6
1600,0,毒物NEC,Poison NEC,T65.9,X49.-,X69.-,Y19.-,
1600,0,毒液(蜈蚣)(昆虫)(爬行动物),Venom (centipede),T63.9,,,,
1600,0,杜博酶- 现译名 短杆菌素,Tyrothricin,T49.6,X44.-,X64.-,Y14.-,Y56.6
1600,0,杜鹃花酸- 现译名 壬二酸,Azelaic acid,T49.0,X44.-,X64.-,Y14.-,Y56.0
1600,0,杜松焦油,Juniper tar,T49.1,X44.-,X64.-,Y14.-,Y56.1
1600,0,度冷丁-现译名哌替啶,"Isonipecaine, Meperidine",T40.4,X42.-,X62.-,Y12.-,Y45.0
1600,0,度硫平(抗抑郁药),"Dosulepin,Dothiepin",T43.0,X41.-,X61.-,Y11.-,Y49.0
1600,0,度米芬(消毒防腐剂),Domiphen (bromide),T49.0,X44.-,X64.-,Y14.-,Y56.0
1600,0,短杆菌素[杜博酶](抗生素),Tyrothricin,T49.6,X44.-,X64.-,Y14.-,Y56.6
1600,0,短杆菌肽,Gramicidin,T49.0,X44.-,X64.-,Y14.-,Y56.0
1600,0,短小棒状杆菌菌苗(免疫,Corynebacterium parvum,T45.1,X44.-,X64.-,Y14.-,Y43.3
1600,0,对氨苯酸二丁氨丙酯-现译名,Butacaine,T41.3,X44.-,X64.-,Y14.-,Y48.3
1600,0,对氨基苯甲酸(防晒药),Aminobenzoic acid (-p),T49.3,X44.-,X64.-,Y14.-,Y56.3
1601,0,对氨基水杨酸(抗结核药),Para-aminosalicylic Acid,T37.1,X44.-,X64.-,Y14.-,Y41.1
1601,0,对氨马尿酸 - 现译名 氨马尿酸,Aminohippuric acid,T50.8,X44.-,X64.-,Y14.-,Y57.6
1601,0,对比介质，放射照相术,Contrast medium,T50.8,X44.-,X64.-,Y14.-,Y57.5
1601,0,对草快 - 现译名 百草枯,Paraquat,T60.3,X48.-,X68.-,Y18.-,
1601,0,对称二氯乙醚,Sym-Dichloroethyl ether,T53.6,X46.-,X66.-,Y16.-,
1601,0,对硫磷[1605](农药),"Thiofos, Parathion",T60.0,X48.-,X68.-,Y18.-,
1601,0,对氯苯丁胺[氯苯丁胺],Chlorphentermine,T50.5,X44.-,X64.-,Y14.-,Y57.0
1601,0,对氯酚(含樟脑的)(消毒防腐剂),Parachlorophenol,T49.0,X44.-,X64.-,Y14.-,Y56.0
1601,0,对脲基苯胂酸 - 现译名卡巴胂,Carbarsone,T37.3,X44.-,X64.-,Y14.-,Y41.3
1601,0,对硝苯磷脂[对氧磷],Paraoxon,T60.0,X48.-,X68.-,Y18.-,
1601,0,对溴磷-现译名溴苯磷,Leptophos,T60.0,X48.-,X68.-,Y18.-,
1601,0,对氧磷 - 现译名 对硝苯磷酯,Paraoxon,T60.0,X48.-,X68.-,Y18.-,
1601,0,对乙酰氨基酚[扑热息痛],P-Acetamidophenol,T39.1,X40.-,X60.-,Y10.-,Y45.5
1601,0,多巴二羟苯基丙氨酸,Dopa,T42.8,X41.-,X61.-,Y11.-,Y46.7
1601,0,多巴胺(升压药),Dopamine,T44.9,X43.-,X63.-,Y13.-,Y51.9
1601,0,多巴胺异酯 - 现译名 异波帕胺,Ibopamine,T44.9,X43.-,X63.-,Y13.-,Y51.9
1601,0,多巴酚丁胺(抗休克药),Dobutamine,T44.5,X43.-,X63.-,Y13.-,Y51.5
1601,0,多地辛(消毒防腐剂),Dodicin,T49.0,X44.-,X64.-,Y14.-,Y56.0
1601,0,多法氯铵(消毒防腐剂),Dofamium chloride,T49.0,X44.-,X64.-,Y14.-,Y56.0
1601,0,多聚甲醛(口腔科用药),Paraformaldehyde,T60.3,X48.-,X68.-,Y18.-,
1601,0,多库酯钠(导泻药),Docusate sodium,T47.4,X44.-,X64.-,Y14.-,Y53.4
1601,0,多氯联苯,"PCB, Polychlorinated",T65.8,X49.-,X69.-,Y19.-,
1601,0,多米奥醇(粘液溶解药),Domiodol,T48.4,X44.-,X64.-,Y14.-,Y55.4
1601,0,多粘菌素,Polymyxin,T36.8,X44.-,X64.-,Y14.-,Y40.8
1601,1,多粘菌素B,B,T36.8,X44.-,X64.-,Y14.-,Y40.8
1601,1,E硫酸盐(眼制剂),E sulfate (eye preparation),T49.5,X44.-,X64.-,Y14.-,Y56.5
1601,0,多粘菌素E甲磺酸钠,Colistimethate,T36.8,X44.-,X64.-,Y14.-,Y40.8
1601,0,多潘立酮(镇吐药),Domperidone,T45.0,X44.-,X64.-,Y14.-,Y43.0
1601,0,多柔比星(抗肿瘤抗生素),Doxorubicin,T45.1,X44.-,X64.-,Y14.-,Y43.3
1601,0,多塞平(抗抑郁药),Doxepin,T43.0,X41.-,X61.-,Y11.-,Y49.0
1601,0,多沙普仑(中枢兴奋药),Doxapram,T50.7,X44.-,X64.-,Y14.-,Y50.0
1601,0,多沙唑嗪(抗高血压药),Doxazosin,T44.6,X43.-,X63.-,Y13.-,Y51.6
1601,0,多睡丹 - 现译名 格鲁米特,Glutethimide,T42.6,X41.-,X61.-,Y11.-,Y47.8
1601,0,多西环素[强力霉素],Doxycycline,T36.4,X44.-,X64.-,Y14.-,Y40.4
1601,0,多西拉敏[抗敏安](抗组胺药),Doxylamine,T45.0,X44.-,X64.-,Y14.-,Y43.0
1601,0,多溴联苯（PBB）,PBB (polybrominated biphenyls),T65.8,X49.-,X69.-,Y19.-,
1601,0,多元酯烟雾,Polyester fumes,T59.8,X47.-,X67.-,Y17.-,
1602,0,二氨二苯砜- 现译名 氨苯砜,Diaminodiphenylsulfone,T37.1,X44.-,X64.-,Y14.-,Y41.1
1602,0,二苯胺(杀虫药),Diphenylamine,T65.3,X49.-,X69.-,Y19.-,
1602,0,二乙甲苯酰胺,Diethyltoluamide,T49.0,X44.-,X64.-,Y14.-,Y56.0
1602,0,二苯甲酮类[苯酮类],Benzophenones,T49.3,X44.-,X64.-,Y14.-,Y56.3
1602,0,二苯甲烷染料,Diphenylmethane dye,T52.1,X46.-,X66.-,Y16.-,
1602,0,二苯甲氧哌啶-现译名,Diphenylpyraline,T45.0,X44.-,X64.-,Y14.-,Y43.0
1602,0,二苯拉林[二苯甲氧哌啶] (抗组胺药),Diphenylpyraline,T45.0,X44.-,X64.-,Y14.-,Y43.0
1602,0,二苯氯胂，非战争中,Diphenylchloroarsine,T57.0,X49.-,X69.-,Y19.-,
1602,0,二苯马尼(抗胆碱药),Diphemanil,T44.3,X43.-,X63.-,Y13.-,Y51.3
1602,1,甲硫酸盐,metilsulfate,T44.3,X43.-,X63.-,Y13.-,Y51.3
1602,0,二苯美仑(脑功能改善药),Bifemelane,T43.2,X41.-,X61.-,Y11.-,Y49.2
1602,0,二苯哌己酮-现译名地匹哌酮,Dipipanone,T40.4,X42.-,X62.-,Y12.-,Y45.0
1602,0,二苯西平(抗抑郁药),Dibenzepin,T43.0,X41.-,X61.-,Y11.-,Y49.0
1602,0,二苯乙丙酰脲 - 现译名 苯妥英,"Diphenylhydantoin, Phenytoin",T42.0,X41.-,X61.-,Y11.-,
1602,0,二苯乙酸莨菪酯- 现译名,Tropacine,T44.3,X43.-,X63.-,Y13.-,Y51.3
1602,0,二苯茚酮[双苯茚酮](抗凝药),"Diphenadione, Diphacinone",T45.5,X44.-,X64.-,Y14.-,Y44.2
1602,1,灭鼠剂,rodenticide,T60.4,X48.-,X68.-,Y18.-,
1602,0,二醋吗啡[二乙酰吗啡],Diamorphine,T40.1,X42.-,X62.-,Y12.-,Y45.0
1602,0,二氮嗪[氯甲苯噻嗪](降压药),Diazoxide,T46.5,X44.-,X64.-,Y14.-,Y52.5
1602,0,二碘羟基喹啉 - 现译名 双碘喹啉,Diiodohydroxyquinoline,T37.8,X44.-,X64.-,Y14.-,Y41.8
1602,0,二氟甲基多巴,Difluoromethyldopa,T42.8,X41.-,X61.-,Y11.-,Y46.7
1602,0,二氟可龙[二氟米松],Diflucortolone,T49.0,X44.-,X64.-,Y14.-,Y56.0
1602,0,二氟米松 - 现译名 二氟可龙,Diflucortolone,T49.0,X44.-,X64.-,Y14.-,Y56.0
1602,0,二氟拉松[双氟拉松],Diflorasone,T49.0,X44.-,X64.-,Y14.-,Y56.0
1602,0,二氟尼柳[双氟尼酸](抗炎镇痛药),Diflunisal,T39.0,X40.-,X60.-,Y10.-,Y45.1
1602,0,二环已丙醇- 现译名 比哌立登,Biperiden,T44.3,X43.-,X63.-,Y13.-,Y51.3
1602,0,二黄原酸(灭疥癣药),Dixanthogen,T49.0,X44.-,X64.-,Y14.-,Y56.0
1602,0,二磺法胺[氯甲苯二磺胺](利尿剂),Disulfamide,T50.2,X44.-,X64.-,Y14.-,Y54.3
1602,0,二甲-4-羟色胺,Psilocin,T40.9,X42.-,X62.-,Y12.-,Y49.6
1602,0,二甲(基),Dimethyl,,,,,
1602,1,(异丙)醇,carbinol,T51.2,X45.-,X65.-,Y15.-,
1602,1,硫酸(二甲酯)(烟雾),sulfate (fumes),T59.8,X47.-,X67.-,Y17.-,
1602,2,液体,liquid,T65.8,X49.-,X69.-,Y19.-,
1602,1,胂酸,"arsine, arsinic acid",T57.0,X48.-,X68.-,Y18.-,
1602,1,肽酸(二甲酯),phthalate,T49.3,X44.-,X64.-,Y18.-,Y56.3
1603,1,碳酸(二甲酯),carbonate,T52.8,X46.-,X66.-,Y16.-,
1603,1,酮,ketone,T52.4,X46.-,X66.-,Y16.-,
1603,2,蒸气,vapor,T52.4,X46.-,X66.-,Y16.-,
1603,1,亚砜(非药用的),sulfoxide (nonmedicinal),T52.8,X46.-,X66.-,Y16.-,
1603,2,药用的,medicinal,T49.4,X44.-,X64.-,Y14.-,Y56.4
1603,0,二甲苯(蒸气),"Xylene, Xylol (vapor)",T52.2,X46.-,X66.-,Y16.-,
1603,0,二甲苄胍 -现译名倍他尼定,"Betanidine,Bethanidine",T46.5,X44.-,X64.-,Y14.-,Y52.5
1603,0,二甲啡烷(镇咳药),Dimemorfan,T48.3,X44.-,X64.-,Y14.-,Y55.3
1603,0,二甲弗林[回苏灵],Dimefline,T50.7,X44.-,X64.-,Y14.-,Y50.0
1603,0,二甲硅油[二甲聚硅氧烷],"Dimeticone, Polysilane",T47.1,X44.-,X64.-,Y14.-,Y53.1
1603,0,二甲磺酸丁酯-现译名白消安,"Busulfan, busulphan",T45.1,X44.-,X64.-,Y14.-,Y43.3
1603,0,二甲基甲酰胺,Dimethylformamide,T52.8,X46.-,X66.-,Y16.-,
1603,0,二甲聚硅氧烷-现译名,Dimethicone,T47.1,X44.-,X64.-,Y14.-,Y53.1
1603,0,二甲硅油,Dimethicone,T47.1,X44.-,X64.-,Y14.-,Y53.1
1603,0,二甲卡因(局部麻醉药),Dimethocaine,T41.3,X44.-,X64.-,Y14.-,Y48.3
1603,0,二甲胂基-现译名卡可基,"Cacodyl, cacodylic acid",T57.0,X48.-,X68.-,Y18.-,
1603,0,二甲双胍[甲福明](降血糖药),Metformin,T38.3,X44.-,X64.-,Y14.-,Y42.3
1603,0,二甲替嗪(抗组织胺药),Dimetotiazine,T43.3,X41.-,X61.-,Y11.-,Y49.3
1603,0,"二甲亚砜 - 见 二甲基, 亚砜","DMSO-see Dimethyl, sulfoxide",,,,,
1603,0,二甲异喹[奎尼卡因][喹坦],"Dimethisoquin, Quinisocaine",T49.1,X44.-,X64.-,Y14.-,Y56.1
1603,0,二甲节定(抗组胺药),"Dimethindene,Dimetindene",T45.0,X44.-,X64.-,Y14.-,Y43.0
1603,0,二肼苯哒嗪-现译名双肼屈嗪,Dihydralazine,T46.5,X44.-,X64.-,Y14.-,Y52.5
1603,0,二硫代氨基甲酸盐,Dithiocarbamate,T60.0,X48.-,X68.-,Y18.-,
1603,0,二硫四甲秋兰姆[福双美]NEC,"TMTD, Tetramethylthiuram",T60.3,X48.-,X68.-,Y18.-,
1603,1,药用,medicinal,T49.0,X44.-,X64.-,Y14.-,Y56.0
1603,0,二氯苯,Dichlorobenzene,T53.7,X46.-,X66.-,Y16.-,
1603,0,二氯苄醇(消毒防腐剂),Dichlorobenzyl alcohol,T49.6,X44.-,X64.-,Y14.-,Y56.6
1603,0,二氯丙醇,"Dichlorhydrin, dichloro-",T52.8,X46.-,X66.-,Y16.-,
1603,0,二氯丙酸,Dichloropropionic acid,T60.3,X48.-,X68.-,Y18.-,
1603,0,二氯丙烯(杀线虫药),Dichloropropene,T60.3,X48.-,X68.-,Y18.-,
1603,0,二氯二苯二氯乙烯(杀虫药),DDE (bis(chlorophenyl),T60.2,X48.-,X68.-,Y18.-,
1603,0,二氯二苯三氯乙烷(粉尘),DDT (dust),T60.1,X48.-,X68.-,Y18.-,
1603,0,二氯二氟甲烷[氟利昂12],Dichlorodifluoromethane,T53.5,X46.-,X66.-,Y16.-,
1603,0,二氯二乙硫醚 - 现译名 芥子气,Dichloroethyl sulfide,T59.8,X47.-,X67.-,Y17.-,
1603,0,二氯芬 - 现译名 双氯酚,Dichlorophen,T37.4,X44.-,X64.-,Y14.-,Y41.4
1603,0,二氯甲醛肟，非战争中,Dichloroformoxine,T65.8,X49.-,X69.-,Y19.-,
1603,0,二氯甲烷,Dichloromethane,T53.4,X46.-,X66.-,Y16.-,
1603,1,蒸气,vapor,T53.4,X46.-,X66.-,Y16.-,
1604,0,二氯甲氧苯酸-现译名麦草畏,Dicamba,T60.3,X48.-,X68.-,Y18.-,
1604,0,二氯萘醌(农用杀真菌药),Dichlone,T60.3,X48.-,X68.-,Y18.-,
1604,0,二氯尼特[二氯散](抗阿米巴药),Diloxanide,T37.3,X44.-,X64.-,Y14.-,Y41.3
1604,0,二氯尼辛(抗炎镇痛药),Diclonixine,T39.8,X40.-,X60.-,Y10.-,Y45.8
1604,0,二氯羟基喹啉,Dichlorhydroxyquinoline,T37.8,X44.-,X64.-,Y14.-,Y41.8
1604,0,二氯羟喹(抗皮脂溢药),Chloroxine,T49.4,X44.-,X64.-,Y14.-,Y56.4
1604,0,二氯散-现译名 二氯尼特,Diloxanide,T37.3,X44.-,X64.-,Y14.-,Y41.3
1604,0,二氯乙烷,Dichloroethane,T52.8,X46.-,X66.-,Y16.-,
1604,0,二氯乙烯,Dichloroethylene,T53.6,X46.-,X66.-,Y16.-,
1604,0,二茂镍,Nickelocene,T56.8,X49.-,X69.-,Y19.-,
1604,0,二硼烷(气体),Diborane (gas),T59.8,X47.-,X67.-,Y17.-,
1604,0,二羟苯基丙氨酸-现译名多巴,Dopa,T42.8,X41.-,X61.-,Y11.-,Y46.7
1604,0,二羟丙茶碱(支气管扩张药),Dihydroxypropyl theophyllin,T48.6,X44.-,X64.-,Y14.-,Y55.6
1604,0,二羟基蒽酚- 现译名 地蒽酚,"Dithranol, Anthralin",T49.4,X44.-,X64.-,Y14.-,Y56.4
1604,0,二羟基蒽醌[茜素](缓泻药),Dianthone,T47.2,X44.-,X64.-,Y14.-,Y53.2
1604,0,二羟化铝碳酸钠(制酸药),Dihydroxyaluminum,T47.1,X44.-,X64.-,Y14.-,Y53.1
1604,0,二嗪磷[敌匹硫磷](杀虫药),Diazinon,T60.0,X48.-,X68.-,Y18.-,
1604,0,二氢奎尼丁[氢化奎尼丁],Hydroquinidine,T46.2,X44.-,X64.-,Y14.-,Y52.2
1604,0,二氢链霉素-现译名,Dihydrostreptomycin,T36.5,X44.-,X64.-,Y14.-,Y40.5
1604,0,二氢麦角毒,Dihydroergotoxine,T46.7,X44.-,X64.-,Y14.-,Y52.7
1604,1,甲磺酸,mesilate,T46.7,X44.-,X64.-,Y14.-,Y52.7
1604,0,二氢麦角科尔宁 - 现译名,Dihydroergocornine,T46.7,X44.-,X64.-,Y14.-,Y52.7
1604,0,二氢羟基可待酮-现译名,Dihydrohydroxycodeinone,T40.2,X42.-,X62.-,Y12.-,Y45.0
1604,0,二巯丙醇(英国抗路易士药剂),"BAL, Dimercaprol",T45.8,X44.-,X64.-,Y14.-,Y43.8
1604,0,二噻磷 - 现译名 地胺磷,Mephosfolan,T60.0,X48.-,X68.-,Y18.-,
1604,0,二烷基碳酸盐,Dialkyl carbonate,T52.9,X46.-,X66.-,Y16.-,
1604,0,二噁烷,Dioxane,T52.8,X46.-,X66.-,Y16.-,
1604,0,二噁英,Dioxin,T53.7,X46.-,X66.-,Y16.-,
1604,0,二烯丙巴比妥-现译名 巴比妥,Barbital,T42.3,X41.-,X61.-,Y11.-,Y47.0
1604,0,二硝化纤维素 - 现译名 火棉,Pyroxylin,T49.3,X44.-,X64.-,Y14.-,Y56.3
1604,0,二硝环己酚(灭螺药),Dinitrocyclohexylphenol,T65.3,X46.-,X66.-,Y16.-,
1604,0,二硝基苯,"Binitrobenzol, Dinitrobenzol",T65.3,X46.-,X66.-,Y16.-,
1604,1,蒸气,vapor,T59.8,X47.-,X67.-,Y17.-,
1604,0,二硝基苯酚,Dinitrophenol,T65.3,X46.-,X66.-,Y16.-,
1604,0,二硝基丁酚,Dinitrobutylphenol,T65.3,X46.-,X66.-,Y16.-,
1604,0,二硝基丁基苯酚,DNBP,T60.3,X48.-,X68.-,Y18.-,
1604,0,二硝基邻甲酚(杀虫药)(喷雾),Dinitro(-ortho-)cresol,T65.3,X46.-,X66.-,Y16.-,
1605,0,二硝基氯苯,Chlorodinitrobenzene,T53.7,X46.-,X66.-,Y16.-,
1605,1,粉尘或蒸气,dust or vapor,T53.7,X47.-,X67.-,Y17.-,
1605,0,二硝酸异山梨醇酯 - 现译名,Isosorbide dinitrate,T46.3,X44.-,X64.-,Y14.-,Y52.3
1605,0,二性霉素B-现译名 两性霉素B,Amphotericin B,T36.7,X44.-,X64.-,Y14.-,Y40.7
1605,0,二溴甘露醇(抗肿瘤药),Mitobronitol,T45.1,X44.-,X64.-,Y14.-,Y43.3
1605,0,二溴磷(杀虫药),Naled,T60.0,X48.-,X68.-,Y18.-,
1605,0,二溴氯丙烷,Dibromochloropropane,T60.8,X48.-,X68.-,Y18.-,
1605,0,二溴卫矛醇(抗肿瘤药),"Dibromodulcitol, Mitolactol",T45.1,X44.-,X64.-,Y14.-,Y43.3
1605,0,二溴乙烷,Dibromoethane,T53.6,X46.-,X66.-,Y16.-,
1605,0,二氧丙嗪(抗组胺药),Dioxopromethazine,T43.3,X41.-,X61.-,Y11.-,Y49.3
1605,0,二氧化针混悬液,Thorium dioxide suspension,T50.8,X44.-,X64.-,Y14.-,Y57.5
1605,0,二氧林(冠状血管及外周血管,Dioxyline,T46.3,X44.-,X64.-,Y14.-,Y52.3
1605,0,二乙(基),Diethyl,,,,,
1605,1,苯甲酰胺(非药用的),toluamide (nonmedicinal),T60.8,X48.-,X68.-,Y18.-,
1605,2,药用的,medicinal,T49.8,X44.-,X64.-,Y14.-,Y56.8
1605,1,甲醇,carbinol,T51.3,X45.-,X65.-,Y15.-,
1605,1,碳酸(二乙酯),carbonate,T52.8,X46.-,X66.-,Y16.-,
1605,1,氧化物,oxide,T52.8,X46.-,X66.-,Y16.-,
1605,1,乙醚(蒸气)(另见乙醚),ether (vapor),T59.8,X47.-,X67.-,Y17.-,
1605,0,二乙氨乙茶碱,Etamiphyllin,T48.6,X44.-,X64.-,Y14.-,Y55.6
1605,0,二乙氨乙葡聚糖(降血脂药),Detaxtran,T46.6,X44.-,X64.-,Y14.-,Y52.6
1605,0,二乙胺苯丙酮-现译名 安非拉酮,Amfepramone,T50.5,X44.-,X64.-,Y14.-,Y57.0
1605,0,二乙吡啶二酮 - 现译名,Pyrithyldione,T42.6,X41.-,X61.-,Y11.-,Y47.8
1605,0,二乙基己基邻苯二甲酸,Diethylhexylphthalate,T65.8,X49.-,X69.-,Y19.-,
1605,0,二乙嗪[地撒嗪](抗震颤麻痹药),Diethazine,T42.8,X41.-,X61.-,Y11.-,Y46.7
1605,0,二乙碳酰嗪-现译名乙胺嗪,Diethylcarbamazine,T37.4,X44.-,X64.-,Y14.-,Y41.4
1605,0,二乙烯,Diethylene,,,,,
1605,1,二氧化物[二噁烷],dioxide,T52.8,X46.-,X66.-,Y16.-,
1605,1,乙二醇[二甘醇](单乙酸盐),glycol (monoacetate),T52.8,X46.-,X66.-,Y16.-,
1605,0,(单丁基乙醚),(monoethyl ether),,,,,
1605,0,(单乙基乙醚),"Diamorphine, Diacetylmorphine",T40.1,X42.-,X62.-,Y12.-,
1605,0,二乙酰吗啡 - 现译名 二醋吗啡,Diamorphine,T40.1,X42.-,X62.-,Y12.-,Y45.0
1605,0,二乙溴乙酰脲-现译名卡溴脲,Carbromal,T42.6,X41.-,X61.-,Y11.-,Y47.4
1605,0,二异丙胺(抗心绞痛药，,Diisopropylamine,T46.3,X44.-,X64.-,Y14.-,Y52.3
1605,0,二异氰酸甲苯酯(蒸气),TDI (vapor),T65.0,X49.-,X69.-,Y19.-,
1605,0,饿酸(液体),Osmic acid (liquid),T54.2,X49.-,X69.-,Y19.-,
1605,1,气体,fumes,T54.2,X47.-,X67.-,Y17.-,
1605,0,鹅胆酸,Chenodeoxycholic acid,T47.5,X44.-,X64.-,Y14.-,Y53.5
1605,0,鹅膏毒环肽,Amanitine,T62.0,X49.-,X69.-,Y19.-,
1605,0,鹅去氧胆酸(胆石溶解药),Chenodiol,T47.5,X44.-,X64.-,Y14.-,Y53.5
1605,0,噁唑烷二酮,Oxazolidinedione,T42.2,X41.-,X61.-,Y11.-,Y46.1
1606,0,恩吡哌唑(安定药),Enpiprazole,T43.5,X41.-,X61.-,Y11.-,Y49.5
1606,0,恩丙茶碱(平喘药),Enprofylline,T48.6,X44.-,X64.-,Y14.-,Y55.6
1606,0,恩波环氯胍(抗疟药),Cycloguanil embonate,T37.2,X44.-,X64.-,Y14.-,Y41.2
1606,0,恩布拉敏[溴甲苯海拉明],Embramine,T45.0,X44.-,X64.-,Y14.-,Y43.0
1606,0,恩丹西酮 - 现译名 昂丹司琼,Ondansetron,T45.0,X44.-,X64.-,Y14.-,Y43.0
1606,0,恩氟烷[安氟醚](麻醉药),Enflurane,T41.0,X44.-,X64.-,Y14.-,Y48.0
1606,0,恩卡尼(抗心律失常药),Encainide,T46.2,X44.-,X64.-,Y14.-,Y52.2
1606,0,恩前列素,Enprostil,T47.1,X44.-,X64.-,Y14.-,Y53.1
1606,0,恩屈嗪(心血管药),Endralazine,T46.5,X44.-,X64.-,Y14.-,Y52.5
1606,0,恩维霉素(抗生素),Enviomycin,T36.8,X44.-,X64.-,Y14.-,Y40.8
1606,0,蒽林 - 现译名 地蒽酚,"Anthralin, Dithranol",T49.4,X44.-,X64.-,Y14.-,Y56.4
1606,0,耳鼻喉科用药NEC,Otorhinolaryngological drug,T49.6,X44.-,X64.-,Y14.-,Y56.6
1606,0,耳药NEC,Ear drug NEC,T49.6,X44.-,X64.-,Y14.-,Y56.6
1607,0,发赤药,Rubefacient,T49.4,X44.-,X64.-,Y14.-,Y56.4
1607,0,发果(杀虫药),Prothoate,T60.0,X48.-,X68.-,Y18.-,
1607,0,发生炉气体,Producer of gas,T58,X47.-,X67.-,Y17.-,
1607,0,法莫替丁(组胺H₂受体阻滞药),Famotidine,T47.0,X44.-,X64.-,Y14.-,Y53.0
1607,0,法扎溴铵(肌肉松弛药),Fazadinium bromide,T48.1,X44.-,X64.-,Y14.-,Y55.1
1607,0,番木瓜酶 - 现译名 木瓜酶,Papain,T47.5,X44.-,X64.-,Y14.-,Y53.5
1607,0,番泻叶(中药),Senna,T47.2,X44.-,X64.-,Y14.-,Y53.2
1607,0,番泻苷A+B,Sennoside A+B,T47.2,X44.-,X64.-,Y14.-,Y53.2
1607,0,凡士林油[矿脂],Petrolatum,T49.3,X44.-,X64.-,Y14.-,Y56.3
1607,1,白色,white,T49.3,X44.-,X64.-,Y14.-,Y56.3
1607,1,非药用,nonmedicinal,T52.0,X46.-,X66.-,Y16.-,
1607,1,兽医学用的红色,red veterinary,T49.3,X44.-,X64.-,Y14.-,Y56.3
1607,0,钒,Vanadium,T56.8,X49.-,X69.-,Y19.-,
1607,0,钒铁合金(烟雾),Ferrovanadium (fumes),T59.8,X47.-,X67.-,Y17.-,
1607,0,反苯环丙胺(抗抑郁药),Tranylcypromine,T43.1,X41.-,X61.-,Y11.-,Y49.1
1607,0,反丁烯二酸[富马酸],Fumaric Acid,T49.4,X44.-,X64.-,Y14.-,Y56.4
1607,0,泛醇(维生素类),Panthenol,T45.2,X44.-,X64.-,Y14.-,Y57.7
1607,0,泛喹酮(抗阿米巴药),"Phanquinone, Phanquone",T37.3,X44.-,X64.-,Y14.-,Y41.3
1607,0,泛配子酸 - 现译名泮加酸,Pangamic acid,T45.2,X44.-,X64.-,Y14.-,Y57.7
1607,0,泛酸,Pantothenic acid,T45.2,X44.-,X64.-,Y14.-,Y57.7
1607,0,泛影葡胺,Meglumine diatrizoate,T50.8,X44.-,X64.-,Y14.-,Y57.5
1607,0,泛影酸,"Amidotrizoate, Diatrizoate",T50.8,X44.-,X64.-,Y14.-,Y57.5
1607,0,防冻剂,Antifreeze,T65.9,X49.-,X69.-,Y19.-,
1607,1,乙二醇,ethylene glycol,T51.8,X45.-,X65.-,Y15.-,
1607,0,防腐剂(非药用),Preservative (nonmedicinal),T65.8,X49.-,X69.-,Y19.-,
1607,1,木材,wood,T60.9,X48.-,X68.-,Y18.-,
1607,1,药用,medicinal,T50.9,X44.-,X64.-,Y14.-,Y57.4
1607,0,防晒液,Solar lotion,T49.3,X44.-,X64.-,Y14.-,Y56.3
1607,0,防脱落剂(防结痂),Desloughing agent,T49.4,X44.-,X64.-,Y14.-,Y56.4
1607,0,纺锤体灭活剂,Spindle inactivator,T50.4,X44.-,X64.-,Y14.-,Y54.8
1607,0,放射性制剂NEC,Radioactive drugNEC,T50.8,X44.-,X64.-,Y14.-,Y57.6
1607,0,放线菌素C,Actinomycin C,T45.1,X44.-,X64.-,Y14.-,Y43.3
1607,0,放线菌素D[更生霉素],Actinomycin D,T45.1,X44.-,X64.-,Y14.-,Y43.3
1607,0,放线菌酮[环己酰亚胺],Cycloheximide,T60.3,X48.-,X68.-,Y18.-,
1607,0,非巴氨酯(镇癫痈-镇静催眠药),Febarbamate,T42.3,X41.-,X61.-,Y11.-,Y47.0
1607,0,非类固醇性抗炎药NEC,NSAID NEC,T39.3,X40.-,X60.-,Y10.-,Y45.3
1607,0,非洛地平(降压药),Felodipine,T46.1,X44.-,X64.-,Y14.-,Y52.1
1607,0,非莫西汀(抗抑郁药),Femoxetine,T43.2,X41.-,X61.-,Y11.-,Y49.2
1607,0,非那吡啶(尿路抗菌药),Phenazopyridine,T39.8,X40.-,X60.-,Y10.-,Y45.9
1607,0,非那二醇(安定药),Phenaglycodol,T43.5,X41.-,X61.-,Y11.-,Y49.5
1607,0,非那卡因(局部麻醉药),Phenacaine,T41.3,X44.-,X64.-,Y14.-,Y48.3
1607,0,非那可明(冠脉扩张药),Fenalcomine,T46.3,X44.-,X64.-,Y14.-,Y52.3
1607,0,非那米柳(护结核药),Fenamisal,T37.1,X44.-,X64.-,Y14.-,Y41.1
1608,0,非那西丁[乙酰对氨苯乙醚]（解热镇痛药）,"Phenacetin, Acetophenetedin",T39.1,X40.-,X60.-,Y10.-,Y45.5
1608,0,非那宗 - 现译名 安替比林,"Phenazone, Fenazone",T39.2,X40.-,X60.-,Y10.-,Y45.8
1608,0,非那佐辛(镇痛药),Phenazocine,T40.4,X42.-,X62.-,Y12.-,Y45.0
1608,0,非奈西林[苯氧乙基青霉素],"Pheneticillin, Phenthicillin",T36.0,X44.-,X64.-,Y14.-,Y40.0
1608,0,非脑乐-现译名氯美扎酮,Chlormezanone,T42.6,X41.-,X61.-,Y11.-,Y47.8
1608,0,非尼拉敏(抗组胺药),Pheniramine,T45.0,X44.-,X64.-,Y14.-,Y43.0
1608,0,非诺贝特(降血脂药),Fenofibrate,T46.6,X44.-,X64.-,Y14.-,Y52.6
1608,0,非诺吡酮(消炎药),Phenopyrazone,T46.9,X44.-,X64.-,Y14.-,Y52.9
1608,0,非诺洛芬(抗炎镇痛药),Fenoprofen,T39.3,X40.-,X60.-,Y10.-,Y45.2
1608,0,非诺特罗(支气管扩张药),Fenoterol,T48.6,X44.-,X64.-,Y14.-,Y55.6
1608,0,非诺维林(解痉药),Fenoverine,T44.3,X43.-,X63.-,Y13.-,Y51.3
1608,0,非诺唑啉(血管收缩药),Fenoxazoline,T48.5,X44.-,X64.-,Y14.-,Y55.5
1608,0,非普拉宗(消炎药),Feprazone,T39.2,X40.-,X60.-,Y10.-,Y45.8
1608,0,非屈酯(镇咳药),Fedrilate,T48.3,X44.-,X64.-,Y14.-,Y55.3
1608,0,非托西酯(止血药),Fetoxilate,T47.6,X44.-,X64.-,Y14.-,Y53.6
1608,0,肥料NEC,Fertilizers NEC,T65.8,X49.-,X69.-,Y19.-,
1608,0,肥皂(粉剂)(产品),Soap (powder) (product),T55,X49.-,X69.-,Y19.-,
1608,1,多脂的,superfatted,T49.2,X44.-,X64.-,Y14.-,Y56.2
1608,1,灌肠剂,enema,T47.4,X44.-,X64.-,Y14.-,Y53.4
1608,0,肥皂[药用软皂],Soft soap,T55,X44.-,X64.-,Y14.-,Y53.4
1608,0,肺刺激性毒剂(气体)NEC,Lung irritant (gas) NEC,T59.8,X47.-,X67.-,Y17.-,
1608,0,废气,Exhaust gas,T58,X47.-,X67.-,Y17.-,
1608,0,芬苯达唑(抗蠕虫药),Fenbendazole,T37.4,X44.-,X64.-,Y14.-,Y41.4
1608,0,芬布芬(消炎药),Fenbufen,T39.3,X40.-,X60.-,Y10.-,Y45.2
1608,0,芬布酯(食欲抑制药),"Fenbutrazate, Phenbutrazate",T50.5,X44.-,X64.-,Y14.-,Y57.0
1608,0,芬地林(冠脉扩张药),Fendiline,T46.1,X44.-,X64.-,Y14.-,Y52.1
1608,0,芬氟拉明(食欲抑制药),Fenfluramine,T50.5,X44.-,X64.-,Y14.-,Y57.0
1608,0,芬氟咪唑(抗炎镇痛药),Fenflumizole,T39.3,X40.-,X60.-,Y10.-,Y45.3
1608,0,芬格鲁胺(抗胆碱药),Phenglutarimide,T44.3,X43.-,X63.-,Y13.-,Y51.3
1608,0,芬甲吗啉(食欲抑制药),Oxazimedrine,T50.5,X44.-,X64.-,Y14.-,Y57.0
1608,0,芬喹唑(利尿剂),Fenquizone,T50.2,X44.-,X64.-,Y14.-,Y54.5
1608,0,芬氯酸(抗炎镇痛药),Fenclofenac,T39.3,X40.-,X60.-,Y10.-,Y45.3
1608,0,芬美曲秦(食欲抑制药),Phenmetrazine,T50.5,X44.-,X64.-,Y14.-,Y57.0
1608,0,芬那露-现译名氯美扎酮,Chlormezanone,T42.6,X41.-,X61.-,Y11.-,Y47.8
1608,0,芬普雷司(食欲抑制药),Fenproporex,T50.5,X44.-,X64.-,Y14.-,Y57.0
1608,0,芬太尼(镇痛药),Fentanyl,T40.4,X42.-,X62.-,Y12.-,Y45.0
1608,0,芬特明(食欲抑制药),Phentermine,T50.5,X44.-,X64.-,Y14.-,Y57.0
1608,0,芬替克洛(抗真菌药),Fenticlor,T49.0,X44.-,X64.-,Y14.-,Y56.0
1608,0,芬替酸(抗炎镇痛药),Fentiazac,T39.3,X40.-,X60.-,Y10.-,Y45.3
1608,0,芬妥胺-现译名酚妥拉明,Phentolamine,T46.7,X44.-,X64.-,Y14.-,Y52.7
1608,0,芬乙茶碱(精神兴奋药),Fenetylline,T43.6,X41.-,X61.-,Y11.-,Y49.7
1608,0,吩噻嗪(影响精神的)NEC,Phenothiazine,T43.3,X41.-,X61.-,Y11.-,Y49.3
1608,1,杀虫药,insecticide,T60.2,X48.-,X68.-,Y18.-,
1609,0,酚 - 现译名 苯酚,Phenol,T49.0,X44.-,X64.-,Y14.-,Y56.0
1609,0,酚苄明[苯氧苄胺](降压药),Phenoxybenzamine,T46.7,X44.-,X64.-,Y14.-,Y52.7
1609,0,酚丁(导泻药),Oxyphenisatine,T47.2,X44.-,X64.-,Y14.-,Y53.2
1609,0,酚磺肽[酚红](诊断用药),Phenolsulfonphthalein,T50.8,X44.-,X64.-,Y14.-,Y57.6
1609,0,酚磺乙胺[止血敏](止血药),Etamsylate,T45.7,X44.-,X64.-,Y14.-,Y44.3
1609,0,酚肽(导泻药),Phenolphthalein,T47.2,X44.-,X64.-,Y14.-,Y53.2
1609,0,酚妥拉明[芬妥胺](血管扩张药),Phentolamine,T46.7,X44.-,X64.-,Y14.-,Y52.7
1609,0,酚制剂,Phenolic preparation,T49.1,X44.-,X64.-,Y14.-,Y56.1
1609,0,奋乃静[羟哌氯丙嗪],Perphenazine,T43.3,X41.-,X61.-,Y11.-,Y49.3
1609,0,粪便软化剂,Fecal softener,T47.4,X44.-,X64.-,Y14.-,Y53.4
1609,0,风疹疫苗(生物制品),Rubella vaccine,T50.9,X44.-,X64.-,Y14.-,Y59.0
1609,0,佛手油,Bergamot oil,T65.8,X49.-,X69.-,Y19.-,
1609,0,夫洛丙酮(5-羟色胺拮抗药，,Flopropione,T44.3,X43.-,X63.-,Y13.-,Y51.3
1609,0,夫洛非宁(镇痛药),Floctafenine,T39.8,X40.-,X60.-,Y10.-,Y45.8
1609,0,夫马洁林[夫马菌素](抗生素),Fumagillin,T36.8,X44.-,X64.-,Y14.-,Y40.8
1609,0,夫马菌素-现译名夫马洁林,Fumagillin,T36.8,X44.-,X64.-,Y14.-,Y40.8
1609,0,夫沙芬净(抗生素),Fusafungine,T36.8,X44.-,X64.-,Y14.-,Y40.8
1609,0,夫西地酸[褐霉酸](乙醇胺)(钠)(抗生素),"Fusidate (ethanolamine)(sodium), Fusidic acid",T36.8,X44.-,X64.-,Y14.-,
1609,0,呋喃硫胺(维生素类),Fursultiamine,T45.2,X44.-,X64.-,Y14.-,Y57.7
1609,0,呋喃妥因(尿路抗菌药),Nitrofurantoin,T37.8,X44.-,X64.-,Y14.-,Y41.8
1609,0,呋喃西林(消毒防腐剂),"Nitrofural, Nitrofurazone",T49.0,X44.-,X64.-,Y14.-,Y56.0
1609,0,呋喃烯定,Akritoin,T37.8,X44.-,X64.-,Y14.-,Y41.8
1609,0,呋喃唑酮[痢特灵],Furazolidone,T37.8,X44.-,X64.-,Y14.-,Y41.8
1609,0,呋噻米[呋喃苯胺酸](利尿剂),"Frusemide, Furosemide",T50.1,X44.-,X64.-,Y14.-,Y54.4
1609,0,呋唑氯铵(抗感染药),Furazolium chloride,T49.0,X44.-,X64.-,Y14.-,Y56.0
1609,0,敷裹，活髓,"Dressing, live pulp",T49.7,X44.-,X64.-,Y14.-,Y56.7
1609,0,弗赖抗原[鼠脑抗原],Frei antigen,T50.8,X44.-,X64.-,Y14.-,Y57.6
1609,0,弗朗鼠李皮,Frangula,T47.2,X44.-,X64.-,Y14.-,Y53.2
1609,1,浸膏,extract,T47.2,X44.-,X64.-,Y14.-,Y53.2
1609,0,氟[18F]脱氧葡糖,Fludeoxyglucose (18F),T50.8,X44.-,X64.-,Y14.-,Y57.6
1609,0,氟(气体),Fluorine (gas),T59.5,X47.-,X67.-,Y17.-,
1609,1,盐-见 氟化物,salt-see Fluoride(s),,,,,
1609,0,氟阿尼酮(抗精神病药),Fluanisone,T43.4,X41.-,X61.-,Y11.-,Y49.4
1609,0,氟安定-现译名氟西泮,Flurazepam,T42.4,X41.-,X61.-,Y11.-,Y47.1
1609,0,氟胞嘧啶(抗真菌药),"Fluorocytosine,Flucytosine",T37.8,X44.-,X64.-,Y14.-,Y41.8
1609,0,氟苯丙氨酸(抗病毒药),Fluorphenylalanine,T49.5,X44.-,X64.-,Y14.-,Y56.5
1609,0,氟苯达唑(抗原虫药),Flubendazole,T37.4,X44.-,X64.-,Y14.-,
1609,0,氟比洛芬(抗炎镇痛药),Flurbiprofen,T39.3,X40.-,X60.-,Y10.-,Y45.2
1609,0,氟地西泮(安定药),Fludiazepam,T42.4,X41.-,X61.-,Y11.-,Y47.1
1609,0,氟啶酸-现译名依诺沙星,Enoxacin,T36.8,X44.-,X64.-,Y14.-,Y40.8
1609,0,氟朵林(镇痛药),Fluradoline,T39.8,X40.-,X60.-,Y10.-,Y45.8
1609,0,氟非拉嗪-现译名氟奋乃静,Fluphenazine,T43.3,X41.-,X61.-,Y11.-,Y49.3
1609,0,氟芬那酸(抗炎镇痛药),Flufenamic acid,T39.3,X40.-,X60.-,Y10.-,Y45.3
1609,0,氟奋乃静[氟非拉嗪](抗精神病药),Fluphenazine,T43.3,X41.-,X61.-,Y11.-,Y49.3
1609,0,氟伏沙明(抗抑郁药),Fluvoxamine,T43.2,X41.-,X61.-,Y11.-,Y49.2
1610,0,血管扩张药),Flunarizine,T46.7,X44.-,X64.-,Y14.-,Y52.7
1610,0,氟化物(非药用)(杀虫药)(钠),Fluoride (nonmedicinal),T60.8,X48.-,X68.-,Y18.-,
1610,1,药用NEC,medicinal NEC,T50.9,X44.-,X64.-,Y14.-,Y54.9
1610,2,牙科用,dental use,T49.7,X44.-,X64.-,Y14.-,Y56.7
1610,0,氟化亚锡,Stannous fluoride,T49.7,X44.-,X64.-,Y14.-,Y56.7
1610,0,氟甲睾酮[氟羟甲基睾丸素],Fluoxymesterone,T38.7,X44.-,X64.-,Y14.-,Y42.7
1610,1,六氯化合物,hexacetonide,T49.0,X44.-,X64.-,Y14.-,Y56.0
1610,0,氟甲孕松(糖皮质激素，抗炎药),Fluormetholone,T49.0,X44.-,X64.-,Y14.-,Y56.0
1610,0,氟卡尼(抗心律失常药),Flecainide,T46.2,X44.-,X64.-,Y14.-,Y52.2
1610,0,氟康唑(抗真菌药),Fluconazole,T37.8,X44.-,X64.-,Y14.-,Y41.8
1610,0,氟可丁(丁基)(肾上腺皮质激素类),Fluocortin (butyl),T49.0,X44.-,X64.-,Y14.-,Y56.0
1610,0,氟可龙(肾上腺皮质激素类),Fluocortolone,T49.0,X44.-,X64.-,Y14.-,Y56.0
1610,0,氟喹酮[氨氟喹酮](骨骼肌松弛药),Afloqualone,T42.8,X41.-,X61.-,Y11.-,Y46.8
1610,0,氟利昂,Freon,T53.5,X46.-,X66.-,Y16.-,
1610,0,氟利昂 11 NEC -现译名,Trichlorofluoromethane,T53.5,X46.-,X66.-,Y16.-,
1610,0,氟利昂,NEC,,,,,
1610,0,氟磷酸杀虫药,Fluorophosphate insecticide,T60.0,X48.-,X68.-,Y18.-,
1610,0,氟柳双胺-现译名普洛加胺,Progabide,T42.6,X41.-,X61.-,Y11.-,Y46.6
1610,0,氟铝酸钠(蒸气),Cryolite (vapor),T60.1,X48.-,X68.-,Y18.-,
1610,1,杀虫药,insecticide,T60.1,X48.-,X68.-,Y18.-,
1610,0,氟氯奈德(肾上腺皮质激素类),Fluclorolone acetonide,T49.0,X44.-,X64.-,Y14.-,Y56.0
1610,0,氟氯西林(抗生素),Flucloxacillin,T36.0,X44.-,X64.-,Y14.-,Y40.0
1610,0,氟罗沙星(抗菌药),Fleroxacin,T36.8,X44.-,X64.-,Y14.-,Y40.8
1610,0,氟甲喹(抗微生物药),Flumequine,T37.8,X44.-,X64.-,Y14.-,Y41.8
1610,0,氟米龙(肾上腺皮质激素类),Fluorometholone,T49.0,X44.-,X64.-,Y14.-,Y56.0
1610,0,氟米松(糖皮质激素),Flumetasone,T49.0,X44.-,X64.-,Y14.-,Y56.0
1610,0,氟尼缩松(肾上腺皮质激素类),Flunisolide,T48.6,X44.-,X64.-,Y14.-,Y55.6
1610,0,氟尿苷-现译名,Floxuridine,T45.1,X44.-,X64.-,Y14.-,Y43.3
1610,0,氟尿嘧啶+多柔比星+环磷酰胺,FAC (fluorouracil +,T45.1,X44.-,X64.-,Y14.-,Y43.3
1610,0,氟尿嘧啶(抗肿瘤药),Fluorouracil,T45.1,X44.-,X64.-,Y14.-,Y43.1
1610,0,氟脲嘧啶脱氧核苷[氟尿苷],Floxuridine,T45.1,X44.-,X64.-,Y14.-,Y43.3
1610,0,氟诺洛芬(抗炎镇痛药),Flunoxaprofen,T39.3,X40.-,X60.-,Y10.-,Y45.3
1610,0,氟哌丁苯-现译名氟哌啶醇,Haloperidol,T43.4,X41.-,X61.-,Y11.-,Y49.4
1610,0,氟哌啶醇[氟哌丁苯](抗精神病药),Haloperidol,T43.4,X41.-,X61.-,Y11.-,Y49.4
1610,0,氟哌利多(抗精神病药),Droperidol,T43.5,X41.-,X61.-,Y11.-,Y49.5
1610,0,氟哌噻吨(抗精神病药),Flupentixol,T43.4,X41.-,X61.-,Y11.-,Y49.4
1610,0,氟哌酸-现译名诺氟沙星,Norfloxacin,T36.8,X44.-,X64.-,Y14.-,Y40.8
1610,0,氟泼尼定(肾上腺皮质激素类),Fluprednidene,T49.0,X44.-,X64.-,Y14.-,Y56.0
1610,0,氟泼尼龙(肾上腺皮质激素类),Fluprednisolone,T38.0,X44.-,X64.-,Y14.-,Y42.0
1610,0,氟羟甲基睾丸素-现译名,Fluoxymesterone,T38.7,X44.-,X64.-,Y14.-,Y42.7
1611,0,氟羟强的松龙 - 现译名,Flurandrenolone,T49.0,X44.-,X64.-,Y14.-,Y56.0
1611,0,曲安西龙（肾上腺皮质激素类）,Triamcinolone,T49.0,X44.-,X64.-,Y14.-,Y56.0
1611,0,氟嗪酸-现译名 氧氟沙星,Ofloxacin,T36.8,X44.-,X64.-,Y14.-,Y40.8
1611,0,氟轻松[氟西奈德][醋酸氟轻松],Fluocinolone (acetonide),T49.0,X44.-,X64.-,Y14.-,Y56.0
1611,0,氟氢可的松,Fluorhydrocortisone,T50.0,X44.-,X64.-,Y14.-,Y54.0
1611,0,氟氢缩松(肾上腺皮质激素类),Fludroxycortide,T49.0,X44.-,X64.-,Y14.-,Y56.0
1611,0,氟溶胶,Fluorosol,T46.3,X44.-,X64.-,Y14.-,Y52.3
1611,0,氟司必林(抗精神病药),Fluspirilene,T43.5,X41.-,X61.-,Y11.-,Y49.5
1611,0,氟他胺[氟硝丁酰胺](抗雄激素药),Flutamide,T38.6,X44.-,X64.-,Y14.-,Y42.6
1611,0,氟他唑仑(安定药),Flutazolam,T42.4,X41.-,X61.-,Y11.-,Y47.1
1611,0,氟替尔(致幻药),Flurotyl,T43.2,X41.-,X61.-,Y11.-,Y49.2
1611,0,氟托西泮(安定药),Flutoprazepam,T42.4,X41.-,X61.-,Y11.-,Y47.1
1611,0,氟托溴铵(抗胆碱药),Flutropium bromide,T48.6,X44.-,X64.-,Y14.-,Y55.6
1611,0,氟烷(麻醉药),Halothane,T41.0,X44.-,X64.-,Y14.-,Y48.0
1611,0,氟西奈德-现译名氟轻松,Fluocinolone (acetonide),T49.0,X44.-,X64.-,Y14.-,Y56.0
1611,0,氟西泮[氟安定](催眠药),Flurazepam,T42.4,X41.-,X61.-,Y11.-,Y47.1
1611,0,氟西汀(抗抑制药),Fluoxetine,T43.2,X41.-,X61.-,Y11.-,Y49.2
1611,0,氟硝丁酰胺 - 现译名 氟他胺,Flutamide,T38.6,X44.-,X64.-,Y14.-,Y42.6
1611,0,氟硝西泮(安定药),Flunitrazepam,T42.4,X41.-,X61.-,Y11.-,Y47.1
1611,0,氟硝唑(抗原虫药),Flunidazole,T37.8,X44.-,X64.-,Y14.-,Y41.8
1611,0,氟氧头孢(抗生素),Flomoxef,T36.1,X44.-,X64.-,Y14.-,Y40.1
1611,0,氟乙酸盐,Fluoroacetate,T60.4,X48.-,X68.-,Y18.-,
1611,0,氟乙烯醚(麻醉药),Fluroxene,T41.0,X44.-,X64.-,Y14.-,Y48.0
1611,0,氟茚二酮(抗凝药),Fluindione,T45.5,X44.-,X64.-,Y14.-,Y44.2
1611,0,福尔可定(镇咳药),Pholcodine,T48.3,X44.-,X64.-,Y14.-,Y55.3
1611,0,福尔马林,Formalin,T59.2,X47.-,X67.-,Y17.-,Y56.0
1611,1,蒸气,vapour,T59.2,X47.-,X67.-,Y17.-,
1611,0,福来君(升压药),Pholedrine,T46.9,X44.-,X64.-,Y14.-,Y52.9
1611,0,福诺二七〇-现译名锥虫胂胺,Tryparsamide,T37.3,X44.-,X64.-,Y14.-,Y41.3
1611,0,福双美-现译名,TMTD,T60.3,X48.-,X68.-,Y18.-,
1611,0,福为诺苯(镇咳药),Fominoben,T48.3,X44.-,X64.-,Y14.-,Y55.3
1611,0,福辛普利(降压药),Fosinopril,T46.4,X44.-,X64.-,Y14.-,Y52.4
1611,1,钠,sodium,T46.4,X44.-,X64.-,Y14.-,Y52.4
1611,0,辅酶A,Coenzyme A,T50.9,X44.-,X64.-,Y14.-,Y57.1
1611,0,辅羧酶,Cocarboxylase,T45.3,X44.-,X64.-,Y14.-,Y43.6
1611,0,腐蚀剂 NEC,"Corrosive, Caustic(s) NEC",T54.9,X49.-,X69.-,Y19.-,
1611,1,纯化,sublimate,T56.1,X49.-,X69.-,Y19.-,
1611,1,芳香剂,aromatics,T54.1,X49.-,X69.-,Y19.-,
1611,1,碱,alkali,T54.3,X49.-,X69.-,Y19.-,
1611,1,氢氧化物,hydroxide,T54.3,X49.-,X69.-,Y19.-,
1611,1,酸NEC,acid NEC,T54.2,X49.-,X69.-,Y19.-,
1611,1,碳酸钾,potash,T54.3,X49.-,X69.-,Y19.-,
1611,1,碳酸钠[苏打],soda,T54.3,X49.-,X69.-,Y19.-,
1611,1,烟雾NEC,fumes NEC,T54.9,X47.-,X67.-,Y17.-,
1612,0,复方阿司匹林,APC,T48.5,X44.-,X64.-,Y14.-,Y55.5
1612,0,复方甲状腺素,Liotrix,T38.1,X44.-,X64.-,Y14.-,Y42.1
1612,0,复方煤酚溶液,Liquor creosolis compositus,T65.8,X49.-,X69.-,Y19.-,
1612,0,复方新诺明(磺胺类抗菌药),Co-trimoxazole,T36.8,X44.-,X64.-,Y14.-,Y40.8
1612,0,复合物,Compound,,,,,
1612,1,42(华法林[丙酮苄羟香豆素]),42(warfarin),T60.4,X48.-,X68.-,Y18.-,
1612,1,269(异狄氏剂),269(endrin),T60.1,X48.-,X68.-,Y18.-,
1612,1,497(狄氏剂)(杀虫药),497(dieldrin),T60.1,X48.-,X68.-,Y18.-,
1612,1,1080(氟乙酸钠),1080(sodium fluoroacetate),T60.4,X48.-,X68.-,Y18.-,
1612,1,3422(对硫磷),3422 (parathion),T60.0,X48.-,X68.-,Y18.-,
1612,1,3911(甲拌磷),3911(phorate),T60.0,X48.-,X68.-,Y18.-,
1612,1,3956(毒杀芬),3956 (toxaphene),T60.1,X48.-,X68.-,Y18.-,
1612,1,4069(马拉硫磷),4069(malathion),T60.0,X48.-,X68.-,Y18.-,
1612,1,4124(异氯磷),4124(dicapthon),T60.0,X48.-,X68.-,Y18.-,
1612,0,副交感神经阻滞药NEC,Parasympatholytic NEC,T44.3,X43.-,X63.-,Y13.-,Y51.3
1612,0,副醛[三聚乙醛](催眠药，,"Paraldehyde, Paracetaldehyde",T42.6,X41.-,X61.-,Y11.-,Y47.3
1612,0,富马酸 - 现译名 反丁烯二酸,Fumaric Acid,T49.4,X44.-,X64.-,Y14.-,Y56.4
1612,0,腹膜透析溶液,Peritoneal dialysis solution,T50.3,X44.-,X64.-,Y14.-,Y54.6
1613,0,钆喷酸(诊断用药),Gadopentetic acid,T50.8,X44.-,X64.-,Y14.-,Y57.5
1613,0,钙,Calcium,,,,,
1613,1,苯沙酸(钙)(抗结核药),benzamidosalicylate,T37.1,X44.-,X64.-,Y14.-,Y41.1
1613,1,次氯酸(钙),hypochlorite,T37.8,X44.-,X64.-,Y14.-,Y41.8
1613,1,碘化(钙),iodide,T48.4,X44.-,X64.-,Y14.-,Y55.4
1613,1,碘泊酸(钙),iopodate,T50.8,X44.-,X64.-,Y14.-,Y57.5
1613,1,泛酸(钙),pantothenate,T45.2,X44.-,X64.-,Y14.-,Y57.7
1613,1,枸橼酸亚铁(钙),ferrous citrate,T45.4,X44.-,X64.-,Y14.-,Y44.0
1613,1,卡巴匹林(钙),carbaspirin,T39.0,X40.-,X60.-,Y10.-,Y45.1
1613,1,磷酸(钙),phosphate,T50.3,X44.-,X64.-,Y14.-,Y54.6
1613,1,氯化(钙)(矿物质补充药),chloride,T50.9,X44.-,X64.-,Y14.-,Y54.9
1613,2,无水[二水氯化钙],anhydrous,T50.9,X44.-,X64.-,Y14.-,Y54.9
1613,1,葡乳醛酸(钙),glubionate,T50.3,X44.-,X64.-,Y14.-,Y54.6
1613,1,葡萄糖酸乳酸葡萄糖酸(钙),gluconogalactogluconate,T50.3,X44.-,X64.-,Y14.-,Y54.6
1613,1,葡萄糖酸(钙),gluconate,T50.3,X44.-,X64.-,Y14.-,Y54.6
1613,1,羟苯磺酸(钙)(毛细血管保护药),dobesilate,T46.9,X44.-,X64.-,Y14.-,Y52.9
1613,1,氢氧化(钙),"hydrate, hydroxide",T54.3,X49.-,X69.-,Y19.-,
1613,1,氰胺(钙)(抗酒精中毒药),carbimide,T50.6,X44.-,X64.-,Y14.-,Y57.3
1613,1,氧化(钙),oxide,T54.3,X49.-,X69.-,Y19.-,
1613,1,乳酸(钙),lactate,T50.3,X44.-,X64.-,Y14.-,Y54.6
1613,1,乳糖醛酸钙溴化(钙),bromolactobionate,T42.6,X41.-,X61.-,Y11.-,Y47.4
1613,1,水杨酸(钙),salicylate,T39.0,X40.-,X60.-,Y10.-,Y45.1
1613,1,碳酸(钙),carbonate,T47.1,X44.-,X64.-,Y14.-,Y53.1
1613,1,溴化(钙),bromide,T42.6,X41.-,X61.-,Y11.-,Y47.4
1613,1,亚叶酸(钙),"folinate, leucovorin",T45.8,X44.-,X64.-,Y14.-,Y44.1
1613,1,盐,salts,T50.3,X44.-,X64.-,Y14.-,Y54.9
1613,1,依地酸钠(钙)(解毒药),disodium edetate,T45.8,X44.-,X64.-,Y14.-,Y43.8
1613,1,乙酰水杨酸甲酯(钙),acetylsalicylate,T39.0,X40.-,X60.-,Y10.-,Y45.1
1613,0,钙通道阻滞剂,"Blockers, calcium-channel",T46.1,X44.-,X64.-,Y14.-,Y52.1
1613,0,干扰素(α)(β)(γ),Interferon (alpha)(beta),T37.5,X44.-,X64.-,Y14.-,Y41.5
1613,0,甘氨酸[氨基乙酸](衍生物),Aminoacetic acid,T50.3,X44.-,X64.-,Y14.-,Y54.6
1613,0,甘铋胂(抗阿米巴药),Glycobiarsol,T37.3,X44.-,X64.-,Y14.-,Y41.3
1613,0,甘草,"Liquorice, Glycyrrhiza extract",T48.4,X44.-,X64.-,Y14.-,Y55.4
1613,1,浸膏,extract,T47.8,X44.-,X64.-,Y14.-,Y53.8
1613,0,甘草酸,Glycyrrhizic acid,T48.4,X44.-,X64.-,Y14.-,Y55.4
1613,0,甘草酸钾,Glycyrrhizinate potassium,T48.4,X44.-,X64.-,Y14.-,Y55.4
1613,0,甘露醇,Mannitol,T47.3,X44.-,X64.-,Y14.-,Y53.3
1613,1,(甘露)六硝脂,hexanitrate,T46.3,X44.-,X64.-,Y14.-,Y52.3
1613,0,甘露莫司汀(抗肿瘤药),Mannomustine,T45.1,X44.-,X64.-,Y14.-,Y43.3
1613,0,甘珀酸[生胃酮](抗溃疡药),Carbenoxolone,T47.1,X44.-,X64.-,Y14.-,Y53.1
1613,0,甘羟铝[氨基乙酸二羟化铝](抗酸药),Dihydroxyaluminum aminoacetate,T47.1,X44.-,X64.-,Y14.-,Y53.1
1614,0,甘油[丙三醇](泻药，药用辅料),"Glycerol, Glycerin",T47.4,X44.-,X64.-,Y14.-,Y55.4
1614,1,碘化,iodinated,T48.4,X44.-,X64.-,Y14.-,Y55.4
1614,1,静脉内的,inu,T50.3,X44.-,X64.-,Y14.-,Y54.6
1614,1,硼砂,borax,T49.6,X44.-,X64.-,Y14.-,Y56.6
1614,0,甘油基,Glyceryl,,,,,
1614,1,三硝酸(甘油),trinitrate,T46.3,X44.-,X64.-,Y14.-,Y52.3
1614,1,硝酸(甘油),nitrate,T46.3,X44.-,X64.-,Y14.-,Y52.3
1614,1,愈创(甘油醚)(祛痰药),guaiacolate,T48.4,X44.-,X64.-,Y14.-,Y55.4
1614,0,甘油磷酸酯,Glycerophosphate,T50.9,X44.-,X64.-,Y14.-,Y57.8
1614,0,肝,Liver,,,,,
1614,1,成分1,fraction 1,T45.8,X44.-,X64.-,Y14.-,Y44.1
1614,1,浸膏,extract,T45.8,X44.-,X64.-,Y14.-,Y44.1
1614,2,肠胃外使用的,for parenteral use,T45.8,X44.-,X64.-,Y14.-,Y44.1
1614,1,水解物,hydrolysate,T45.8,X44.-,X64.-,Y14.-,Y44.1
1614,0,肝分泌兴奋剂,Hepatic secretion stimulant,T47.8,X44.-,X64.-,Y14.-,Y53.8
1614,0,肝素(钠)(抗凝药),Heparin (sodium),T45.5,X44.-,X64.-,Y14.-,Y44.2
1614,1,作用逆转剂,action reverser,T45.7,X44.-,X64.-,Y14.-,Y44.3
1614,0,肝素-成分,Heparin-fraction,T45.5,X44.-,X64.-,Y14.-,Y44.2
1614,0,杆菌肽锌,Bacitracin zinc,T49.0,X44.-,X64.-,Y14.-,Y56.0
1614,1,伴有新霉素,with neomycin,T49.0,X44.-,X64.-,Y14.-,Y56.0
1614,0,橄榄霉素(抗生素),Olivomycin,T45.1,X44.-,X64.-,Y14.-,Y43.3
1614,0,刚果红(诊断用药),Congo red,T50.8,X44.-,X64.-,Y14.-,Y57.6
1614,0,高氯环嗪(抗组胺药),Homochlorcyclizine,T45.0,X44.-,X64.-,Y14.-,Y43.0
1614,0,高锰酸盐,Permanganate,T65.8,X49.-,X69.-,Y19.-,
1614,0,高铁(基)-另见铁,Ferric - see also Iron,,,,,
1614,1,焦磷酸(铁),pyrophosphate,T45.4,X44.-,X64.-,Y14.-,Y44.0
1614,1,枸橼酸(铁),citrate,T45.4,X44.-,X64.-,Y14.-,Y44.0
1614,1,氯化(铁),chloride,T45.4,X44.-,X64.-,Y14.-,Y44.0
1614,1,氢氧化(铁),hydroxide,,,,,
1614,2,胶态,colloidal,T45.4,X44.-,X64.-,Y14.-,Y44.0
1614,2,聚麦芽糖,polymaltose,T45.4,X44.-,X64.-,Y14.-,Y44.0
1614,0,高铜[二价铜],Cupric,,,,,
1614,1,醋酸(铜),acetate,T60.3,X48.-,X68.-,Y18.-,
1614,1,硫酸(铜),sulfate,T56.4,X49.-,X69.-,Y19.-,
1614,1,葡糖酸(铜),gluconate,T49.0,X44.-,X64.-,Y14.-,Y56.0
1614,1,砷酸(铜),arsenate,T57.0,X49.-,X69.-,Y19.-,
1614,1,乙酰亚砷酸(铜),acetoarsenite,T57.0,X48.-,X68.-,Y18.-,
1614,1,油酸(铜),oleate,T49.0,X44.-,X64.-,Y14.-,Y56.0
1614,0,高血糖素,Glucagon,T38.3,X44.-,X64.-,Y14.-,Y42.3
1614,0,膏药敷料,Plaster dressing,T49.3,X44.-,X64.-,Y14.-,Y56.3
1614,0,睾丸素-现译名睾酮,Testosterone,T38.7,X44.-,X64.-,Y14.-,Y42.7
1614,0,睾内酯(抗肿瘤药),Testolactone,T38.7,X44.-,X64.-,Y14.-,Y42.7
1614,0,睾酮[睾丸素](雄激素类),Testosterone,T38.7,X44.-,X64.-,Y14.-,Y42.7
1614,0,戈拉碘铵(神经肌肉阻滞药),Gallamine (triethiodide),T48.1,X44.-,X64.-,Y14.-,Y55.1
1614,0,戈洛帕米(血管扩张药),Gallopamil,T46.1,X44.-,X64.-,Y14.-,Y52.1
1614,0,戈那瑞林(促性激素释放素),Gonadorelin,T38.8,X44.-,X64.-,Y14.-,Y42.8
1614,0,戈舍瑞林,Goserelin,T45.1,X44.-,X64.-,Y14.-,Y43.3
1615,0,格拉非宁（镇痛药）,Glafenine,T39.8,X40.-,X60.-,Y10.-,Y45.8
1615,0,格拉司琼(止吐药),Granisetron,T45.0,X44.-,X64.-,Y14.-,Y43.0
1615,0,格列本脲(降血糖药),"Glibenclamide,Glyburide",T38.3,X44.-,X64.-,Y14.-,Y42.3
1615,0,格列吡脲(降血糖药),Glyclopyramide,T38.3,X44.-,X64.-,Y14.-,Y42.3
1615,0,格列吡嗪(降血糖药),Glipizide,T38.3,X44.-,X64.-,Y14.-,Y42.3
1615,0,格列波脲(降血糖药),Glibornuride,T38.3,X44.-,X64.-,Y14.-,Y42.3
1615,0,格列环脲(降血糖药),Glycyclamide,T38.3,X44.-,X64.-,Y14.-,Y42.3
1615,0,格列喹酮(降血糖药),Gliquidone,T38.3,X44.-,X64.-,Y14.-,Y42.3
1615,0,格列嘧啶(钠)(降血糖药),"Glimidine, Glymidine sodium",T38.3,X44.-,X64.-,Y14.-,Y42.3
1615,0,格列派特(降血糖药),Glisoxepide,T38.3,X44.-,X64.-,Y14.-,Y42.3
1615,0,格列齐特(降血糖药),Gliclazide,T38.3,X44.-,X64.-,Y14.-,Y42.3
1615,0,格列索脲(降血糖药),Glisolamide,T38.3,X44.-,X64.-,Y14.-,Y42.3
1615,0,格隆溴铵[溴环扁吡酯],Glycopyrronium bromide,T44.3,X43.-,X63.-,Y13.-,Y51.3
1615,0,(抗消化性溃疡药，抗胆碱药),Glycopyrrolate,T44.3,X43.-,X63.-,Y13.-,Y51.3
1615,0,格鲁米特[多睡丹](催眠药),Glutethimide,T42.6,X41.-,X61.-,Y11.-,Y47.8
1615,0,蛤贝[贝壳类]，有毒的,"Mussel, noxious",T61.2,X49.-,X69.-,Y19.-,
1615,0,镉(氯化物)(烟雾)(氧化物),Cadmium (chloride),T56.3,X49.-,X69.-,Y19.-,
1615,0,铬,"Chromium, Chromic",T56.2,X49.-,X69.-,Y19.-,
1615,1,化合物 - 见 铬酸盐,compounds - see Chromate,,,,,
1615,1,磷酸(铬)32P,phosphate 32P,T45.1,X44.-,X64.-,Y14.-,Y43.3
1615,1,三氧化二(铬),sesquioxide,T50.8,X44.-,X64.-,Y14.-,Y57.6
1615,1,酸,acid,T56.2,X49.-,X69.-,Y19.-,
1615,2,粉尘或雾,dust or mist,T56.2,X49.-,X69.-,Y19.-,
1615,0,铬酸盐,Chromate,T56.2,X49.-,X69.-,Y19.-,
1615,1,粉尘或雾,dust or mist,T56.2,X49.-,X69.-,Y19.-,
1615,1,铅(另见铅),lead (see also Lead),T56.0,X49.-,X69.-,Y19.-,
1615,0,铬酰氯[氯化亚铬],Chromyl chloride,T56.2,X49.-,X69.-,Y19.-,
1615,0,艮他霉素-现译名庆大霉素,Gentamicin,T36.5,X44.-,X64.-,Y14.-,Y40.5
1615,0,更生霉素-现译名放线菌素D,Dactinomycin,T45.1,X44.-,X64.-,Y14.-,Y43.3
1615,0,更昔洛韦(钠)(抗病毒药),Ganciclovir (sodium),T37.5,X44.-,X64.-,Y14.-,Y41.5
1615,0,庚巴比妥,Heptabarbitone,T42.3,X41.-,X61.-,Y11.-,Y47.0
1615,0,庚二酮,Pimelic ketone,T52.8,X46.-,X66.-,Y16.-,
1615,0,公用气体,Utility gas,T58,X47.-,X67.-,Y17.-,
1615,0,汞（汞制剂）（汞化物）（亚汞）（化合物）（氰化物）（烟雾）（非药用）（蒸气）NEC,"Mercury, mercurial, mercuric, mercurous (compounds) (cyanide) (fumes) (nonmedicinal) (vapor) NEC",T56.1,X49.-,X69.-,Y19.-,
1615,1,抗感染药,anti-infective,,,,,
1615,2,局部,local,T49.0,X44.-,X64.-,Y14.-,Y56.0
1615,2,全身,systemic,T37.8,X44.-,X64.-,Y14.-,Y41.8
1615,1,利尿剂NEC,diuretic NEC,T50.2,X44.-,X64.-,Y14.-,Y54.5
1615,1,氯化(汞)(与氨化合的),chloride (ammoniated),T49.0,X44.-,X64.-,Y14.-,Y56.0
1615,1,氧化(汞)，黄色,"oxide, yellow",T49.0,X44.-,X64.-,Y14.-,Y56.0
1615,0,"汞加芬(抗真菌药,消毒防腐剂)",Hydrargaphen,T49.0,X44.-,X64.-,Y14.-,Y56.0
1615,0,汞罗茶碱(利尿剂),Mercurophylline,T50.2,X44.-,X64.-,Y14.-,Y54.5
1615,0,汞撒利[撒利汞](利尿剂),"Mersalyl, Mercuramide",T50.2,X44.-,X64.-,Y14.-,Y54.5
1615,0,汞溴红[红汞](消毒防腐剂),"Merbromin,Mercurochrome",T49.0,X44.-,X64.-,Y14.-,Y56.0
1616,0,谷氨酸,Glutamic acid,T47.5,X44.-,X64.-,Y14.-,Y53.5
1616,0,谷胱甘肽(消毒药),Glutathione,T50.6,X44.-,X64.-,Y14.-,Y57.2
1616,0,谷硫磷[保棉磷](乙基)(杀虫药),Azinphos methyl (ethyl),T60.0,X48.-,X68.-,Y18.-,
1616,0,骨粉,Bone meal,T62.8,X49.-,X69.-,Y19.-,
1616,0,骨化醇 - 现译名 维生素D₂,Calciferol,T45.2,X44.-,X64.-,Y14.-,Y54.7
1616,0,骨化二醇(钙代谢调节药),Calcifediol,T45.2,X44.-,X64.-,Y14.-,Y54.7
1616,0,骨化三醇(钙代谢调节药),Calcitriol,T45.2,X44.-,X64.-,Y14.-,Y54.7
1616,0,钴(非药用)(烟雾)(工业用),Cobalt (nonmedicinal),T56.8,X49.-,X69.-,Y19.-,
1616,1,药用(微量)(氯化物),medicinal (trace)(chloride),T45.8,X44.-,X64.-,Y14.-,Y44.1
1616,0,钴胺素[钴维生素],Cobalamine,T45.2,X44.-,X64.-,Y14.-,Y44.1
1616,0,鼓风炉气体(含有一氧化碳),Blast furnace gas (carbon,T58,X47.-,X67.-,Y17.-,
1616,0,瓜尔豆胶(膏化剂),Cyamopsis tetragonoloba,T46.6,X44.-,X64.-,Y14.-,Y52.6
1616,0,瓜尔胶(药用),Guar gum (medicinal),T46.6,X44.-,X64.-,Y14.-,Y52.6
1616,0,胍法辛(降压药),Guanfacine,T46.5,X44.-,X64.-,Y14.-,Y52.5
1616,0,胍甲环素(抗生素),Guamecycline,T36.4,X44.-,X64.-,Y14.-,Y40.4
1616,0,胍氯酚(降压药),"Guanoclor, Guanochlor",T46.5,X44.-,X64.-,Y14.-,Y52.5
1616,0,胍美柳(镇咳药),Guaimesal,T48.4,X44.-,X64.-,Y14.-,Y55.4
1616,0,胍那苄(降压药),Guanabenz,T46.5,X44.-,X64.-,Y14.-,Y52.5
1616,0,胍那决尔(降压药),Guanadrel,T46.5,X44.-,X64.-,Y14.-,Y52.5
1616,0,胍那克林(降压药),Guanacline,T46.5,X44.-,X64.-,Y14.-,Y52.5
1616,0,胍诺沙苄(降压药),Guanoxabenz,T46.5,X44.-,X64.-,Y14.-,Y52.5
1616,0,胍生(降压药),Guanoxan,T46.5,X44.-,X64.-,Y14.-,Y52.5
1616,0,胍西替柳(抗炎镇痛药),Guacetisal,T39.0,X40.-,X60.-,Y10.-,Y45.1
1616,0,胍乙啶(降压药),Guanethidine,T46.5,X44.-,X64.-,Y14.-,Y52.5
1616,0,冠状血管扩张药NEC,Coronary vasodilator NEC,T46.3,X44.-,X64.-,Y14.-,Y52.3
1616,0,光气[碳酰氯],Phosgene (gas),T59.8,X47.-,X67.-,Y17.-,
1616,0,光神霉素[光辉霉素](抗肿瘤药),"Mithramycin, Plicamycin",T45.1,X44.-,X64.-,Y14.-,Y43.3
1616,0,硅镁铝(抗酸药),Simaldrate,T47.1,X44.-,X64.-,Y14.-,Y53.1
1616,0,硅酮 NEC,Silicone NEC,T65.8,X49.-,X69.-,Y19.-,
1616,1,药用[二甲硅油],medicinal,T49.3,X44.-,X64.-,Y14.-,Y56.3
1616,0,鬼臼毒素,Podophyllotoxin,T49.8,X44.-,X64.-,Y14.-,Y56.8
1616,0,鬼臼噻吩苷-现译名替尼泊苷,Teniposide,T45.1,X44.-,X64.-,Y14.-,Y43.3
1616,0,鬼臼属(树脂),Podophyllum (resin),T49.4,X44.-,X64.-,Y14.-,Y56.4
1616,0,鬼臼乙叉苷-现译名依托泊苷,Etoposide,T45.1,X44.-,X64.-,Y14.-,Y43.3
1616,0,癸硼烷,Decaborane,T57.8,X49.-,X69.-,Y19.-,
1616,1,烟雾,fumes,T59.8,X47.-,X67.-,Y17.-,
1616,0,癸烟脂(周围血管扩张药),Hepronicate,T46.7,X44.-,X64.-,Y14.-,Y52.7
1616,0,桂利嗪[脑益嗪](抗组胺药),Cinnarizine,T45.0,X44.-,X64.-,Y14.-,Y43.0
1616,0,桂美君(解痉药),Cinnamedrine,T48.5,X44.-,X64.-,Y14.-,Y55.5
1616,0,桂哌齐特(冠脉扩张药),Cinepazide,T46.7,X44.-,X64.-,Y14.-,Y52.7
1616,0,桂油香水,Bay rum,T51.8,X45.-,X65.-,Y15.-,
1616,0,果胶,Pectin,T47.6,X44.-,X64.-,Y14.-,Y53.6
1616,0,果糖[左旋糖](营养药),"Fructose,Levulose",T50.3,X44.-,X64.-,Y14.-,Y54.6
1616,0,过滤乳膏,Filtering cream,T49.3,X44.-,X64.-,Y14.-,Y56.3
1616,0,过氧苯甲酰,Benzoyl peroxide,T49.0,X44.-,X64.-,Y14.-,Y56.0
1616,0,过氧化氢酶,Catalase,T45.3,X44.-,X64.-,Y14.-,Y43.6
1617,0,哈喹诺(抗疟药),Halquinols,T49.0,X44.-,X64.-,Y14.-,Y56.0
1617,0,哈拉西泮(安定药),Halazepam,T42.4,X41.-,X61.-,Y11.-,Y47.1
1617,0,哈特曼溶液[牙本质脱敏剂],Hartmann's solution,T50.3,X44.-,X64.-,Y14.-,Y54.6
1617,0,哈西奈德 -现译名 氯氟舒松,Halcinonide,T49.0,X44.-,X64.-,Y14.-,Y56.0
1617,0,哈希什(印度大麻),Hashish,T40.7,X42.-,X62.-,Y12.-,Y49.6
1617,0,海葱,Squill,T46.0,X44.-,X64.-,Y14.-,Y52.0
1617,1,鼠毒药,rat poison,T60.4,X48.-,X68.-,Y18.-,
1617,0,海葱，鼠毒药,"Scilla, rat poison",T60.4,X48.-,X68.-,Y18.-,
1617,0,海葱次苷(强心药),Proscillaridin,T46.0,X44.-,X64.-,Y14.-,Y52.0
1617,0,海葱苷(强心苷),Scillaren,T60.4,X48.-,X68.-,Y18.-,
1617,0,海克卡因(局部麻醉药),Hexylcaine,T41.3,X44.-,X64.-,Y14.-,Y48.3
1617,0,海克替啶(抗真菌药),Hexetidine,T37.8,X44.-,X64.-,Y14.-,Y41.8
1617,0,海洛因(镇痛药，镇咳药),"Diacetylmorphine, Heroin",T40.1,X42.-,X62.-,Y12.-,Y45.0
1617,0,海鸟粪,Guano,T65.8,X49.-,X69.-,Y19.-,
1617,0,海沙地林[双环己乙烯哌啶],"Hexadiline, Hexadylamine",T46.3,X44.-,X64.-,Y14.-,Y52.3
1617,0,海松碘铵(抗胆碱药，解痉药),Hexasonium iodide,T44.3,X43.-,X63.-,Y13.-,Y51.3
1617,0,海索苯定(冠脉扩张药),Hexobendine,T46.3,X44.-,X64.-,Y14.-,Y52.3
1617,0,海索比妥(镇静催眠药),"Hexobarbital, Enhexymal",T42.3,X41.-,X61.-,Y11.-,Y47.0
1617,1,钠,sodium,T41.1,X44.-,X64.-,Y14.-,Y48.1
1617,1,直肠的,rectal,T41.2,X44.-,X64.-,Y14.-,Y48.2
1617,0,海索那林(支气管扩张药),Hexoprenaline,T48.6,X44.-,X64.-,Y14.-,Y55.6
1617,0,海他西林(抗生素),Hetacillin,T36.0,X44.-,X64.-,Y14.-,Y40.0
1617,0,氦,Helium,T48.7,X44.-,X64.-,Y14.-,Y55.7
1617,0,含钾药,Potassium-retaining drug,T50.3,X44.-,X64.-,Y14.-,Y54.6
1617,0,含金硫化锑,Golden sulfide of antimony,T56.8,X49.-,X69.-,Y19.-,
1617,0,含水羊毛脂,Hydrous wool fat,T49.3,X44.-,X64.-,Y14.-,Y56.3
1617,0,含糖氧化铁,Saccharated iron oxide,T45.8,X44.-,X64.-,Y14.-,Y44.0
1617,0,焊接液体,Soldering fluid,T65.8,X49.-,X69.-,Y19.-,
1617,0,河豚毒素,Tetradotoxin,T61.2,X49.-,X69.-,Y19.-,
1617,0,核黄素-现译名维生素B2,Riboflavin,T45.2,X44.-,X64.-,Y14.-,Y57.7
1617,0,核糖霉素[力普霉素],Ribostamycin,T36.5,X44.-,X64.-,Y14.-,Y40.5
1617,0,褐霉酸[夫西地酸](乙醇胺)(钠),Fusidate (ethanolamine),T36.8,X44.-,X64.-,Y14.-,Y40.8
1617,0,红比霉素,Rubidomycin,T45.1,X44.-,X64.-,Y14.-,Y43.3
1617,0,红汞-现译名汞溴红,"Merbromin,Mercurochrome",T49.0,X44.-,X64.-,Y14.-,Y56.0
1617,0,红海葱(红海葱苷),Red squill (scilliroside),T60.4,X48.-,X68.-,Y18.-,
1617,0,红花油,Safflower oil,T46.6,X44.-,X64.-,Y14.-,Y52.6
1617,0,红霉素(盐),Erythromycin (salts),T36.3,X44.-,X64.-,Y14.-,Y40.3
1617,0,红细胞生成素,Erythropoietin,T45.8,X44.-,X64.-,Y14.-,Y44.1
1617,1,人,human,T45.8,X44.-,X64.-,Y14.-,Y44.1
1617,0,红血细胞，压积的,"Red blood cells, packed",T45.8,X44.-,X64.-,Y14.-,Y44.6
1617,0,后马托品(合成散瞳药),Homatropine,T44.3,X43.-,X63.-,Y13.-,Y51.3
1617,1,甲溴(抗胆碱药，解痉药),methylbromide,T44.3,X43.-,X63.-,Y13.-,Y51.3
1618,0,呼吸系统用药NEC,Respiratory drug NEC,T48.7,X44.-,X64.-,Y14.-,Y55.7
1618,1,抗感冒的 NEC,anti-common-cold NEC,T48.5,X44.-,X64.-,Y14.-,Y55.5
1618,1,祛痰的NEC,expectorant NEC,T48.4,X44.-,X64.-,Y14.-,Y55.4
1618,1,兴奋剂,stimulant,T48.7,X44.-,X64.-,Y14.-,Y55.7
1618,1,止喘的NEC,antiasthmatic NEC,T48.6,X44.-,X64.-,Y14.-,Y55.6
1618,0,胡椒其丁醚,Piperonyl butoxide,T60.8,X48.-,X68.-,Y18.-,
1618,0,胡萝卜素,Carotene,T45.2,X44.-,X64.-,Y14.-,Y57.7
1618,0,胡莫柳酯(遮光药),Homosalate,T49.3,X44.-,X64.-,Y14.-,Y56.3
1618,0,糊精铁(抗贫血药),Dextriferron,T45.4,X44.-,X64.-,Y14.-,Y44.0
1618,0,琥布宗(抗炎镇痛药),Suxibuzone,T39.2,X40.-,X60.-,Y10.-,Y45.8
1618,0,琥珀胆碱[丁二酰胆碱],Succinylcholine,T48.1,X44.-,X64.-,Y14.-,Y55.1
1618,0,琥乙氯铵(神经肌肉阻断药),Suxethonium (chloride),T48.1,X44.-,X64.-,Y14.-,Y55.1
1618,0,琥珀酰磺胺噻唑[琥磺噻唑],Succinylsulfathiazole,T37.0,X44.-,X64.-,Y14.-,Y41.0
1618,0,护肤脂,Barrier cream,T49.3,X44.-,X64.-,Y14.-,Y56.3
1618,0,花生油,Arachis oil,T49.3,X44.-,X64.-,Y14.-,Y56.3
1618,0,华法林[丙酮苄羟香豆素],Warfarin,T45.5,X44.-,X64.-,Y14.-,Y44.2
1618,1,灭鼠剂,rodenticide,T60.4,X48.-,X68.-,Y18.-,
1618,0,滑石粉,Talc powder,T49.3,X44.-,X64.-,Y14.-,Y56.3
1618,0,化学制剂NEC,Chemical substance NEC,T65.9,X49.-,X69.-,Y19.-,
1618,0,化妆品,Cosmetics,T49.8,X44.-,X64.-,Y14.-,Y56.8
1618,0,化妆品制剂,Cosmetic preparation,T49.8,X44.-,X64.-,Y14.-,Y56.8
1618,0,环氨酸盐,Cyclamate,T50.9,X44.-,X64.-,Y14.-,Y57.4
1618,0,环巴比妥(镇静安眠药),Hexemal,T42.3,X41.-,X61.-,Y11.-,Y47.0
1618,0,环巴比妥-氨基比林,Cyclopyrabital,T39.8,X40.-,X60.-,Y10.-,Y45.8
1618,0,环孢素(免疫抑制药),"Ciclosporin, Cyclosporin",T45.1,X44.-,X64.-,Y14.-,Y43.4
1618,0,环苯扎林(抗抑郁药),Cyclobenzaprine,T48.1,X44.-,X64.-,Y14.-,Y55.1
1618,0,环吡司胺-现译名环吡酮胺,Ciclopirox (olamine),T49.0,X44.-,X64.-,Y14.-,Y56.0
1618,0,环吡酮胺[环吡司胺],Ciclopirox (olamine),T49.0,X44.-,X64.-,Y14.-,Y56.0
1618,0,环扁桃酯(周围血管扩张药),Cyclandelate,T46.7,X44.-,X64.-,Y14.-,Y52.7
1618,0,环丙贝特(降血脂药),Ciprofibrate,T46.6,X44.-,X64.-,Y14.-,Y52.6
1618,0,环丙氟哌酸-现译名环丙沙星,Ciprofloxacin,T36.8,X44.-,X64.-,Y14.-,Y40.8
1618,0,环丙沙星|环丙氟哌酸](抗菌药),Ciprofloxacin,T36.8,X44.-,X64.-,Y14.-,Y40.8
1618,0,环丙烷[三甲烯](麻醉药),Cyclopropane,T41.2,X44.-,X64.-,Y14.-,Y48.2
1618,0,环丙孕酮(雄激素拮抗药),Cyproterone,T38.6,X44.-,X64.-,Y14.-,Y42.6
1618,0,环庚比妥(镇静催眠药),Heptabarb,T42.3,X41.-,X61.-,Y11.-,Y47.0
1618,0,环庚二烯,Cycloheptadiene,T43.2,X41.-,X61.-,Y11.-,Y49.2
1618,0,环己巴比妥(镇静安眠药),"Ciclobarbital, Cyclobarbital",T42.3,X41.-,X61.-,Y11.-,Y47.0
1618,0,环己醇(消毒防腐剂),Cyclohexanol,T51.8,X45.-,X65.-,Y15.-,
1618,0,环己酮,Cyclohexanone,T52.4,X46.-,X66.-,Y16.-,
1618,0,环己烷,Cyclohexane,T52.8,X46.-,X66.-,Y16.-,
1618,0,环己西林(抗生素),"Ciclacillin, Cyclacillin",T36.0,X44.-,X64.-,Y14.-,Y40.0
1618,0,环己酰亚胺-现译名放线菌酮,Cycloheximide,T60.3,X48.-,X68.-,Y18.-,
1618,0,环己亚硝脲-现译名洛莫司汀,Lomustine,T45.1,X44.-,X64.-,Y14.-,Y43.3
1618,0,环亮氨酸(抗肿瘤药),Cycloleucin,T45.1,X44.-,X64.-,Y14.-,Y43.3
1618,0,环磷酰胺,Cyclophosphamide,T45.1,X44.-,X64.-,Y14.-,Y43.3
1619,0,环硫雄醇(抗雄激素药),Epitiostanol,T38.7,X44.-,X64.-,Y14.-,Y42.7
1619,0,环六亚甲基,Hexamethylene,T52.8,X46.-,X66.-,Y16.-,
1619,0,环氯茚酸(抗炎镇痛药),Clidanac,T39.3,X40.-,X60.-,Y10.-,Y45.3
1619,0,环美卡因(局部麻醉剂),Cyclomethycaine,T41.3,X44.-,X64.-,Y14.-,Y48.3
1619,0,环喷托酯[环戊通][赛克罗奇],Cyclopentolate,T44.3,X43.-,X63.-,Y13.-,Y51.3
1619,0,环噻嗪(利尿剂),Cyclothiazide,T50.2,X44.-,X64.-,Y14.-,Y54.3
1619,0,环丝氨酸(抗结核药),Cycloserine,T37.1,X44.-,X64.-,Y14.-,Y41.1
1619,0,环戊二烯钛,Titanocene,T65.8,X49.-,X69.-,Y19.-,
1619,0,环戊君(抗胆碱药，散瞳药),Cyclodrine,T44.3,X43.-,X63.-,Y13.-,Y51.3
1619,0,环戊噻嗪(利尿剂),Cyclopenthiazide,T50.2,X44.-,X64.-,Y14.-,Y54.3
1619,0,环戊通- 现译名 环喷托酯,Cyclopentolate,T44.3,X43.-,X63.-,Y13.-,Y51.3
1619,0,环烟酯(血管扩张药),Ciclonicate,T46.7,X44.-,X64.-,Y14.-,Y52.7
1619,0,环氧树脂,Epoxy resin,T65.8,X49.-,X69.-,Y19.-,
1619,0,环佐辛(镇痛药),Cyclazocine,T50.7,X44.-,X64.-,Y14.-,Y50.1
1619,0,还原剂，工业的NEC,"Reducing agent, industrial",T65.8,X49.-,X69.-,Y19.-,
1619,0,缓和药[润药](外用),Demulcent (external),T49.3,X44.-,X64.-,Y14.-,Y56.3
1619,1,特指的NEC,specified NEC,T49.3,X44.-,X64.-,Y14.-,Y56.3
1619,0,黄夹次苷(强心药),Peruvoside,T46.0,X44.-,X64.-,Y14.-,Y52.0
1619,0,黄蓍胶,Tragacanth,T50.9,X44.-,X64.-,Y14.-,Y57.4
1619,0,黄曲霉毒素,Aflatoxin,T64,X49.-,X69.-,Y19.-,
1619,0,黄色,Yellow,,,,,
1619,1,(黄)热病疫苗,fever vaccine,T50.9,X44.-,X64.-,Y14.-,Y59.0
1619,1,酚酞,phenolphthalein,T47.2,X44.-,X64.-,Y14.-,Y53.2
1619,0,黄素腺嘌呤二核苷酸,Flavine adenine dinucleotide,T45.2,X44.-,X64.-,Y14.-,Y57.7
1619,0,黄体生成素,Luteinizing hormone,T38.8,X44.-,X64.-,Y14.-,Y42.8
1619,0,黄体酮 - 现译名 孕酮,Progesterone,T38.5,X44.-,X64.-,Y14.-,Y42.5
1619,0,黄铜(烟雾),Brass (fumes),T56.8,X49.-,X69.-,Y19.-,
1619,0,黄酮哌酯(解痉药),Flavoxate,T44.3,X43.-,X63.-,Y13.-,Y51.3
1619,0,黄酮酸(毛细血管保护药),Flavodic acid,T46.9,X44.-,X64.-,Y14.-,Y52.9
1619,0,磺胺[氨苯磺胺]NEC,"Sulfanilamide, Sulfonamide",T37.0,X44.-,X64.-,Y14.-,Y41.0
1619,0,磺胺苯吡唑,Sulfaphenazole,T37.0,X44.-,X64.-,Y14.-,Y41.0
1619,0,磺胺苯砜钠(磺胺药),Sulfadiasulfone sodium,T37.0,X44.-,X64.-,Y14.-,Y41.0
1619,0,磺胺吡啶(磺胺药),Sulphapyridine,T37.0,X44.-,X64.-,Y14.-,Y41.0
1619,0,磺胺对甲氧嘧啶(磺胺药),Sulfameter,T37.0,X44.-,X64.-,Y14.-,Y41.0
1619,0,磺胺多辛[周效磺胺](磺胺药),Sulfadoxine,T37.0,X44.-,X64.-,Y14.-,Y41.0
1619,1,伴有乙胺嘧啶,with pyrimethamine,T37.2,X44.-,X64.-,Y14.-,Y41.2
1619,0,磺胺二甲基异噁唑-现译名,Sulfisoxazole,T37.0,X44.-,X64.-,Y14.-,Y41.0
1619,0,磺胺地索辛,Sulfadimethoxine,T37.0,X44.-,X64.-,Y14.-,Y41.0
1619,0,磺胺二甲嘧啶,Sulphadimidine,T37.0,X44.-,X64.-,Y14.-,Y41.0
1620,0,磺胺二甲异嘧啶 - 现译名,"Sulfisomidine, Sulfadimidine",T37.0,X44.-,X64.-,Y14.-,Y41.0
1620,0,磺胺脒[克痢定](磺胺药),Sulfaguanidine,T37.0,X44.-,X64.-,Y14.-,Y41.0
1620,0,磺胺甲二唑,Sulfamethizole,T37.0,X44.-,X64.-,Y14.-,Y41.0
1620,0,磺胺甲嘧啶,Sulfamethazine,T37.0,X44.-,X64.-,Y14.-,Y41.0
1620,0,磺胺甲噻二唑,Sulphamethizole,T37.0,X44.-,X64.-,Y14.-,Y41.0
1620,0,磺胺甲噁唑,Sulphamethoxazole,T37.0,X44.-,X64.-,Y14.-,Y41.0
1620,0,磺胺甲氧嗪[长效磺胺],Sulfamethoxypyridazine,T37.0,X44.-,X64.-,Y14.-,Y41.0
1620,0,磺胺间二甲氧嘧啶,Sulphadimethoxine,T37.0,X44.-,X64.-,Y14.-,Y41.0
1620,0,磺胺间甲氧嘧啶,Sulfamonomethoxine,T37.0,X44.-,X64.-,Y14.-,Y41.0
1620,0,磺胺均三嗪,Sulfasymazine,T37.0,X44.-,X64.-,Y14.-,Y41.0
1620,0,磺胺林(磺胺药),Sulfalene,T37.0,X44.-,X64.-,Y14.-,Y41.0
1620,0,磺胺氯达嗪(磺胺药),Sulfachlorpyridazine,T37.0,X44.-,X64.-,Y14.-,Y41.0
1620,0,磺胺洛西酸(磺胺药),"Sulfaloxate, Sulfaloxic acid",T37.0,X44.-,X64.-,Y14.-,Y41.0
1620,0,磺胺马奈(磺胺药),Sulfamozone,T39.2,X40.-,X60.-,Y10.-,
1620,0,磺胺米隆(磺胺药),Mafenide,T49.0,X44.-,X64.-,Y14.-,Y56.0
1620,0,磺胺嘧啶(磺胺药),"Sulfadiazine,Sulphadiazine",T37.0,X44.-,X64.-,Y14.-,Y41.0
1620,0,磺胺培林,Sulfaperin,T37.0,X44.-,X64.-,Y14.-,Y41.0
1620,0,磺胺普罗林,Sulfaproxyline,T37.0,X44.-,X64.-,Y14.-,Y41.0
1620,0,磺胺噻唑,Sulfathiazole,T37.0,X44.-,X64.-,Y14.-,Y41.0
1620,0,磺胺索嘧啶[磺胺二甲异嘧啶],"Sulfisomidine, Sulfadimidine",T37.0,X44.-,X64.-,Y14.-,Y41.0
1620,0,磺胺噁唑(抗菌药),Sulfamethoxazole,T37.0,X44.-,X64.-,Y14.-,Y41.0
1620,1,伴有甲氧苄啶,with trimethoprim,T36.8,X44.-,X64.-,Y14.-,Y40.8
1620,1,眼,eye,T49.5,X44.-,X64.-,Y14.-,Y56.5
1620,0,磺胺西汀(磺胺药),Sulfacitine,T37.0,X44.-,X64.-,Y14.-,Y41.0
1620,0,磺胺异噁唑[磺胺二甲基异噁唑],"Sulfafurazole, Sulphafurazole",T37.0,X44.-,X64.-,Y14.-,Y41.0
1620,0,磺吡酮(抗痛风药),Sulfinpyrazone,T50.4,X44.-,X64.-,Y14.-,Y54.8
1620,0,磺苄西林[硫代苯基青霉素] (抗生素),Sulbenicillin,T36.0,X44.-,X64.-,Y14.-,Y40.0
1620,0,磺醋酰胺 - 现译名 磺胺醋酰,Sulfacetamide,T49.5,X44.-,X64.-,Y14.-,Y56.5
1620,0,磺胺醋酰[磺醋酰胺](磺胺药),Sulfacetamide,T49.5,X44.-,X64.-,Y14.-,Y56.5
1620,0,磺达嗪(抗精神病药),Sulforidazine,T43.3,X41.-,X61.-,Y11.-,Y49.3
1620,0,磺酚丁(导泻药),Sulisatin,T47.2,X44.-,X64.-,Y14.-,Y53.2
1620,0,磺乙酸十二脂,Lauryl sulfoacetate,T49.2,X44.-,X64.-,Y14.-,Y56.2
1620,0,磺溴酞(钠)(诊断用药),Bromsulfophthalein,T50.8,X44.-,X64.-,Y14.-,Y57.6
1620,0,灰黄霉素(抗生素),Griseofulvin,T36.7,X44.-,X64.-,Y14.-,Y40.7
1620,0,回苏灵-现译名二甲弗林,Dimefline,T50.7,X44.-,X64.-,Y14.-,Y50.0
1620,0,茴香胺,Anisidine,T65.3,X49.-,X69.-,Y19.-,
1620,0,茴茚二酮(抗生素),Anisindione,T45.5,X44.-,X64.-,Y14.-,Y44.2
1620,0,活性炭,Activated charcoal,T47.6,X44.-,X64.-,Y14.-,Y53.6
1621,0,火炉(煤燃烧)(家用)，工业产生的气体,"Furnace (coal burning) (domestic), gas from industrial",T58,X47.-,X67.-,Y17.-,
1621,0,火炉气体,Stove gas,T58,X47.-,X67.-,Y17.-,
1621,0,火棉[二硝化纤维素](药用辅料),"Pyroxylin, Nitrocellulose",T49.3,X44.-,X64.-,Y14.-,Y56.3
1621,0,火棉胶剂,Collodion,T49.3,X44.-,X64.-,Y14.-,Y56.3
1621,0,霍乱菌苗,Cholera vaccine,T50.9,X44.-,X64.-,Y14.-,Y58.2
1622,0,九一四-现译名新胂凡纳明,Neoarsphenamine,T37.8,X44.-,X64.-,Y14.-,Y41.8
1622,0,肌安宁-现译名卡立普多,Carisoprodol,T42.8,X41.-,X61.-,Y11.-,Y46.8
1622,0,肌醇,Inositol,T50.9,X44.-,X64.-,Y14.-,Y57.1
1622,1,烟酸酯,nicotinate,T46.7,X44.-,X64.-,Y14.-,Y52.7
1622,0,"肌肉松弛药 - 见 松弛药, 肌肉","Muscle relaxant - see Relaxant, muscle",T42.8,X41.-,X61.-,Y11.-,
1622,0,肌肉紧张抑制药，中枢NEC,Muscle-tone depressant,T42.8,X41.-,X61.-,Y11.-,Y46.8
1622,1,特指的NEC,specified NEC,T42.8,X41.-,X61.-,Y11.-,Y46.8
1622,0,肌肉作用药NEC,Muscle-action drug NEC,T48.2,X44.-,X64.-,Y14.-,Y55.2
1622,0,鸡油菌黄质-现译名眦黄质,Canthaxanthin,T50.9,X44.-,X64.-,Y14.-,Y57.8
1622,0,激动药(剂)[显效药(剂)],Agonist,,,,,
1622,1,主要为,predominantly,,,,,
1622,2,α肾上腺素能受体,a-adrenoreceptor,T44.4,X43.-,X63.-,Y13.-,Y51.4
1622,2,β肾上腺素能受体,β-adrenoreceptor,T44.5,X43.-,X63.-,Y13.-,Y51.5
1622,0,激素NEC,Hormone NEC,T38.8,X44.-,X64.-,Y14.-,Y42.8
1622,1,癌治疗,cancer therapy,T45.1,X44.-,X64.-,Y14.-,Y43.3
1622,1,垂体后叶NEC,pituitary (posterior) NEC,T38.8,X44.-,X64.-,Y14.-,Y42.8
1622,1,垂体前叶NEC,anterior pituitary NEC,T38.8,X44.-,X64.-,Y14.-,Y42.8
1622,1,催产,oxytocic,T48.0,X44.-,X64.-,Y14.-,Y55.0
1622,1,黄体化,luteinizing,T38.8,X44.-,X64.-,Y14.-,Y42.8
1622,1,甲状腺,thyroid,T38.1,X44.-,X64.-,Y14.-,Y42.1
1622,1,抗利尿,antidiuretic,T38.8,X44.-,X64.-,Y14.-,Y42.8
1622,1,卵巢,ovarian,T38.5,X44.-,X64.-,Y14.-,Y42.5
1622,1,雄性,androgenic,T38.7,X44.-,X64.-,Y14.-,Y42.7
1622,0,激肽释放酶,Kallikrein,T46.7,X44.-,X64.-,Y14.-,Y52.7
1622,0,吉法酯(解痉药),Gefarnate,T44.3,X43.-,X63.-,Y13.-,Y51.3
1622,0,吉非贝齐(降血脂药),Gemfibrozil,T46.6,X44.-,X64.-,Y14.-,Y52.6
1622,0,吉美前列素(子宫收缩药),Gemeprost,T48.0,X44.-,X64.-,Y14.-,Y55.0
1622,0,吉培福林(升压药),Gepefrine,T44.4,X43.-,X63.-,Y13.-,Y51.4
1622,0,吉他林(洋地黄中的一种苷),Gitalin,T46.0,X44.-,X64.-,Y14.-,Y52.0
1622,1,非晶形的,amorphous,T46.0,X44.-,X64.-,Y14.-,Y52.0
1622,0,吉他洛辛(强心药),Gitaloxin,T46.0,X44.-,X64.-,Y14.-,Y52.0
1622,0,吉他霉素,Kitasamycin,T36.3,X44.-,X64.-,Y14.-,Y40.3
1622,0,己丙氨酯(安定药),Hexapropymate,T42.6,X41.-,X61.-,Y11.-,Y47.8
1622,0,己二烯雌酚,"Dienoestrol,Dienestrol",T38.5,X44.-,X64.-,Y14.-,Y42.5
1622,0,己环铵(解痉药),Hexocyclium,T44.3,X43.-,X63.-,Y13.-,Y51.3
1622,1,甲硫(抗胆碱药),metilsulfate,T44.3,X43.-,X63.-,Y13.-,Y51.3
1622,0,己基间苯二酚-现译名,Hexylresorcinol,T52.2,X46.-,X66.-,Y16.-,
1622,0,己可可碱-现译名喷替茶碱,Pentifylline,T46.7,X44.-,X64.-,Y14.-,Y52.7
1622,0,己雷琐辛[己基间苯二酚],Hexylresorcinol,T52.2,X46.-,X66.-,Y16.-,
1622,0,己脒定(消毒防腐剂),Hexamidine,T49.0,X44.-,X64.-,Y14.-,Y56.0
1622,0,己酸孕诺酮,Gestonorone caproate,T38.5,X44.-,X64.-,Y14.-,Y42.5
1623,0,己酮，2-己酮,"Hexanone, 2-hexanone",T52.4,X46.-,X66.-,Y16.-,
1623,0,己酮可可碱(血管扩张药),Pentoxifylline,T46.7,X44.-,X64.-,Y14.-,Y52.7
1623,0,己烷雌酚[己雌酚],Hexestrol,T38.5,X44.-,X64.-,Y14.-,Y42.5
1623,0,己芴溴铵[溴化己芴铵](解痉药),Hexafluronium (bromide),T48.1,X44.-,X64.-,Y14.-,Y55.1
1623,0,己烯雌酚,"Stilboestrol, Stilbestrol",T38.5,X44.-,X64.-,Y14.-,Y42.5
1623,0,脊髓灰质炎疫苗(生物制品),Poliomyelitis vaccine,T50.9,X44.-,X64.-,Y14.-,Y59.0
1623,0,季铵-现译名 四价铵,Quaternary ammonium,T44.3,X43.-,X63.-,Y13.-,Y51.3
1623,0,加贝酯(蛋白酶抑制药),Gabexate,T45.6,X44.-,X64.-,Y14.-,Y44.3
1623,0,加碘(罂粟籽)油,Iodized (poppy seed) oil,T50.8,X44.-,X64.-,Y14.-,Y57.5
1623,0,加兰他敏(抗胆碱酯药),Galantamine,T44.0,X43.-,X63.-,Y13.-,Y51.0
1623,0,加压素(神经垂体激素类),Vasopressin,T38.8,X44.-,X64.-,Y14.-,Y42.8
1623,0,夹竹桃,"Oleander, Nerium oleander",T62.2,X49.-,X69.-,Y19.-,
1623,0,家具抛光剂,Furniture polish,T65.8,X49.-,X69.-,Y19.-,
1623,0,家庭用气体,Domestic gas,T58,X47.-,X67.-,Y17.-,
1623,0,荚膜组织胞浆菌素 - 现译名,Histoplasmin,T50.8,X44.-,X64.-,Y14.-,Y57.6
1623,0,甲(基),Methyl,,,,,
1623,1,苯,"benzol, benzene",T52.2,X46.-,X66.-,Y16.-,
1623,1,苯甲酸(甲酯),benzoate,T52.8,X46.-,X66.-,Y16.-,
1623,1,丙基甲醇,propylcarbinol,T51.3,X45.-,X65.-,Y15.-,
1623,1,丙酮,acetone,T52.4,X46.-,X66.-,Y16.-,
1623,1,丙烯酸(甲酯),acrylate,T65.8,X49.-,X69.-,Y19.-,
1623,1,醇,alcohol,T51.1,X45.-,X65.-,Y15.-,
1623,1,醋酸环己烷,cyclohexyl acetate,T52.8,X46.-,X66.-,Y16.-,
1623,1,碘(甲烷),iodide,T65.8,X49.-,X69.-,Y19.-,
1623,1,丁醇,butanol,T51.3,X45.-,X65.-,Y15.-,
1623,1,对氨基苯酚,aminophenol,T65.3,X49.-,X69.-,Y19.-,
1623,1,对硫磷(有机磷杀虫药),parathion,T60.0,X48.-,X68.-,Y18.-,
1623,1,环己醇,cyclohexanol,T51.8,X45.-,X65.-,Y15.-,
1623,1,环己酮,cyclohexanone,T52.8,X46.-,X66.-,Y16.-,
1623,1,环己烷,cyclohexane,T52.8,X46.-,X66.-,Y16.-,
1623,1,环己亚硝脲[赛氮芥],CCNU,T45.1,X44.-,X64.-,Y14.-,Y43.3
1623,1,(抗肿瘤药),hydrazine,T65.8,X49.-,X69.-,Y19.-,
1623,1,硫醇,mercaptan,T59.8,X47.-,X67.-,Y17.-,
1623,1,硫酸(甲酯)(烟雾),sulfate (fumes),T59.8,X47.-,X67.-,Y17.-,
1623,2,液体,liquid,T52.8,X46.-,X66.-,Y16.-,
1623,1,氯(甲烷)(气体),chloride (gas),T59.8,X47.-,X67.-,Y17.-,
1623,1,氯甲酸(甲酯),chloroformate,T59.3,X47.-,X67.-,Y17.-,
1623,1,内吸磷[地灭通],demeton,T60.0,X48.-,X68.-,Y18.-,
1623,1,葡萄糖胺锑酸(甲酯),glucamine antimonate,T37.8,X44.-,X64.-,Y14.-,Y41.8
1623,1,羟苯(甲酯),paraben,T49.0,X44.-,X64.-,Y14.-,Y56.0
1623,1,水杨酸(甲酯),salicylate,T49.2,X44.-,X64.-,Y14.-,Y56.2
1623,1,碳酸(二甲酯),carbonate,T52.8,X46.-,X66.-,Y16.-,
1624,0,甲(基)——续前页,Methyl——continued,,,,,
1624,1,溴(甲烷)(气体),bromide (gas),T59.8,X47.-,X67.-,Y17.-,
1624,2,熏剂,fumigant,T60.8,X48.-,X68.-,Y18.-,
1624,1,烟酸(甲酯),nicotinate,T49.4,X44.-,X64.-,Y14.-,Y56.4
1624,1,乙酸(甲酯),acetate,T52.4,X46.-,X66.-,Y16.-,
1624,1,乙酮(甲酯),ethyl ketone,T52.4,X46.-,X66.-,Y16.-,
1624,1,异丁基(甲酮),isobutyl ketone,T52.4,X46.-,X66.-,Y16.-,
1624,1,异硫氰酸(甲酯),isothiocyanate,T60.3,X48.-,X68.-,Y18.-,
1624,0,甲氨蝶呤[氨甲蝶呤](抗肿瘤药),Methotrexate,T45.1,X44.-,X64.-,Y14.-,Y43.1
1624,0,甲氨甲酸萘酯-现译名 卡巴立,"Carbaril, Carbaryl",T60.0,X48.-,X68.-,Y18.-,
1624,0,甲巴比妥 - 现译名 美沙比妥,Metharbital,T42.3,X41.-,X61.-,Y11.-,Y47.0
1624,0,甲拌磷,Phorate,T60.0,X48.-,X68.-,Y18.-,
1624,0,甲苯(液体),"Toluene,Toluol (liquid)",T52.2,X46.-,X66.-,Y16.-,
1624,1,二异氰酸,diisocyanate,T65.0,X49.-,X69.-,Y19.-,
1624,1,蒸气,vapor,T52.2,X46.-,X66.-,Y16.-,
1624,0,甲苯胺[氨基甲苯],Toluidine,T65.8,X49.-,X69.-,Y19.-,
1624,1,蒸气,vapor,T59.8,X47.-,X67.-,Y17.-,
1624,0,甲苯比妥(镇静催眠药),"Mephobarbital, Phemitone",T42.3,X41.-,X61.-,Y11.-,Y47.0
1624,0,甲苯醇胺(抗组胺药),Mephenhydramine,T45.0,X44.-,X64.-,Y14.-,Y43.0
1624,0,甲苯哒唑(抗蠕虫药),Mebendazole,T37.4,X44.-,X64.-,Y14.-,Y41.4
1624,0,甲苯丁酯,Butyltoluene,T52.2,X46.-,X66.-,Y16.-,
1624,0,甲苯二胺,Toluylenediamine,T65.3,X49.-,X69.-,Y19.-,
1624,0,甲苯磺丁脲[甲糖宁](钠)(降糖药),Tolbutamide (sodium),T38.3,X44.-,X64.-,Y14.-,Y42.3
1624,0,甲苯噁酮-现译名托洛沙酮,Toloxatone,T42.6,X41.-,X61.-,Y11.-,Y47.8
1624,0,甲吡酮-现译名美替拉酮,Metyrapone,T50.8,X44.-,X64.-,Y14.-,Y57.6
1624,0,甲苄咔啉-现译名美海屈林,Mebhydrolin,T45.0,X44.-,X64.-,Y14.-,Y43.0
1624,0,甲苄索氯铵(消毒防腐剂),Methylbenzethonium,T49.0,X44.-,X64.-,Y14.-,Y56.0
1624,0,甲丙氨酯[氨甲丙二酯],Meprobamate,T43.5,X41.-,X61.-,Y11.-,Y49.5
1624,0,甲醇(蒸气),"Methanol, Carbinol (vapor)",T51.1,X45.-,X65.-,Y15.-,
1624,0,甲醋唑胺-现译名醋甲唑胺,Methazolamide,T50.2,X44.-,X64.-,Y14.-,Y54.2
1624,0,甲地高辛(强心药),Metildigoxin,T46.0,X44.-,X64.-,Y14.-,Y52.0
1624,0,甲地嗪(抗组胺药),Methdilazine,T43.3,X41.-,X61.-,Y11.-,Y49.3
1624,0,甲地孕酮,Megestrol,T38.5,X44.-,X64.-,Y14.-,Y42.5
1624,0,甲泛葡胺(诊断用药),Metrizamide,T50.8,X44.-,X64.-,Y14.-,Y57.5
1624,0,甲泛影酸(诊断用药),Metrizoic acid,T50.8,X44.-,X64.-,Y14.-,Y57.5
1624,0,甲芬那酸(抗炎镇痛药),Mefenamic acid,T39.3,X40.-,X60.-,Y10.-,Y45.3
1624,0,甲酚[煤酚](消毒防腐剂),"Cresol(s), Cresylic acid",T49.0,X44.-,X64.-,Y14.-,Y56.0
1624,1,和肥皂溶液,and soap solution,T49.0,X44.-,X64.-,Y14.-,Y56.0
1624,0,甲砜哒嗪-现译名美索达嗪,Mesoridazine,T43.3,X41.-,X61.-,Y11.-,Y49.3
1624,0,甲砜霉素(抗生素),Thiamphenicol,T36.2,X44.-,X64.-,Y14.-,Y40.2
1624,0,甲氟喹(抗疟药),Mefloquine,T37.2,X44.-,X64.-,Y14.-,Y41.2
1624,0,甲氟磷(杀虫药),Dimefox,T60.0,X48.-,X68.-,Y18.-,
1624,0,甲氟哌酸 - 现译名 培氟沙星,Pefloxacin,T37.8,X44.-,X64.-,Y14.-,Y41.8
1624,0,甲福明-现译名二甲双胍,Metformin,T38.3,X44.-,X64.-,Y14.-,Y42.3
1625,0,甲睾酮,Methyltestosterone,T38.7,X44.-,X64.-,Y14.-,Y42.7
1625,0,甲钴胺(抗贫血药),Mecobalamin,T45.8,X44.-,X64.-,Y14.-,Y44.1
1625,0,甲海葱次苷(强心药),Meproscillarin,T46.0,X44.-,X64.-,Y14.-,Y52.0
1625,0,甲琥胺(镇癫痫药),"Methsuximide, Mesuximide",T42.2,X41.-,X61.-,Y11.-,Y46.0
1625,0,甲磺比林(解热镇痛药),Sulfamidopyrine,T39.2,X40.-,X60.-,Y10.-,Y45.8
1625,0,甲磺灭脓(局部用磺胺药),Maphenide,T49.0,X44.-,X64.-,Y14.-,Y56.0
1625,0,甲磺酸二氢麦角胺,Ergoloid mesylates,T46.7,X44.-,X64.-,Y14.-,Y52.7
1625,0,甲磺烟肼[异烟肼甲磺酸],Methaniazide,T37.1,X44.-,X64.-,Y14.-,Y41.1
1625,0,甲基一〇五九-现译名,Methyl demeton,T60.0,X48.-,X68.-,Y18.-,
1625,0,甲基对硫磷,Metaphos,T60.0,X48.-,X68.-,Y18.-,
1625,0,甲基多巴(降压药),Methyldopa,T46.5,X44.-,X64.-,Y14.-,Y52.5
1625,0,甲基多巴乙酯,Methyldopate,T46.5,X44.-,X64.-,Y14.-,Y52.5
1625,0,甲基化酒精,Methylated spirit,T51.1,X45.-,X65.-,Y15.-,
1625,0,甲基聚硅氧烷 - 现译名,Methylpolysiloxane,T47.1,X44.-,X64.-,Y14.-,Y53.1
1625,0,甲基吗啡-现译名 可待因,Methylmorphine,T40.2,X42.-,X62.-,Y12.-,Y45.0
1625,0,甲基麦角新碱(子宫收缩药),Methylergonovine,T48.0,X44.-,X64.-,Y14.-,Y55.0
1625,0,甲基玫瑰苯胺,Methylrosaniline,T49.0,X44.-,X64.-,Y14.-,Y56.0
1625,0,甲基内吸磷[甲基一〇五九],Methyl demeton,T60.0,X48.-,X68.-,Y18.-,
1625,0,甲基前列腺素E2a,Carboprost,T48.0,X44.-,X64.-,Y14.-,Y55.0
1625,0,甲基强的松龙- 现译名,Methylprednisolone,T49.0,X44.-,X64.-,Y14.-,Y56.0
1625,0,甲基纤维素(导泻药),Methylcellulose,T47.4,X44.-,X64.-,Y14.-,Y53.4
1625,1,轻泻药,laxative,T47.4,X44.-,X64.-,Y14.-,Y53.4
1625,0,甲基乙基酮,MEK (methyl ethyl ketone),T52.4,X46.-,X66.-,Y16.-,
1625,0,甲基乙基纤维素乳化剂,Methylethyl cellulose,T50.9,X44.-,X64.-,Y14.-,Y57.4
1625,0,甲亢平-现译名卡比马唑,Carbimazole,T38.2,X44.-,X64.-,Y14.-,Y42.2
1625,0,甲酷氨酸(降压药),Metirosine,T46.5,X44.-,X64.-,Y14.-,Y52.5
1625,0,甲喹吩嗪-现译名美喹他嗪,Mequitazine,T43.3,X41.-,X61.-,Y11.-,Y49.3
1625,0,甲喹酮(复合物)(催眠药),Methaqualone (compound),T42.6,X41.-,X61.-,Y11.-,Y47.8
1625,0,甲硫阿美铵(升压药),Amezinium metilsulfate,T44.9,X43.-,X63.-,Y13.-,Y51.9
1625,0,甲硫氨酸- 现译名 蛋氨酸,Methionine,T50.9,X44.-,X64.-,Y14.-,Y57.1
1625,0,甲硫贝弗宁(解痉药),Bevonium metilsulfate,T44.3,X43.-,X63.-,Y13.-,Y51.3
1625,0,甲硫醇,Methanethiol,T59.8,X47.-,X67.-,Y17.-,
1625,0,甲硫哒嗪-现译名 硫利达嗪,Thioridazine,T43.3,X41.-,X61.-,Y11.-,Y49.3
1625,0,甲硫芬(抗疥螨，止痒药),Mesulfen,T49.0,X44.-,X64.-,Y14.-,Y56.0
1625,0,甲硫利马唑(镇痛药，镇静药),Rimazolium metilsulfate,T39.8,X40.-,X60.-,Y10.-,Y45.8
1625,0,甲硫米特(抗组胺药),Metiamide,T47.1,X44.-,X64.-,Y14.-,Y53.1
1625,0,甲硫噻丙铵,Thiazinamium metilsulfate,T43.3,X41.-,X61.-,Y11.-,Y49.3
1625,0,甲硫氧嘧啶[甲基硫脲嘧啶],Methylthiouracil,T38.2,X44.-,X64.-,Y14.-,Y42.2
1625,0,甲氯苯氧乙酸,Methylchlorophenoxyacetic,T60.3,X48.-,X68.-,Y18.-,
1625,0,甲氯芬那酸(抗炎镇痛药),Meclofenamic acid,T39.3,X40.-,X60.-,Y10.-,Y45.3
1626,0,甲氯芬酯(精神兴奋药),Meclofenoxate,T43.6,X41.-,X61.-,Y11.-,Y49.7
1626,0,甲氯环素,Meclocycline,T36.4,X44.-,X64.-,Y14.-,Y40.4
1626,0,甲氯灭酸(非甾体抗炎药),Meclofenamate,T39.3,X40.-,X60.-,Y10.-,Y45.3
1626,0,甲氯噻嗪(利尿剂),Methyclothiazide,T50.2,X44.-,X64.-,Y14.-,Y54.3
1626,0,甲麦角林(5-羟色胺拮抗药),Metergoline,T42.8,X41.-,X61.-,Y11.-,Y46.7
1626,0,甲麦角新碱(子宫收缩药),Methylergometrine,T48.0,X44.-,X64.-,Y14.-,Y55.0
1626,0,甲萘二酚 - 现译名 甲萘氢醌,Menadiol,T45.7,X44.-,X64.-,Y14.-,Y44.3
1626,0,甲萘醌[维生素K3](止血药),"Menaphthone, Menadione",T45.7,X44.-,X64.-,Y14.-,Y44.3
1626,1,亚硫酸氢钠,sodium bisulfite,T45.7,X44.-,X64.-,Y14.-,Y44.3
1626,0,甲萘氢醌[甲萘二酚](止血药),Menadiol,T45.7,X44.-,X64.-,Y14.-,Y44.3
1626,0,甲诺酮(孕激素类),Methylestrenolone,T38.5,X44.-,X64.-,Y14.-,Y42.5
1626,0,甲帕霉素-现译名美帕曲星,Mepartricin,T36.7,X44.-,X64.-,Y14.-,Y40.7
1626,0,甲哌卡因(局部麻醉药),Mepivacaine,T41.3,X44.-,X64.-,Y14.-,Y48.3
1626,1,硬膜外的,epidural,T41.3,X44.-,X64.-,Y14.-,Y48.3
1626,0,甲泼尼松(肾上腺皮质激素类),Meprednisone,T38.0,X44.-,X64.-,Y14.-,Y42.0
1626,0,甲七叶茶碱,Metescufylline,T46.9,X44.-,X64.-,Y14.-,Y52.9
1626,0,甲羟松(肾上腺皮质激素类),Medrysone,T49.0,X44.-,X64.-,Y14.-,Y56.0
1626,0,甲嗪酸(抗炎镇痛药),Metiazinic acid,T39.3,X40.-,X60.-,Y10.-,Y45.3
1626,0,甲氰咪胍 - 现译名 西咪替丁,Cimetidine,T47.0,X44.-,X64.-,Y14.-,Y53.0
1626,0,甲巯咪唑(抗甲状腺药),"Thiamazole, Methimazole",T38.2,X44.-,X64.-,Y14.-,Y42.2
1626,0,甲醛(溶液)、气体或蒸气,"Formaldehyde (solution), gas",T59.2,X47.-,X67.-,Y17.-,
1626,0,甲糖宁(钠)- 现译名甲苯磺丁脲,Tolbutamide (sodium),T38.3,X44.-,X64.-,Y14.-,Y42.3
1626,0,甲烷[沼气],"Methane, Firedamp",T59.8,X47.-,X67.-,Y17.-,
1626,0,甲戊炔醇(镇静催眠药),"Meparfynol, Methylpentynol",T42.6,X41.-,X61.-,Y11.-,Y47.8
1626,0,甲烯二氧苯丙胺,Methylenedioxyamphetamine,T43.6,X41.-,X61.-,Y11.-,Y49.7
1626,0,甲烯土霉素-现译名美他环素,Metacycline,T36.4,X44.-,X64.-,Y14.-,Y40.4
1626,0,甲酰四氢叶酸[亚叶酸](因子),Leucovorin (factor),T45.8,X44.-,X64.-,Y14.-,Y44.1
1626,0,甲硝阿托品[甲基阿托品硝酸盐],Methylatropine nitrate,T44.3,X43.-,X63.-,Y13.-,Y51.3
1626,0,甲硝唑[灭滴灵],Metronidazole,T37.8,X44.-,X64.-,Y14.-,Y41.8
1626,0,甲溴东莨菪碱(解痉药),Methscopolamine bromide,T44.3,X43.-,X63.-,Y13.-,Y51.3
1626,0,甲溴辛托品(抗胆碱药),Anisotropine methylbromide,T44.3,X43.-,X63.-,Y13.-,Y51.3
1626,0,甲亚胺青霉素,Amdinocilline,T36.0,X44.-,X64.-,Y14.-,Y40.0
1626,0,甲氧苯胺,Methoxyaniline,T65.3,X49.-,X69.-,Y19.-,
1626,0,甲氧苄啶[甲氧苄氨嘧啶],Trimethoprim,T37.8,X44.-,X64.-,Y14.-,Y41.8
1626,1,伴有磺胺甲噁唑,with sulfamethoxazole,T36.8,X44.-,X64.-,Y14.-,Y40.8
1626,0,甲氧补骨脂素-现译名,Methoxsalen,T50.9,X44.-,X64.-,Y14.-,Y57.8
1626,0,甲氧滴滴涕(人工合成杀虫药),Methoxy-DDT,T53.7,X46.-,X66.-,Y16.-,
1626,0,甲氧氟烷(麻醉药),Methoxyflurane,T41.0,X44.-,X64.-,Y14.-,Y48.0
1627,0,甲氧甲酚(复合物),Creosol (compound),T49.0,X44.-,X64.-,Y14.-,Y56.0
1627,0,甲氧氯(人工合成杀虫药),Methoxychlor,T53.7,X46.-,X66.-,Y16.-,
1627,0,甲氧氯普胺(镇吐药),Metoclopramide,T45.0,X44.-,X64.-,Y14.-,Y43.0
1627,0,甲氧明[美速胺](升压药),Methoxamine,T44.4,X43.-,X63.-,Y13.-,Y51.4
1627,0,甲氧那明,Methoxyphenamine,T48.6,X44.-,X64.-,Y14.-,Y55.6
1627,0,甲氧萘二甲戊酸(合成雌激素),Methallenoestril,T38.5,X44.-,X64.-,Y14.-,Y42.5
1627,0,甲氧沙林[甲氧补骨脂素](着色药),Methoxsalen,T50.9,X44.-,X64.-,Y14.-,Y57.8
1627,0,甲氧西林(抗生素),"Meticillin, Methicillin",T36.0,X44.-,X64.-,Y14.-,Y40.0
1627,0,甲氧乙心安 - 现译名 美托洛尔,Metoprolol,T44.7,X43.-,X63.-,Y13.-,Y51.7
1627,0,甲乙哌酮(镇静催眠药),Methyprylon,T42.6,X41.-,X61.-,Y11.-,Y47.8
1627,0,甲乙双酮[帕腊美萨酮](镇痛病药),"Isoethadione, Paramethadione",T42.2,X41.-,X61.-,Y11.-,
1627,0,甲己烯雌酚,Dimestrol,T38.5,X44.-,X64.-,Y14.-,Y42.5
1627,0,甲异辛烯胺-现译名异美汀,Isometheptene,T44.3,X43.-,X63.-,Y13.-,Y51.3
1627,0,甲吲洛尔(β受体阻滞药),Mepindolol,T44.7,X43.-,X63.-,Y13.-,Y51.7
1627,0,甲种,Alpha,,,,,
1627,1,醋地高辛,acetyldigoxin,T46.0,X44.-,X64.-,Y14.-,Y52.0
1627,1,淀粉酶,amylase,T45.3,X44.-,X64.-,Y14.-,Y43.6
1627,1,生育酚(醋酸酯),tocoferol (acetate),T45.2,X44.-,X64.-,Y14.-,Y57.7
1627,0,甲状旁腺浸膏,Parathyroid extract,T50.9,X44.-,X64.-,Y14.-,Y54.7
1627,0,甲状球蛋白,Thyroglobulin,T38.1,X44.-,X64.-,Y14.-,Y42.1
1627,0,甲状腺(激素),Thyroid (hormone),T38.1,X44.-,X64.-,Y14.-,Y42.1
1627,0,甲状腺素,Thyroxine,T38.1,X44.-,X64.-,Y14.-,Y42.1
1627,0,甲紫[结晶紫][龙胆紫],Methylrosanilinium chloride,T49.0,X44.-,X64.-,Y14.-,Y56.0
1627,0,钾(盐)NEC,Potassium (salts) NEC,T50.3,X44.-,X64.-,Y14.-,Y54.9
1627,1,氨苯甲酸(钾),aminobenzoate,T45.8,X44.-,X64.-,Y14.-,Y43.8
1627,1,对氨水杨酸(钾),aminosalicylate,T37.1,X44.-,X64.-,Y14.-,Y41.1
1627,1,草酸(钾),oxalate,T65.8,X49.-,X69.-,Y19.-,
1627,1,碘化(钾)(矿物质补充药),iodide,T48.4,X44.-,X64.-,Y14.-,Y55.4
1627,1,碘酸(钾)(矿物质补充药),iodate,T49.0,X44.-,X64.-,Y14.-,Y56.0
1627,1,氟化(钾),fluoride,T57.8,X49.-,X69.-,Y19.-,
1627,1,高氯酸(钾)(非药用)NEC,perchlorate (nonmedicinal),T65.8,X49.-,X69.-,Y19.-,
1627,2,药用,medicinal,T38.2,X44.-,X64.-,Y14.-,Y42.2
1627,1,高锰酸(钾)(非药用),permanganate (nonmedicinal),T65.8,X49.-,X69.-,Y19.-,
1627,2,药用,medicinal,T49.0,X44.-,X64.-,Y14.-,Y56.0
1627,1,枸橼酸(钾)(补钾药),citrate,T50.9,X44.-,X64.-,Y14.-,Y43.5
1627,1,坎利酸(钾)(醛固酮拮抗剂),canrenoate,T50.0,X44.-,X64.-,Y14.-,Y54.1
1627,1,硫酸(钾),sulfate,T47.2,X44.-,X64.-,Y14.-,Y53.2
1627,1,氯化(钾),chloride,T50.3,X44.-,X64.-,Y14.-,Y54.9
1627,1,氯酸(钾)NEC,chlorate NEC,T65.8,X49.-,X69.-,Y19.-,
1627,1,葡铝酸(钾)(抗酸药),glucaldrate,T47.1,X44.-,X64.-,Y14.-,Y53.1
1627,1,氢氧化(钾),hydroxide,T54.3,X49.-,X69.-,Y19.-,
1627,1,氰化(钾),cyanide,T65.0,X49.-,X69.-,Y19.-,
1627,1,碳酸(钾),carbonate,T54.3,X49.-,X69.-,Y19.-,
1627,1,锑酒石酸(钾),antimony tartrate,T37.8,X44.-,X64.-,Y14.-,Y41.8
1628,0,钾——续前页,Potassium——continued,,,,,
1628,1,硝酸(钾)(利尿剂),nitrate,T57.8,X49.-,X69.-,Y19.-,
1628,1,溴化(钾)(镇静药),bromide,T42.6,X41.-,X61.-,Y11.-,Y47.4
1628,1,亚铁氰化(钾)(药用),ferric hexacyanoferrate,T50.6,X44.-,X64.-,Y14.-,Y57.2
1628,2,非药用,nonmedicinal,T65.8,X49.-,X69.-,Y19.-,
1628,1,重铬酸(钾),bichromate,T56.2,X49.-,X69.-,Y19.-,
1628,1,重硫酸(钾),bisulfate,T47.3,X44.-,X64.-,Y14.-,Y53.3
1628,0,钾碱(苛性的),Potash (caustic),T54.3,X49.-,X69.-,Y19.-,
1628,0,假麻黄碱 - 现译名 伪麻黄碱,Pseudoephedrine,T44.9,X43.-,X63.-,Y13.-,Y51.9
1628,0,间苯二酚[雷琐辛](非药用),"Resorcin, resorcinol",T65.8,X49.-,X69.-,Y19.-,
1628,1,药用,medicinal,T49.4,X44.-,X64.-,Y14.-,Y56.4
1628,0,间二氮杂茚 - 现译名 苯并咪唑,Benzimidazole,T60.3,X48.-,X68.-,Y18.-,
1628,0,间羟胺(升压药),Metaraminol,T44.4,X43.-,X63.-,Y13.-,Y51.4
1628,0,减轻充血的，鼻(粘膜),"Decongestant, nasal (mucosa)",T48.5,X44.-,X64.-,Y14.-,Y55.5
1628,1,复合,combination,T48.5,X44.-,X64.-,Y14.-,Y55.5
1628,0,碱(苛性的),Alkali (caustic),T54.3,X49.-,X69.-,Y19.-,
1628,0,碱化剂NEC,Alkalizing agent NEC,T50.9,X44.-,X64.-,Y14.-,Y43.5
1628,0,碱性复红,Basic fuchsin,T49.0,X44.-,X64.-,Y14.-,Y56.0
1628,0,碱液(浓缩的),Lye (concentrated),T54.3,X49.-,X69.-,Y19.-,
1628,0,姜,Ginger,T47.5,X44.-,X64.-,Y14.-,Y53.5
1628,1,牙买加,jamaica,T62.2,X49.-,X69.-,Y19.-,
1628,0,浆果，有毒的,"Berries, poisonous",T62.1,X49.-,X69.-,Y19.-,
1628,0,降钙素(钙代谢调节药),Calcitonin,T50.9,X44.-,X64.-,Y14.-,Y54.7
1628,0,降肾上腺素-现译名,"Levarterenol, Noradrenaline",T44.4,X43.-,X63.-,Y13.-,Y51.4
1628,0,降糖灵-现译名苯乙双胍,Phenformin,T38.3,X44.-,X64.-,Y14.-,Y42.3
1628,0,绛色霉素-现译名链黑霉素,Rufocromomycin,T45.1,X44.-,X64.-,Y14.-,Y43.3
1628,0,交感神经阻滞药NEC,Sympatholytic NEC,T44.8,X43.-,X63.-,Y13.-,Y51.8
1628,1,卤代烷基胺,haloalkylamine,T44.8,X43.-,X63.-,Y13.-,Y51.8
1628,0,交换溶液,Replacement solution,T50.3,X44.-,X64.-,Y14.-,Y54.6
1628,0,交沙霉素(抗生素),Josamycin,T36.3,X44.-,X64.-,Y14.-,Y40.3
1628,0,胶NEC,Glue NEC,T52.8,X49.-,X69.-,Y19.-,
1628,0,胶浆剂，植物的,"Mucilage, plant",T47.4,X44.-,X64.-,Y14.-,Y53.4
1628,0,胶粘剂NEC,Adhesive NEC,T65.8,X49.-,X69.-,Y19.-,
1628,0,胶原酶[胶原蛋白醇](烧伤清创，,Collagenase,T49.4,X44.-,X64.-,Y14.-,Y56.4
1628,0,焦没食子酸[连苯三酚],"Pyrogallol, Pyrogallic acid",T49.0,X44.-,X64.-,Y14.-,Y56.0
1628,0,焦炭烟雾或气体(一氧化碳),Coke fumes or gas,T58,X47.-,X67.-,Y17.-,
1628,1,工业用,industrial use,T58,X47.-,X67.-,Y17.-,
1628,0,焦油NEC,Tar NEC,T52.0,X46.-,X66.-,Y16.-,
1628,1,软膏,ointment,T49.1,X44.-,X64.-,Y14.-,Y56.1
1628,1,烟雾,fumes,T59.8,X47.-,X67.-,Y17.-,
1628,1,药用,medicinal,T49.1,X44.-,X64.-,Y14.-,Y56.1
1628,1,樟脑,camphor .-,T60.1,X48.-,X68.-,Y18.-,
1628,1,蒸馏物,distillate,T49.1,X44.-,X64.-,Y14.-,Y56.1
1629,0,角叉藻聚糖(润药),Carrageenan,T47.8,X44.-,X64.-,Y14.-,Y53.8
1629,0,角质促成剂 NEC,Keratoplastic NEC,T49.4,X44.-,X64.-,Y14.-,Y56.4
1629,0,角质软化剂NEC,Keratolytic drug NEC,T49.4,X44.-,X64.-,Y14.-,Y56.4
1629,1,蒽,anthracene,T49.4,X44.-,X64.-,Y14.-,Y56.4
1629,0,酵母菌,Yeast,T45.2,X44.-,X64.-,Y14.-,Y57.7
1629,1,干的(助消化药),dried,T45.2,X44.-,X64.-,Y14.-,Y57.7
1629,0,拮抗药,Antagonist,,,,,
1629,1,α肾上腺素能受体NEC,a-adrenoreceptor NEC,T44.6,X44.-,X64.-,Y14.-,Y51.6
1629,1,β肾上腺素能受体NEC,β-adrenoreceptor NEC,T44.7,X43.-,X63.-,Y13.-,Y51.7
1629,1,阿片制剂,opiate,T50.7,X44.-,X64.-,Y14.-,Y50.1
1629,1,抗凝血药,anticoagulant,T45.7,X44.-,X64.-,Y14.-,Y44.3
1629,1,麻醉性镇痛药,narcotic Analgesic,T50.7,X44.-,X64.-,Y14.-,Y50.1
1629,1,嘧啶,pyrimidine,T45.1,X44.-,X64.-,Y14.-,Y43.1
1629,1,醛甾酮,aldosterone,T50.0,X44.-,X64.-,Y14.-,Y54.1
1629,1,血清素[5-羟色胺],serotonin,T46.5,X44.-,X64.-,Y14.-,Y52.5
1629,1,叶酸,folic acid,T45.1,X44.-,X64.-,Y14.-,Y43.1
1629,1,重金属,heavy metal,T45.8,X44.-,X64.-,Y14.-,Y43.8
1629,1,锥体外束NEC,extrapyramidal NEC,T44.3,X43.-,X63.-,Y13.-,Y51.3
1629,1,组织胺H2受体,H2 receptor,T47.0,X44.-,X64.-,Y14.-,Y53.1
1629,0,洁霉素-现译名林可霉素,Lincomycin,T36.8,X44.-,X64.-,Y14.-,Y40.8
1629,0,结核菌素，纯化蛋白质衍生的,"Tuberculin, purified protein",T50.8,X44.-,X64.-,Y14.-,Y57.6
1629,0,结晶性胰岛素锌混悬液,Extended insulin zinc,T38.3,X44.-,X64.-,Y14.-,Y42.3
1629,0,结晶紫-现译名甲紫,Crystal violet,T49.0,X44.-,X64.-,Y14.-,Y56.0
1629,0,结石溶解药,Calculus-dissolving drug,T50.9,X44.-,X64.-,Y14.-,Y57.8
1629,0,睫状肌麻痹药,Cycloplegic drug,T49.5,X44.-,X64.-,Y14.-,Y56.5
1629,0,解毒剂NEC,"Antidote, Detoxifying",T50.6,X44.-,X64.-,Y14.-,Y57.2
1629,1,重金属,heavy metal,T45.8,X44.-,X64.-,Y14.-,Y43.8
1629,0,解痉剂,Spasmolytic,,,,,
1629,1,骨骼肌肉NEC,skeletal muscle NEC,T48.1,X44.-,X64.-,Y14.-,Y55.1
1629,1,四价铵,quaternary ammonium,T44.3,X43.-,X63.-,Y13.-,Y51.3
1629,1,支气管的NEC,bronchial NEC,T48.6,X44.-,X64.-,Y14.-,Y55.6
1629,1,自主(神经)的,autonomic,T44.3,X43.-,X63.-,Y13.-,Y51.3
1629,0,解磷定(碘化)(解毒药),Pralidoxime (iodide),T50.6,X44.-,X64.-,Y14.-,Y57.2
1629,1,氯化,chloride,T50.6,X44.-,X64.-,Y14.-,Y57.2
1629,0,解热药 NEC,Antipyretic NEC,T39.8,X40.-,X60.-,Y10.-,Y45.8
1629,0,戒酒硫- 现译名 双硫仑,Disulfiram,T50.6,X44.-,X64.-,Y14.-,Y57.3
1629,0,芥子(催吐药),Mustard (emetic),T47.7,X44.-,X64.-,Y14.-,Y53.7
1629,1,黑色,black,T47.7,X44.-,X64.-,Y14.-,Y53.7
1629,0,芥子气[二氯二乙硫醚]，,Dichloroethyl sulfide,T59.8,X47.-,X67.-,Y17.-,
1629,0,金,Gold,,,,,
1629,1,胶体(198金),colloidal (198Au),T45.1,X44.-,X64.-,Y14.-,Y43.3
1629,1,盐,salts,T39.4,X40.-,X60.-,Y10.-,Y45.4
1629,0,金胺,Auramine,T65.8,X49.-,X69.-,Y19.-,
1629,0,金刚烷胺(抗震颤麻痹药),Amantadine,T42.8,X41.-,X61.-,Y11.-,Y46.7
1630,0,金刚乙胺（抗病毒药）,Rimantadine,T37.5,X44.-,X64.-,Y14.-,Y41.5
1630,0,金链花(籽),Laburnum (seeds),T62.2,X49.-,X69.-,Y19.-,
1630,0,金硫醋苯胺(抗炎镇痛药),Aurothioglycanide,T39.4,X40.-,X60.-,Y10.-,Y45.4
1630,0,金硫丁二钠,Aurothiomalate sodium,T39.4,X40.-,X60.-,Y10.-,Y45.4
1630,0,金硫葡糖(抗炎镇痛药),Aurothioglucose,T39.4,X40.-,X60.-,Y10.-,Y45.4
1630,0,金霉素(氯四环素),Chlortetracycline,T36.4,X44.-,X64.-,Y14.-,Y40.4
1630,0,金诺芬(抗关节炎药),Auranofin,T39.4,X40.-,X60.-,Y10.-,Y45.4
1630,0,金雀花碱 - 现译名司巴丁,Sparteine,T48.0,X44.-,X64.-,Y14.-,Y55.0
1630,0,金属(重的)(非药用),Metals (heavy)(nonmedicinal),T56.9,X49.-,X69.-,Y19.-,
1630,1,特指的NEC,specified NEC,T56.8,X49.-,X69.-,Y19.-,
1630,0,精氨酸(氨基酸类),Arginine,T50.9,X44.-,X64.-,Y14.-,Y57.1
1630,1,谷氨酸盐,glutamate,T50.9,X44.-,X64.-,Y14.-,Y57.1
1630,0,精蛋白硫酸盐 - 现译名,Protamine sulfate,T45.7,X44.-,X64.-,Y14.-,Y44.3
1630,0,精神安定药NEC,Neuroleptic drug NEC,T43.5,X41.-,X61.-,Y11.-,Y49.5
1630,1,丁酰苯,butyrophenone,T43.4,X41.-,X61.-,Y11.-,Y49.4
1630,1,吩噻嗪,phenothiazine,T43.3,X41.-,X61.-,Y11.-,Y49.3
1630,1,噻吨[硫蒽],thioxanthene,T43.4,X41.-,X61.-,Y11.-,Y49.4
1630,0,精神疗法药NEC,Psychotherapeutic drug NEC,T43.9,X41.-,X61.-,Y11.-,Y49.9
1630,0,精神迷幻药NEC,Psychodysleptic drug NEC,T40.9,X42.-,X62.-,Y12.-,Y49.6
1630,0,精神兴奋药NEC,Psychostimulant NEC,T43.6,X41.-,X61.-,Y11.-,Y49.7
1630,0,精神药物NEC,Psychotropic drug NEC,T43.9,X41.-,X61.-,Y11.-,Y49.9
1630,1,特指的NEC,specified NEC,T43.8,X41.-,X61.-,Y11.-,Y49.8
1630,0,肼[联胺],Hydrazine,T54.1,X49.-,X69.-,Y19.-,
1630,1,单胺氧化酶抑制剂,monoamine oxidase,T43.1,X41.-,X61.-,Y11.-,Y49.1
1630,0,肼苯哒嗪-现译名肼屈嗪,Hydralazine,T46.5,X44.-,X64.-,Y14.-,Y52.5
1630,0,肼屈嗪[肼苯哒嗪](降压药),Hydralazine,T46.5,X44.-,X64.-,Y14.-,Y52.5
1630,0,净司他丁(抗肿瘤药),Zinostatin,T45.1,X44.-,X64.-,Y14.-,Y43.3
1630,0,静脉机能不全-现译名,Lipo-alprostadil,T46.7,X44.-,X64.-,Y14.-,Y52.7
1630,1,氨基酸,amino acids,T50.9,X44.-,X64.-,Y14.-,Y57.8
1630,1,脂混悬液,fat suspension,T50.9,X44.-,X64.-,Y14.-,Y57.8
1630,0,静脉硬化药NEC,Venous sclerosing drug NEC,T46.8,X44.-,X64.-,Y14.-,Y52.8
1630,0,酒精[醑剂](中性的)NEC,"Spirit(s) (neutral), Alcohol",T51.0,X45.-,X65.-,Y15.-,
1630,1,工业用,industrial,T51.0,X45.-,X65.-,Y15.-,
1630,1,外科用,surgical,T51.0,X45.-,X65.-,Y15.-,
1630,0,酒石酸(药用辅料),Tartaric acid,T65.8,X49.-,X69.-,Y19.-,
1630,0,酒石酸，轻泻药,"Tartrate, laxative",T47.4,X44.-,X64.-,Y14.-,Y53.4
1630,1,耳、鼻或咽喉,"ear, nose or throat",T49.6,X44.-,X64.-,Y14.-,Y56.6
1630,1,皮,skin,T49.4,X44.-,X64.-,Y14.-,Y56.4
1630,1,特指的NEC,specified NEC,T49.8,X44.-,X64.-,Y14.-,Y56.8
1630,1,眼,eye,T49.5,X44.-,X64.-,Y14.-,Y56.5
1630,0,酒石酸长春瑞滨(抗肿瘤药),Vinorelbine tartrate,T45.1,X44.-,X64.-,Y14.-,Y43.3
1631,0,酒石酸喷托铵(降压药),Pentolonium tartrate,T44.2,X43.-,X63.-,Y13.-,Y51.2
1631,0,酒石酸戊双吡铵(降血压药),Pentapyrrolidinium,T44.2,X43.-,X63.-,Y13.-,Y51.2
1631,0,局部作用药NEC,Local action drug NEC,T49.8,X44.-,X64.-,Y14.-,Y56.8
1631,0,局部皮肤作用药NEC,Topical action drug NEC,T49.9,X44.-,X64.-,Y14.-,Y56.9
1631,0,桔皮苷 - 现译名 橙皮苷,Hesperidin,T46.9,X44.-,X64.-,Y14.-,Y52.9
1631,0,菊糖[土木香粉],Inulin,T50.8,X44.-,X64.-,Y14.-,Y57.6
1631,0,枸橼酸-现译名柠檬酸,Citric acid,T47.5,X44.-,X64.-,Y14.-,Y53.5
1631,0,枸橼酸镓(诊断用药),Gallium citrate,T50.9,X44.-,X64.-,Y14.-,Y54.7
1631,0,聚氨(基)乙醇烷基硫酸盐,Polyethanolamine alkyl,T49.2,X44.-,X64.-,Y14.-,Y56.2
1631,0,聚桂醇,Polidocanol,T46.8,X44.-,X64.-,Y14.-,Y52.8
1631,0,聚卡波非(导泻药),Polycarbophil,T47.4,X44.-,X64.-,Y14.-,Y53.4
1631,0,聚磷酸雌二醇(雌激素类),Polyestradiol phosphate,T38.5,X44.-,X64.-,Y14.-,Y42.5
1631,0,聚马醚铁(治缺铁性贫血药),Ferropolimaler,T45.4,X44.-,X64.-,Y14.-,Y44.0
1631,0,聚明胶肽(血容量补充药),Polygeline,T45.8,X44.-,X64.-,Y14.-,Y44.7
1631,0,聚诺昔林(抗真菌药),Polynoxylin,T49.0,X44.-,X64.-,Y14.-,Y56.0
1631,0,聚四氟乙烯(吸入),Polytetrafluoroethylene,T59.8,X47.-,X67.-,Y17.-,
1631,0,聚维酮[聚乙烯吡咯酮],"Povidone, Polyvidone",T45.8,X44.-,X64.-,Y14.-,Y44.7
1631,1,碘(消毒防腐剂),iodine,T49.0,X44.-,X64.-,Y14.-,Y56.0
1631,0,聚西托醇(用药辅料),Cetomacrogol,T50.9,X44.-,X64.-,Y14.-,Y57.4
1631,0,聚乙二醇(药用辅料),Macrogol,T50.9,X44.-,X64.-,Y14.-,Y57.4
1631,0,聚乙烯吡咯酮-现译名聚维酮,"Polyvinylpyrrolidone, PVP",T45.8,X44.-,X64.-,Y14.-,Y44.7
1631,0,聚乙烯粘剂,Polyethylene adhesive,T49.3,X44.-,X64.-,Y14.-,Y56.3
1631,0,卷曲霉素(抗生素),Capreomycin,T36.8,X44.-,X64.-,Y14.-,Y40.8
1632,0,咖啡,Coffee,T62.8,X49.-,X69.-,Y19.-,
1632,0,咖啡因(利尿剂，中枢兴奋药),Caffeine,T43.6,X41.-,X61.-,Y11.-,Y50.2
1632,0,卡巴胆碱[碳酰胆碱](拟胆碱药),Carbachol,T44.1,X43.-,X63.-,Y13.-,Y51.1
1632,0,卡巴克络(水杨酸盐)(磺化钠),Carbazochrome (salicylate),T49.4,X44.-,X64.-,Y14.-,Y56.4
1632,0,卡巴立[甲氨甲酸萘酯](杀虫药),"Carbaril, Carbaryl",T60.0,X48.-,X68.-,Y18.-,
1632,0,卡巴明树脂[羧丙烯胺],Carbacrylamine (resin),T50.3,X44.-,X64.-,Y14.-,Y54.6
1632,0,卡巴匹林钙(解热镇痛药),Carbasalate calcium,T39.0,X40.-,X60.-,Y10.-,Y45.1
1632,0,卡巴胂[对脲基苯胂酸],Carbarsone,T37.3,X44.-,X64.-,Y14.-,Y41.3
1632,0,卡比多巴(伴有左旋多巴),Carbidopa (with levodopa),T42.8,X41.-,X61.-,Y11.-,Y46.7
1632,0,卡比芬(镇痛药),Carbiphene,T39.8,X40.-,X60.-,Y10.-,Y45.8
1632,0,卡比马唑[甲亢平],Carbimazole,T38.2,X44.-,X64.-,Y14.-,Y42.2
1632,0,卡比米嗪-现译名 卡匹帕明,Carpipramine,T42.4,X41.-,X61.-,Y11.-,Y47.1
1632,0,卡比沙明(抗组胺药),Carbinoxamine,T45.0,X44.-,X64.-,Y14.-,Y43.0
1632,0,卡必醇,Carbitol,T52.3,X46.-,X66.-,Y16.-,
1632,0,卡波醌(抗肿瘤药),Carboquone,T45.1,X44.-,X64.-,Y14.-,Y43.3
1632,0,卡波硫磷 - 现译名三硫磷,Carbophenothion,T60.0,X48.-,X68.-,Y18.-,
1632,0,卡波罗孟[延通心](抗心绞痛药),Carbocromen,T46.3,X44.-,X64.-,Y14.-,Y52.3
1632,0,卡铂(抗肿瘤药),Carboplatin,T45.1,X44.-,X64.-,Y14.-,Y43.3
1632,0,卡布特罗(支气管扩张药),Carbuterol,T48.6,X44.-,X64.-,Y14.-,Y55.6
1632,0,卡氮芥-现译名卡莫司汀,"Carmustine, BCNU",T45.1,X44.-,X64.-,Y14.-,Y43.3
1632,0,卡地阿唑-现译名戊四氮,"Leptazol, Pentylenetetrazole",T50.7,X44.-,X64.-,Y14.-,Y50.0
1632,0,卡地姆碘(外科用药),Cadexomer iodine,T49.0,X44.-,X64.-,Y14.-,Y56.0
1632,0,卡非西林[羧苄青霉素苯酯],Carfecillin,T36.0,X44.-,X64.-,Y14.-,Y40.0
1632,0,卡奋乃静(抗精神病药),Carfenazine,T43.3,X43.-,X63.-,Y13.-,Y49.3
1632,0,卡介菌(菌苗),BCG (vaccine),T50.9,X44.-,X64.-,Y14.-,Y58.0
1632,0,卡可基[四甲二胂][二甲胂酸],"Cacodyl, cacodylic acid",T57.0,X48.-,X68.-,Y18.-,
1632,0,卡拉洛尔(β受体阻滞药),Carazolol,T44.7,X43.-,X63.-,Y13.-,Y51.7
1632,0,卡拉美芬[咳美芬](抗震颤麻痹药),Caramiphen,T44.3,X43.-,X63.-,Y13.-,Y51.3
1632,0,卡立普多[肌安宁](安定药),Carisoprodol,T42.8,X41.-,X61.-,Y11.-,Y46.8
1632,0,卡鲁睾酮(抗肿瘤药),Calusterone,T38.7,X44.-,X64.-,Y14.-,Y42.7
1632,0,卡洛芬(抗炎镇痛药),Carprofen,T39.3,X40.-,X60.-,Y10.-,Y45.3
1632,0,卡马西泮(安定药，抗抑郁药),Camazepam,T42.4,X41.-,X61.-,Y11.-,Y47.1
1632,0,卡马西平(镇癫疯，镇痛药),Carbamazepine,T42.1,X41.-,X61.-,Y11.-,Y46.4
1632,0,卡麦角林(催乳素抑制药),Cabergoline,T42.8,X41.-,X61.-,Y11.-,Y46.7
1632,0,卡米罗芬(解痉药),Camylofin,T44.3,X43.-,X63.-,Y13.-,Y51.3
1632,0,卡莫氟(抗肿瘤药),Carmofur,T45.1,X44.-,X64.-,Y14.-,Y43.1
1632,0,卡莫司汀[卡氮芥][亚硝脲氮芥],"Carmustine, BCNU",T45.1,X44.-,X64.-,Y14.-,Y43.3
1632,0,卡那霉素(抗生素),Kanamycin,T36.5,X44.-,X64.-,Y14.-,Y40.5
1632,0,卡那霉素B(抗生素),Bekanamycin,T36.5,X44.-,X64.-,Y14.-,Y40.5
1632,0,卡匹帕明[卡比米嗪](抗抑郁药),Carpipramine,T42.4,X41.-,X61.-,Y11.-,Y47.1
1632,0,卡普氯铵(抗胆碱药),Carpronium chloride.,T44.3,X43.-,X63.-,Y13.-,Y51.3
1633,0,卡屈嗪(降压药),Cadralazine,T46.5,X44.-,X64.-,Y14.-,Y52.5
1633,0,卡塔叶(阿拉伯茶树叶),"Catha (tea), Khat",T43.6,X41.-,X61.-,Y11.-,Y49.7
1633,0,卡替洛尔(β受体阻滞药),Carteolol,T44.7,X43.-,X63.-,Y13.-,Y51.7
1633,0,卡托普利[巯甲丙脯酸](降压药),Captopril,T46.4,X44.-,X64.-,Y14.-,Y52.4
1633,0,卡溴脲[二乙溴乙酰脲],Carbromal,T42.6,X41.-,X61.-,Y11.-,Y47.4
1633,0,卡茚西林[羧茚青霉素](抗生素),Carindacillin,T36.0,X44.-,X64.-,Y14.-,Y40.0
1633,0,凯布宗(抗炎镇痛药),"Kebuzone, Ketazon",T39.2,X40.-,X60.-,Y10.-,Y45.8
1633,0,凯林(血管扩张药),Khellin,T46.3,X44.-,X64.-,Y14.-,Y52.3
1633,0,凯林苷(血管扩张药),Khelloside,T46.3,X44.-,X64.-,Y14.-,Y52.3
1633,0,凯他唑仑(安定药),Ketazolam,T42.4,X41.-,X61.-,Y11.-,Y47.1
1633,0,凯托米酮(镇痛药),Ketobemidone,T40.4,X42.-,X62.-,Y12.-,Y45.0
1633,0,坎利酸(醛甾酮拮抗药),Canrenoic acid,T50.0,X44.-,X64.-,Y14.-,Y54.1
1633,0,坎利酮[烯睾丙内酯],Canrenone,T50.0,X44.-,X64.-,Y14.-,Y54.1
1633,0,糠(小麦),Bran (wheat),T47.4,X44.-,X64.-,Y14.-,Y53.4
1633,0,糠醛,Furfural,T52.8,X46.-,X66.-,Y16.-,
1633,0,抗(胃肠)气胀药,Antiflatulent,T47.5,X44.-,X64.-,Y14.-,Y53.5
1633,0,抗白喉血清,Antidiphtheria serum,T50.9,X44.-,X64.-,Y14.-,Y59.3
1633,0,抗爆剂(四乙铅),Antiknock (tetraethyl lead),T56.0,X49.-,X69.-,Y19.-,
1633,0,抗鞭虫药,Antiwhipworm drug,T37.4,X44.-,X64.-,Y14.-,Y41.4
1633,0,抗扁蠕虫药,Antiplatyhelminthic drug,T37.4,X44.-,X64.-,Y14.-,Y41.4
1633,0,抗病毒药NEC,Antiviral drug NEC,T37.5,X44.-,X64.-,Y14.-,Y41.5
1633,1,眼,eye,T49.5,X44.-,X64.-,Y14.-,Y56.5
1633,0,抗雌激素药NEC,Antiestrogen NEC,T38.6,X44.-,X64.-,Y14.-,Y42.6
1633,0,抗促性腺激素NEC,Antigonadotrophin NEC,T38.6,X44.-,X64.-,Y14.-,Y42.6
1633,0,抗代谢药,Antimetabolite,T45.1,X44.-,X64.-,Y14.-,Y43.1
1633,0,抗胆碱能药NEC,Anticholinergic NEC,T44.3,X43.-,X63.-,Y13.-,Y51.3
1633,0,抗胆碱酯酶药,Anticholinesterase,T44.0,X43.-,X63.-,Y13.-,Y51.0
1633,1,有机磷,organophosphorus,T44.0,X43.-,X63.-,Y13.-,Y51.0
1633,0,抗胆甾醇血药NEC,Anticholesterolemic drug,T46.6,X44.-,X64.-,Y14.-,Y52.6
1633,0,抗癫痈药,Antiepileptic,T42.7,X41.-,X61.-,Y11.-,Y46.6
1633,1,混合的 NEC,mixed NEC,T42.5,X41.-,X61.-,Y11.-,Y46.6
1633,1,特指的 NEC,specified NEC,T42.6,X41.-,X61.-,Y11.-,Y46.6
1633,0,抗动脉硬化药,Antiarteriosclerotic drug,T46.6,X44.-,X64.-,Y14.-,Y52.6
1633,0,抗毒素,Antitoxin,,,,,
1633,1,白喉,diphtheria,T50.9,X44.-,X64.-,Y14.-,Y59.3
1633,1,破伤风,tetanus,T50.9,X44.-,X64.-,Y14.-,Y59.3
1633,1,气性坏疽,gas gangrene,T50.9,X44.-,X64.-,Y14.-,Y59.3
1633,0,抗毒蕈碱药NEC,Antimuscarinic NEC,T44.3,X43.-,X63.-,Y13.-,Y51.3
1633,0,抗分枝杆菌药NEC,Antimycobacterial drugNEC,T37.1,X44.-,X64.-,Y14.-,Y41.1
1633,1,复合,combination,T37.1,X44.-,X64.-,Y14.-,Y41.1
1633,0,抗风湿药NEC,Antirheumatic NEC,T39.4,X40.-,X60.-,Y10.-,Y45.4
1633,0,抗干眼醇-现译名维生素A,Axerophthol,T45.2,X44.-,X64.-,Y14.-,Y57.7
1633,0,抗肝素药,Antiheparin drug,T45.7,X44.-,X64.-,Y14.-,Y44.3
1633,0,抗感冒药NEC,Anti-common-cold drug NEC,T48.5,X44.-,X64.-,Y14.-,Y55.5
1634,0,抗感染药 NEC,Anti-infective NEC,T37.9,X44.-,X64.-,Y14.-,Y41.9
1634,1,铋剂，局部的,"bismuth, local",T49.0,X44.-,X64.-,Y14.-,Y56.0
1634,1,耳鼻喉,ENT,T49.6,X44.-,X64.-,Y14.-,Y56.6
1634,1,混合的,mixed,T37.9,X44.-,X64.-,Y14.-,Y41.9
1634,1,局部的NEC,local NEC,T49.0,X44.-,X64.-,Y14.-,Y56.0
1634,2,特指的NEC,specified NEC,T49.0,X44.-,X64.-,Y14.-,Y56.0
1634,1,眼 NEC,eye NEC,T49.5,X44.-,X64.-,Y14.-,Y56.5
1634,0,抗高血脂药,Antihyperlipidemic drug,T46.6,X44.-,X64.-,Y14.-,Y52.6
1634,0,抗高血压药NEC,Antihypertensive drug NEC,T46.5,X44.-,X64.-,Y14.-,Y52.5
1634,0,抗钩虫药,Antihookworm drug,T37.4,X44.-,X64.-,Y14.-,Y41.4
1634,0,抗过敏药NEC,Antiallergic NEC,T45.0,X44.-,X64.-,Y14.-,Y43.0
1634,0,抗坏血酸[维生素C],Ascorbic acid,T45.2,X44.-,X64.-,Y14.-,Y57.7
1634,0,抗幻觉剂,Antihallucinogen,T43.5,X41.-,X61.-,Y11.-,Y49.5
1634,0,抗寄生虫药，全身性,"Antiparasitic drug, systemic",T37.9,X44.-,X64.-,Y14.-,Y41.9
1634,1,局部NEC,local NEC,T49.0,X44.-,X64.-,Y14.-,Y56.0
1634,1,特指的 NEC,specified NEC,T37.8,X44.-,X64.-,Y14.-,Y41.8
1634,0,抗甲状腺药NEC,Antithyroid drug NEC,T38.2,X44.-,X64.-,Y14.-,Y42.2
1634,0,抗焦虑药NEC,Antianxiety drug NEC,T43.5,X41.-,X61.-,Y11.-,Y47.9
1634,0,抗惊厥药 NEC,Anticonvulsant NEC,T42.6,X41.-,X61.-,Y11.-,Y46.6
1634,1,巴比妥,barbiturate,T42.3,X41.-,X61.-,Y11.-,Y47.0
1634,1,催眠药NEC,hypnotic NEC,T42.6,X41.-,X61.-,Y11.-,Y47.8
1634,1,复合(伴有巴比妥),combination (with,T42.3,X41.-,X61.-,Y11.-,Y47.0
1634,1,琥珀酰亚胺[丁二酰亚胺],succinimide,T42.2,X41.-,X61.-,Y11.-,Y46.0
1634,1,嘧啶二酮,pyrimidinedione,T42.6,X41.-,X61.-,Y11.-,Y46.6
1634,1,脱氧巴比妥类,deoxybarbiturates,T42.3,X41.-,X61.-,Y11.-,Y46.3
1634,1,噁唑烷二酮,oxazolidinedione,T42.2,X41.-,X61.-,Y11.-,Y46.1
1634,1,乙内酰脲[海因],hydantoin,T42.0,X41.-,X61.-,Y11.-,Y46.2
1634,0,抗精神病药NEC,Antipsychotic drug NEC,T43.5,X41.-,X61.-,Y11.-,Y49.5
1634,1,吩噻嗪,phenothiazine,T43.3,X41.-,X61.-,Y11.-,Y49.3
1634,0,抗静脉曲张药,Antivaricose drug,T46.8,X44.-,X64.-,Y14.-,Y52.8
1634,0,抗菌素 NEC - 现译名 抗生素,Antibiotic NEC,T36.9,X44.-,X64.-,Y14.-,Y40.9
1634,0,抗狂犬病超免疫血清,Antirabies hyperimmune,T50.9,X44.-,X64.-,Y14.-,Y59.3
1634,0,抗利尿激素,Antidiuretic hormone,T38.8,X44.-,X64.-,Y14.-,Y42.8
1634,0,抗毛滴虫药,Antitrichomonal drug,T37.3,X44.-,X64.-,Y14.-,Y41.3
1634,0,抗真菌药,Antifungal,,,,,
1634,1,非药用(喷雾),nonmedicinal (spray),T60.3,X48.-,X68.-,Y18.-,
1634,1,抗感染药NEC,anti-infective NEC,T37.9,X44.-,X64.-,Y14.-,Y41.9
1634,1,抗生素（全身性）,antibiotic (systemic),T36.7,X44.-,X64.-,Y14.-,Y40.7
1634,1,消毒剂，局部,"disinfectant, local",T49.0,X44.-,X64.-,Y14.-,Y56.0
1634,0,抗(人)免疫球蛋白D,Anti-D immunoglobulin (human),T50.9,X44.-,X64.-,Y14.-,Y59.3
1634,0,抗D免疫球蛋白,Anti-D immunoglobulin,T50.9,X44.-,X64.-,Y14.-,Y59.3
1634,0,抗敏安-现译名多西拉敏,Doxylamine,T45.0,X44.-,X64.-,Y14.-,Y43.0
1634,0,抗尿钾排泄药,Antikaliuretic,T50.3,X44.-,X64.-,Y14.-,Y54.6
1634,0,抗凝血药NEC,Anticoagulant NEC,T45.5,X44.-,X64.-,Y14.-,Y44.2
1634,1,拮抗药,antagonist,T45.7,X44.-,X64.-,Y14.-,Y44.3
1635,0,抗疟药,Antimalarial,T37.2,X44.-,X64.-,Y14.-,Y41.2
1635,1,嘧啶衍生物,pyrimidine derivative,T37.2,X44.-,X64.-,Y14.-,Y41.2
1635,1,预防用药NEC,prophylactic NEC,T37.2,X44.-,X64.-,Y14.-,Y41.2
1635,0,抗帕金森病药 NEC,Antiparkinsonism drug NEC,T42.8,X41.-,X61.-,Y11.-,Y46.7
1635,0,抗贫血(药)(制剂),Anti-anemic (drug),T45.8,X44.-,X64.-,Y14.-,Y44.9
1635,0,抗破伤风免疫球蛋白,Antitetanus immunoglobulin,T50.9,X44.-,X64.-,Y14.-,Y59.3
1635,0,抗强直药 NEC,Antirigidity drug NEC,T42.8,X41.-,X61.-,Y11.-,Y46.8
1635,0,抗人体淋巴细胞球蛋白,"AHLG, Anti-human",T50.9,X44.-,X64.-,Y14.-,Y59.3
1635,0,抗蛇毒素(血清),"Antivenin, antivenom (sera)",T50.9,X44.-,X64.-,Y14.-,Y59.3
1635,1,响尾蛇毒素,crotaline,T50.9,X44.-,X64.-,Y14.-,Y59.3
1635,1,蜘蛛咬伤,spider bite,T50.9,X44.-,X64.-,Y14.-,Y59.3
1635,0,抗神经炎素-现译名维生素B₁,Aneurine,T45.2,X44.-,X64.-,Y14.-,Y57.7
1635,0,抗肾上腺素药NEC,Antiadrenergic NEC,T44.8,X43.-,X63.-,Y13.-,Y51.8
1635,0,抗生素[抗菌素]NEC,Antibiotic NEC,T36.9,X44.-,X64.-,Y14.-,Y40.9
1635,1,β-内酰胺NEC,beta-lactam NEC,T36.1,X44.-,X64.-,Y14.-,Y40.1
1635,1,氨基糖苷类,aminoglycoside,T36.5,X44.-,X64.-,Y14.-,Y40.5
1635,1,肠道,intestinal,T36.8,X44.-,X64.-,Y14.-,Y40.8
1635,1,多肽,polypeptide,T36.8,X44.-,X64.-,Y14.-,Y40.8
1635,1,耳鼻喉,ENT,T49.6,X44.-,X64.-,Y14.-,Y56.6
1635,1,局部,local,T49.0,X44.-,X64.-,Y14.-,Y56.0
1635,1,抗癌,anticancer,T45.1,X44.-,X64.-,Y14.-,Y43.3
1635,1,抗真菌,antifungal,T36.7,X44.-,X64.-,Y14.-,Y40.7
1635,1,抗肿瘤,antineoplastic,T45.1,X44.-,X64.-,Y14.-,Y43.3
1635,1,杀真菌(局部),fungicidal (local),T49.0,X44.-,X64.-,Y14.-,Y56.0
1635,1,特指的NEC,specified NEC,T36.8,X44.-,X64.-,Y14.-,Y40.8
1635,1,咽喉,throat,T49.6,X44.-,X64.-,Y14.-,Y56.6
1635,1,眼,eye,T49.5,X44.-,X64.-,Y14.-,Y56.5
1635,0,抗丝虫药,Antifilarial drug,T37.4,X44.-,X64.-,Y14.-,Y41.4
1635,0,抗酸药NEC,Antacid NEC,T47.1,X44.-,X64.-,Y14.-,Y53.1
1635,0,抗糖尿病药NEC,Antidiabetic NEC,T38.3,X44.-,X64.-,Y14.-,Y42.3
1635,1,复合的,combined,T38.3,X44.-,X64.-,Y14.-,Y42.3
1635,1,磺酰脲,sulfonylurea,T38.3,X44.-,X64.-,Y14.-,Y42.3
1635,1,双胍,biguanide,T38.3,X44.-,X64.-,Y14.-,Y42.3
1635,2,和磺酰基复合的,and sulfonyl combined,T38.3,X44.-,X64.-,Y14.-,Y42.3
1635,0,抗绦虫药,Antitapeworm drug,T37.4,X44.-,X64.-,Y14.-,Y41.4
1635,0,抗胃液分泌药NEC,Anti-gastric-secretion drug,T47.1,X44.-,X64.-,Y14.-,Y53.1
1635,0,抗纤维蛋白溶解药,Antifibrinolytic drug,T45.6,X44.-,X64.-,Y14.-,Y44.3
1635,0,抗线虫药,Antinematode drug,T37.4,X44.-,X64.-,Y14.-,Y41.4
1635,0,抗蝎毒素血清,Antiscorpion sera,T50.9,X44.-,X64.-,Y14.-,Y59.3
1635,0,抗心律失常药,Antidysrhythmic NEC,T46.2,X44.-,X64.-,Y14.-,Y52.2
1635,0,抗雄激素 NEC,Antiandrogen NEC,T38.6,X44.-,X64.-,Y14.-,Y42.6
1635,0,抗眩晕药,Antivertigo drug,T45.0,X44.-,X64.-,Y14.-,Y43.0
1635,0,抗血吸虫药,Antischistosomal drug,T37.4,X44.-,X64.-,Y14.-,Y41.4
1635,1,成分,fraction,T45.8,X44.-,X64.-,Y14.-,Y44.6
1635,1,浓缩球蛋白,globulin concentrate,T45.7,X44.-,X64.-,Y14.-,Y44.3
1636,1,人血浆,human plasma,T45.8,X44.-,X64.-,Y14.-,Y44.6
1636,1,血浆，干的,"plasma, dried",T45.7,X44.-,X64.-,Y14.-,Y44.3
1636,1,因子,factor,T45.8,X44.-,X64.-,Y14.-,Y44.6
1636,0,抗炎药NEC,"Anti-inflammatory drug, NEC",T39.3,X40.-,X60.-,Y10.-,Y45.9
1636,1,非甾体类NEC,nonsteroidal NEC,T39.3,X40.-,X60.-,Y10.-,Y45.3
1636,1,局部,local,T49.0,X44.-,X64.-,Y14.-,Y56.0
1636,1,特指的 NEC,specified NEC,T39.3,X40.-,X60.-,Y10.-,Y45.8
1636,0,抗抑制药NEC,Antidepressant NEC,T43.2,X41.-,X61.-,Y11.-,Y49.2
1636,1,三环或四环,tricyclic or tetracyclic,T43.0,X41.-,X61.-,Y11.-,Y49.0
1636,1,三唑吡啶,triazolpyridine,T43.2,X41.-,X61.-,Y11.-,Y49.2
1636,1,单胺氧化酶抑制剂,monoamine-oxidase-inhibitor,T43.1,X41.-,X61.-,Y11.-,Y49.1
1636,0,抗有丝分裂剂,Antimitotic agent,T45.1,X44.-,X64.-,Y14.-,Y43.3
1636,0,抗原生动物药NEC,Antiprotozoal drugNEC,T37.3,X44.-,X64.-,Y14.-,Y41.3
1636,1,局部,local,T49.0,X44.-,X64.-,Y14.-,Y56.0
1636,0,抗脂肪肝药NEC,Lipotropic drug NEC,T50.9,X44.-,X64.-,Y14.-,Y57.1
1636,0,抗脂血症药NEC,Antilipemic drug NEC,T46.6,X44.-,X64.-,Y14.-,Y52.6
1636,0,抗肿瘤药NEC,Antineoplastic NEC,T45.1,X44.-,X64.-,Y14.-,Y43.3
1636,1,复合,combination,T45.1,X44.-,X64.-,Y14.-,Y43.3
1636,2,雌激素,estrogen,T38.5,X44.-,X64.-,Y14.-,Y42.5
1636,1,类固醇,steroid,T38.7,X44.-,X64.-,Y14.-,Y42.7
1636,1,生物碱的,alkaloidal,T45.1,X44.-,X64.-,Y14.-,Y43.2
1636,0,考来替泼(降血脂药),Colestipol,T46.6,X44.-,X64.-,Y14.-,Y52.6
1636,0,考来烯胺[消胆胺](树脂)(降血脂药),"Cholestyramine, Colestyramine (resin)",T46.6,X44.-,X64.-,Y14.-,
1636,0,柯桠素,Chrysarobin,T49.4,X44.-,X64.-,Y14.-,Y56.4
1636,0,咳必清-现译名喷托维林,Carbetapentane,T48.3,X44.-,X64.-,Y14.-,Y55.3
1636,0,咳美芬-现译名卡拉美芬,Caramiphen,T44.3,X43.-,X63.-,Y13.-,Y51.3
1636,0,咳嗽合剂(糖浆),Cough mixture (syrup),T48.4,X44.-,X64.-,Y14.-,Y55.4
1636,0,可巴君[异肾上腺素](血管收缩药),"Levonordefrin, Corbadrine",T49.6,X44.-,X64.-,Y14.-,Y56.6
1636,0,可待因[甲基吗啡],"Codeine, Methylmorphine",T40.2,X42.-,X62.-,Y12.-,Y45.0
1636,0,可的伐唑(肾上腺皮质激素类),Cortivazol,T38.0,X44.-,X64.-,Y14.-,Y42.0
1636,0,可的松(醋酸盐),Cortisone (acetate),T38.0,X44.-,X64.-,Y14.-,Y42.0
1636,0,可的索 - 现译名 氢化可的松,Cortisol,T49.0,X44.-,X64.-,Y14.-,Y56.0
1636,0,可卡因,Cocaine,T40.5,X42.-,X62.-,Y12.-,Y48.3
1636,0,可可碱(利尿剂)(钙水杨酸盐),Theobromine (calcium,T48.6,X44.-,X64.-,Y14.-,Y55.6
1636,1,钠水杨酸盐,sodium salicylate,T48.6,X44.-,X64.-,Y14.-,Y55.6
1636,0,可乐定(降压药),Clonidine,T46.5,X44.-,X64.-,Y14.-,Y52.5
1636,0,可利迈仙[粘杆菌素],Colimycin,T36.8,X44.-,X64.-,Y14.-,Y40.8
1636,0,克菌丹(杀菌药),Captan,T60.3,X48.-,X68.-,Y18.-,
1636,0,克菌定-现译名地喹氯铵,Dequalinium chloride,T49.0,X44.-,X64.-,Y14.-,Y56.0
1636,0,克拉维酸[棒酸](抗生素),Clavulanic acid,T36.1,X44.-,X64.-,Y14.-,Y40.1
1636,0,克来范(含氯农用杀虫药),Kelevan,T60.1,X48.-,X68.-,Y18.-,
1636,0,克立法胺(抗阿米巴药),Clefamide,T37.3,X44.-,X64.-,Y14.-,Y41.3
1636,0,克立马丁-现译名氯马斯汀,Clemastine,T45.0,X44.-,X64.-,Y14.-,Y43.0
1636,0,克立咪唑(抗组胺药),Clemizole,T45.0,X44.-,X64.-,Y14.-,Y43.0
1636,1,青霉素,penicillin,T36.0,X44.-,X64.-,Y14.-,Y40.0
1637,0,克利贝特(降血脂药),Clinofibrate,T46.6,X44.-,X64.-,Y14.-,Y52.6
1637,0,克利溴胺(抗胆碱药),Clidinium bromide,T44.3,X43.-,X63.-,Y13.-,Y51.3
1637,0,克痢定 - 现译名 磺胺脒,Sulfaguanidine,T37.0,X44.-,X64.-,Y14.-,Y41.0
1637,0,克林霉素[氯林肯霉素][氯洁霉素],Clindamycin,T36.8,X44.-,X64.-,Y14.-,Y40.8
1637,0,克仑特罗[双氯醇胺](粘液溶解药),Clenbuterol,T48.6,X44.-,X64.-,Y14.-,Y55.6
1637,0,克罗米酚 - 现译名 氯米芬,Clomifene,T38.5,X44.-,X64.-,Y14.-,Y42.5
1637,0,克罗米通(抗疥癣药),Crotamiton,T49.0,X44.-,X64.-,Y14.-,Y56.0
1637,0,克洛皮洛福 - 现译名 毒死蜱,Chloropyrifos,T60.0,X48.-,X68.-,Y18.-,
1637,0,克霉唑(抗真菌药),Clotrimazole,T49.0,X44.-,X64.-,Y14.-,Y56.0
1637,0,克念菌素,Candicidin,T49.0,X44.-,X64.-,Y14.-,Y56.0
1637,0,"空气污染物, 未特指来源或类型","Air contaminant(s), source or type not specified",T65.9,X49.-,X69.-,Y19.-,
1637,0,口服补液盐,Oral rehydration salts,T50.3,X44.-,X64.-,Y14.-,Y54.6
1637,0,枯草菌酶 - 现译名 舒替兰酶,Sutilains,T45.3,X44.-,X64.-,Y14.-,Y43.6
1637,0,苦艾酒[苦艾],Absinthe,T51.0,X45.-,X65.-,Y15.-,
1637,0,苦毒毛旋花子苷-现译名,Ouabain(e),T46.0,X44.-,X64.-,Y14.-,Y52.0
1637,0,苦甜藤,Bittersweet,T62.2,X49.-,X69.-,Y19.-,
1637,0,苦土糊剂,Magnesia magma,T47.1,X44.-,X64.-,Y14.-,Y53.1
1637,0,苦味酸,Picric acid,T54.2,X49.-,X69.-,Y19.-,
1637,0,苦杏仁苷,Amygdaline,T62.2,X49.-,X69.-,Y19.-,
1637,0,苦杏仁酸[苯乙醇酸][扁桃酸],Mandelic acid,T37.8,X44.-,X64.-,Y14.-,Y41.8
1637,0,库马磷(抗蠕虫药),Coumaphos,T60.0,X48.-,X68.-,Y18.-,
1637,0,库美香豆素(抗凝药),Coumetarol,T45.5,X44.-,X64.-,Y14.-,Y44.2
1637,0,夸西泮(安定药),Quazepam,T42.4,X41.-,X61.-,Y11.-,Y47.1
1637,0,狂犬病,Rabies,,,,,
1637,1,(人)免疫球蛋白,immune globulin (human),T50.9,X44.-,X64.-,Y14.-,Y59.3
1637,1,疫苗,vaccine,T50.9,X44.-,X64.-,Y14.-,Y59.0
1637,0,奎雌醇[雌三醇环戊醚],"Quinestradol, Quinestrol",T38.5,X44.-,X64.-,Y14.-,Y42.5
1637,0,奎纳克林 - 现译名 米帕林,Quinacrine,T37.2,X44.-,X64.-,Y14.-,Y41.2
1637,0,奎尼丁[康奎宁](抗心律失常药),"Quinidine, Chinidin(e)",T46.2,X44.-,X64.-,Y14.-,Y52.2
1637,0,奎尼卡因-现译名 二甲异喹,"Quinisocaine, Dimethisoquin",T49.1,X44.-,X64.-,Y14.-,Y56.1
1637,0,奎宁(抗疟药),Quinine,T37.2,X44.-,X64.-,Y14.-,Y41.2
1637,0,奎纽帕明(抗抑郁药),Quinupramine,T43.0,X41.-,X61.-,Y11.-,Y49.0
1637,0,奎孕醇(孕激素类),Quingestanol,T38.4,X44.-,X64.-,Y14.-,Y42.4
1637,0,喹碘方(抗阿米巴药),Chiniofon,T37.8,X44.-,X64.-,Y14.-,Y41.8
1637,0,喹核醇乙酸酯 - 现译名,Aceclidine,T44.1,X43.-,X63.-,Y13.-,Y51.1
1637,0,喹啉(衍生物)NEC,Quinoline (derivatives) NEC,T37.8,X44.-,X64.-,Y14.-,Y41.8
1637,0,喹那普利(降压药),Quinapril,T46.4,X44.-,X64.-,Y14.-,Y52.4
1637,0,喹坦 - 现译名 二甲异喹,Dimethisoquin,T49.1,X44.-,X64.-,Y14.-,Y56.1
1637,0,喹噁啉(杀虫药),Quinalphos,T60.0,X48.-,X68.-,Y18.-,
1637,0,喹西特(抗疟药),Quinocide,T37.2,X44.-,X64.-,Y14.-,Y41.2
1637,0,喹乙宗(利尿剂),Quinethazone,T50.2,X44.-,X64.-,Y14.-,Y54.5
1637,0,昆虫(螫伤)，有毒的,"Insect (sting), venomous",T63.4,,,,
1638,0,六六六[六氯环己烷](杀虫药),"HCH, Hexachlorocyclohexane",T53.6,X46.-,X66.-,Y16.-,
1638,1,非药用(蒸气),nonmedicinal (vapor),T53.6,X46.-,X66.-,Y16.-,
1638,1,药用,medicinal,T49.0,X44.-,X64.-,Y14.-,Y56.0
1638,0,六甲密胺(抗肿瘤药),Hexamethylmelamine,T45.1,X44.-,X64.-,Y14.-,Y43.3
1638,0,六甲溴铵[溴己双铵](降血压药),Hexamethonium bromide,T44.2,X43.-,X63.-,Y13.-,Y51.2
1638,0,六氯苯(蒸气),Hexachlorobenzene,T60.3,X48.-,X68.-,Y18.-,
1638,0,六氯酚(消毒防腐剂),Hexachlorophene,T49.0,X44.-,X64.-,Y14.-,Y56.0
1638,0,六氯环己烷- 现译名六六六,Hexachlorocyclohexane,T53.6,X46.-,X66.-,Y16.-,
1638,0,六氢苯,Hexahydrobenzol,T52.8,X46.-,X66.-,Y16.-,
1638,0,六氢酚,Hexahydrophenol,T51.8,X45.-,X65.-,Y15.-,
1638,0,六氢甲酚,Hexahydrocresol(s),T51.8,X45.-,X65.-,Y15.-,
1638,1,氟化物(液体),fluoride (liquid),T57.8,X49.-,X69.-,Y19.-,
1638,2,蒸气,vapor,T59.8,X47.-,X67.-,Y17.-,
1638,1,含磷的,phosphorated,T60.0,X48.-,X68.-,Y18.-,
1638,1,含硫的,sulfurated,T57.8,X49.-,X69.-,Y19.-,
1638,1,含砷的,arseniurated,T57.0,X49.-,X69.-,Y19.-,
1638,1,硫化物(气体),sulfide (gas),T59.6,X47.-,X67.-,Y17.-,
1638,2,含砷的,arseniurated,T57.0,X49.-,X69.-,Y19.-,
1638,1,硫酸盐,sulfate,T57.8,X49.-,X69.-,Y19.-,
1638,1,氰化物,cyanide,T57.3,X49.-,X69.-,Y19.-,
1638,2,气体,gas,T59.8,X47.-,X67.-,Y17.-,
1638,1,砷化物,arsenide,T57.0,X49.-,X69.-,Y19.-,
1638,0,六氢脱氧麻黄碱-现译名,Propylhexedrine,T48.5,X44.-,X64.-,Y14.-,Y55.5
1638,0,六乙基四磷酸-现译名,Hexaethyl tetraphosphate,T60.0,X48.-,X68.-,Y18.-,
1638,0,"拉贝洛尔(α,β受体阻滞药)",Labetalol,T44.8,X43.-,X63.-,Y13.-,Y51.8
1638,0,拉萨尔糊剂[水杨酸氧化锌糊],Lassar's paste,T49.4,X44.-,X64.-,Y14.-,Y56.4
1638,0,拉西地平(血管扩张药),Lacidipine,T46.5,X44.-,X64.-,Y14.-,Y52.5
1638,0,拉氧头孢(抗生素),Latamoxef,T36.1,X44.-,X64.-,Y14.-,Y40.1
1638,0,蜡(石蜡)(石油),Wax (paraffin)(petroleum),T52.0,X46.-,X66.-,Y16.-,
1638,1,汽车,automobile,T65.8,X49.-,X69.-,Y19.-,
1638,0,辣椒,Capsicum,T49.4,X44.-,X64.-,Y14.-,Y56.4
1638,0,来托司坦(粘液溶解药),Letosteine,T48.4,X44.-,X64.-,Y14.-,Y55.4
1638,0,赖氨加压素(抗利尿剂，,Lypressin,T38.8,X44.-,X64.-,Y14.-,Y42.8
1638,0,赖甲环素(抗生素),Lymecycline,T36.4,X44.-,X64.-,Y14.-,Y40.4
1638,0,赖诺普利(降压药),Lisinopril,T46.4,X44.-,X64.-,Y14.-,Y52.4
1638,0,蓝肽[雨蛙肽](诊断用药),Ceruletide,T50.8,X44.-,X64.-,Y14.-,Y57.6
1638,0,莨菪,Hyoscyamus,T44.3,X43.-,X63.-,Y13.-,Y51.3
1638,1,干浸膏粉,dry extract,T44.3,X43.-,X63.-,Y13.-,Y51.3
1638,0,"莨菪碱(解痉药,散瞳药)",Hyoscyamine,T44.3,X43.-,X63.-,Y13.-,Y51.3
1639,0,劳卡尼（抗心律失常药）,Lorcainide,T46.2,X44.-,X64.-,Y14.-,Y52.2
1639,0,劳拉西泮[氯羟去甲安定],Lorazepam,T42.4,X41.-,X61.-,Y11.-,Y47.1
1639,0,劳拉义明(抗心律失常药),Lorajmine,T46.2,X44.-,X64.-,Y14.-,Y52.2
1639,0,酪酸菌 - 现译名 米雅菌,Miyari bacteria,T47.6,X44.-,X64.-,Y14.-,Y53.6
1639,0,乐果(杀虫药),Dimethoate,T60.0,X48.-,X68.-,Y18.-,
1639,0,雷汞,Fulminate of mercury,T56.1,X49.-,X69.-,Y19.-,
1639,0,雷氯必利(抗精神病药),Raclopride,T43.5,X41.-,X61.-,Y11.-,Y49.5
1639,0,雷米封 - 现译名 异烟肼,INH,T37.1,X44.-,X64.-,Y14.-,Y41.1
1639,0,雷米那酮(抗炎镇痛药),Ramifenazone,T39.2,X40.-,X60.-,Y10.-,Y45.8
1639,0,雷米普利(降压药),Ramipril,T46.4,X44.-,X64.-,Y14.-,Y52.4
1639,0,雷尼替丁(组胺H₂受体阻滞药),Ranitidine,T47.0,X44.-,X64.-,Y14.-,Y53.0
1639,0,雷琐辛-现译名间苯二酚,"Resorcin, resorcinol",T65.8,X49.-,X69.-,Y19.-,
1639,0,雷佐生[丙亚胺](抗肿瘤药),Razoxane,T45.1,X44.-,X64.-,Y14.-,Y43.3
1639,0,类阿片 NEC,Opioid NEC,T40.2,X42.-,X62.-,Y12.-,Y45.0
1639,0,类毒素,Toxoid,,,,,
1639,1,白喉,diphtheria,T50.9,X44.-,X64.-,Y14.-,Y58.5
1639,1,联合的,combined,T50.9,X44.-,X64.-,Y14.-,Y58.9
1639,1,破伤风,tetanus,T50.9,X44.-,X64.-,Y14.-,Y58.4
1639,0,类肝素(全身性),Heparinoid (systemic),T45.5,X44.-,X64.-,Y14.-,Y44.2
1639,0,类固醇,Steroid,,,,,
1639,1,抗肿瘤的，激素,"antineoplastic, hormone",T38.7,X44.-,X64.-,Y14.-,Y42.7
1639,2,雌激素,estrogen,T38.5,X44.-,X64.-,Y14.-,Y42.5
1639,1,雄激素性,androgenic,T38.7,X44.-,X64.-,Y14.-,Y42.7
1639,1,同化激素,anabolic,T38.7,X44.-,X64.-,Y14.-,Y42.7
1639,0,冷冻气体(含氯氟烃),Refrigerant gas,T53.5,X46.-,X66.-,Y16.-,
1639,1,不含氯氟烃,not chlorofluorocarbon,T59.8,X47.-,X67.-,Y17.-,
1639,0,离子交换树脂,Ion exchange resin,,,,,
1639,1,肠道,intestinal,T47.8,X44.-,X64.-,Y14.-,Y53.8
1639,1,考来烯胺(降血脂药),cholestyramine,T46.6,X44.-,X64.-,Y14.-,Y52.6
1639,1,阳离子,cation,T50.3,X44.-,X64.-,Y14.-,Y54.6
1639,1,阴离子,anion,T47.8,X44.-,X64.-,Y14.-,Y53.8
1639,0,藜芦属生物碱，结晶形藜芦碱,"Veratrum alkaloid, veratrine",T46.5,X44.-,X64.-,Y14.-,Y52.5
1639,0,锂,Lithium,T56.8,X49.-,X69.-,Y19.-,
1639,1,葡糖酸(锂),gluconate,T43.5,X41.-,X61.-,Y11.-,Y49.5
1639,1,盐(碳酸盐),salts (carbonate),T43.5,X41.-,X61.-,Y11.-,Y49.5
1639,0,力普霉素-现译名核糖霉素,Ribostamycin,T36.5,X44.-,X64.-,Y14.-,Y40.5
1639,0,立克次体疫苗NEC,Rickettsial vaccine NEC,T50.9,X44.-,X64.-,Y14.-,Y59.1
1639,0,丽托德林-现译名利托君,Ritodrine,T44.5,X43.-,X63.-,Y13.-,Y51.5
1639,0,利巴韦林[病毒唑](抗病毒药),Ribavirin,T37.5,X44.-,X64.-,Y14.-,Y41.5
1639,0,利胆药,Choleretic,T47.5,X44.-,X64.-,Y14.-,Y53.5
1639,0,利胆药类,Cholagogues,T47.5,X44.-,X64.-,Y14.-,Y53.5
1639,0,利多苯宁(诊断用药),Lidofenin,T50.8,X44.-,X64.-,Y14.-,Y57.6
1639,0,利多氟嗪(冠脉扩张药),Lidoflazine,T46.1,X44.-,X64.-,Y14.-,Y52.1
1639,0,利多卡因[塞罗卡因](局麻药),"Lignocaine, Lidocaine",T41.3,X44.-,X64.-,Y14.-,Y48.3
1639,1,区域(阻滞),regional,T41.3,X44.-,X64.-,Y14.-,Y48.3
1639,1,腰椎,spinal,T41.3,X44.-,X64.-,Y14.-,Y48.3
1640,0,利凡诺（消毒防腐剂）,Acrinol,T49.0,X44.-,X64.-,Y14.-,Y56.0
1640,0,利非他明,Lefetamine,T39.8,X40.-,X60.-,Y10.-,Y45.8
1640,0,利福布汀[安莎霉素](抗生素),"Ansamycin, Rifabutin",T36.6,X44.-,X64.-,Y14.-,Y40.6
1640,0,利福霉素(抗生素),Rifamycin,T36.6,X44.-,X64.-,Y14.-,Y40.6
1640,0,利福米特(抗生素),Rifamide,T36.6,X44.-,X64.-,Y14.-,Y40.6
1640,0,利福平(抗生素),"Rifampin, Rifampicin",T36.6,X44.-,X64.-,Y14.-,Y40.6
1640,1,伴有异烟肼,with isoniazid,T37.1,X44.-,X64.-,Y14.-,Y41.1
1640,0,利福昔明(抗生素),Rifaximin,T36.6,X44.-,X64.-,Y14.-,Y40.6
1640,0,利米特罗(支气管扩张药),Rimiterol,T48.6,X44.-,X64.-,Y14.-,Y55.6
1640,0,利眠宁-现译名氯氮草,Chlordiazepoxide,T42.4,X41.-,X61.-,Y11.-,Y47.1
1640,0,利奈孕酮(孕激素类),Lynestrenol,T38.4,X44.-,X64.-,Y14.-,Y42.4
1640,0,利尿剂 NEC,Diuretic NEC,T50.2,X44.-,X64.-,Y14.-,Y54.5
1640,1,氨苯磺胺,sulfonamide,T50.2,X44.-,X64.-,Y14.-,Y54.5
1640,1,苯并噻二嗪,benzothiadiazine,T50.2,X44.-,X64.-,Y14.-,Y54.3
1640,1,促尿盐排泄NEC,saluretic NEC,T50.2,X44.-,X64.-,Y14.-,Y54.5
1640,1,汞NEC,mercurial NEC,T50.2,X44.-,X64.-,Y14.-,Y54.5
1640,1,黄嘌呤,xanthine,T50.2,X44.-,X64.-,Y14.-,Y54.5
1640,1,糠基NEC,furfuryl NEC,T50.2,X44.-,X64.-,Y14.-,Y54.5
1640,1,袢[高效],loop [high-ceiling],T50.1,X44.-,X64.-,Y14.-,Y54.4
1640,1,嘌呤NEC,purine NEC,T50.2,X44.-,X64.-,Y14.-,Y54.5
1640,1,噻嗪类NEC,thiazide NEC,T50.2,X44.-,X64.-,Y14.-,Y54.3
1640,1,渗透性,osmotic,T50.2,X44.-,X64.-,Y14.-,Y54.5
1640,0,利尿酸 - 现译名 依他尼酸,Etacrynic acid,T50.1,X44.-,X64.-,Y14.-,Y54.4
1640,0,利舒脲[麦角乙脲],Lisuride,T42.8,X41.-,X61.-,Y11.-,Y46.7
1640,0,利托君[丽托德林](肌肉松弛药),Ritodrine,T44.5,X43.-,X63.-,Y13.-,Y51.5
1640,0,利血平[蛇根碱](抗高血压药),Reserpin(e),T46.5,X44.-,X64.-,Y14.-,Y52.5
1640,0,沥青[树脂],Pitch,T65.8,X49.-,X69.-,Y19.-,
1640,0,痢特灵-现译名呋喃唑酮,Furazolidone,T37.8,X44.-,X64.-,Y14.-,Y41.8
1640,0,连苯三酚-现译名焦没食子酸,"Pyrogallol, Pyrogallic acid",T49.0,X44.-,X64.-,Y14.-,Y56.0
1640,0,联-现译名胺肼,Hydrazine,T54.1,X49.-,X69.-,Y19.-,
1640,0,联苯胺,Benzidine,T65.8,X49.-,X69.-,Y19.-,
1640,0,链道酶[链球菌 DNA酶],Streptodornase,T45.3,X44.-,X64.-,Y14.-,Y43.6
1640,0,链伐立星(抗生素),Streptovarycin,T36.5,X44.-,X64.-,Y14.-,Y40.5
1640,0,链黑霉素[绛色霉素],Rufocromomycin,T45.1,X44.-,X64.-,Y14.-,Y43.3
1640,0,链激酶(蛋白分解酶),Streptokinase,T45.6,X44.-,X64.-,Y14.-,Y44.5
1640,0,链霉蛋白酶,Pronase,T45.3,X44.-,X64.-,Y14.-,Y43.6
1640,0,链霉素(衍生物)(抗生素),Streptomycin (derivative),T36.5,X44.-,X64.-,Y14.-,Y40.5
1640,0,链脲霉素,Streptozotocin,T45.1,X44.-,X64.-,Y14.-,Y43.3
1640,0,链球菌 DNA 酶[链道酶],Streptodornase,T45.3,X44.-,X64.-,Y14.-,Y43.6
1640,0,链双霉素(抗生素),Streptoduocin,T36.5,X44.-,X64.-,Y14.-,Y40.5
1640,0,链佐星(抗生素),Streptozocin,T45.1,X44.-,X64.-,Y14.-,Y43.3
1640,0,两性霉素B[二性霉素B],Amphotericin B .-,T36.7,X44.-,X64.-,Y14.-,Y40.7
1640,0,亮氨卡因(局部麻醉药),Leucinocaine,T41.3,X44.-,X64.-,Y14.-,Y48.3
1640,0,亮丙瑞林(抗肿瘤药),Leuprorelin,T38.8,X44.-,X64.-,Y14.-,Y42.8
1641,0,邻苯二甲酸酐,Phthalic anhydride,T65.8,X49.-,X69.-,Y19.-,
1641,0,邻苯二甲酸盐[肽酸盐],Phthalates,T65.8,X49.-,X69.-,Y19.-,
1641,0,邻苯二甲酰磺胺噻唑- 现译名,Phthalylsulfathiazole,T37.0,X44.-,X64.-,Y14.-,Y41.0
1641,0,邻二氯苯,Orthodichlorobenzene,T53.7,X46.-,X66.-,Y16.-,
1641,0,邻氯苯丁胺- 现译名 氯特胺,Clortermine,T50.5,X44.-,X64.-,Y14.-,Y57.0
1641,0,邻氯青霉素 -现译名 氯唑西林,Cloxacillin,T36.0,X44.-,X64.-,Y14.-,Y40.0
1641,0,林旦(杀虫药)(非药用)(蒸气),Lindane (insecticide),T53.6,X46.-,X66.-,Y16.-,
1641,1,药用,medicinal,T49.0,X44.-,X64.-,Y14.-,Y56.0
1641,0,林可霉素[洁霉素],Lincomycin,T36.8,X44.-,X64.-,Y14.-,Y40.8
1641,0,膦[磷化氢],Phosphine,T57.1,X49.-,X69.-,Y19.-,
1641,0,膦乙酸钠(抗病毒药),Fosfonet sodium,T37.5,X44.-,X64.-,Y14.-,Y41.5
1641,0,膦甲酸钠(抗病毒药),Foscarnet sodium,T37.5,X44.-,X64.-,Y14.-,Y41.5
1641,0,磷(复合物)NEC,Phosphorus (compound) NEC,T57.1,X49.-,X69.-,Y19.-,
1641,1,杀虫药,pesticide,T60.0,X48.-,X68.-,Y18.-,
1641,0,磷胺[大灭虫],Phosphamidon,T60.0,X48.-,X68.-,Y18.-,
1641,0,磷雌酚(雌激素类),Fosfestrol,T38.5,X44.-,X64.-,Y14.-,Y42.5
1641,0,磷化氢 - 现译名 膦,Phosphine,T57.1,X49.-,X69.-,Y19.-,
1641,0,磷君- 现译名速灭磷,Mevinphos,T60.0,X48.-,X68.-,Y18.-,
1641,0,磷柳酸(解热镇痛药),Fosfosal,T39.0,X40.-,X60.-,Y10.-,Y45.1
1641,0,磷霉素(抗生素),Fosfomycin,T36.8,X44.-,X64.-,Y14.-,Y40.8
1641,0,磷酸,Phosphoric acid,T54.2,X49.-,X69.-,Y19.-,
1641,0,磷酸吡哆醛,Pyridoxal phosphate,T45.2,X44.-,X64.-,Y14.-,Y57.7
1641,0,磷酸三苯酯,Triphenylphosphate,T65.8,X49.-,X69.-,Y19.-,
1641,0,磷酸三甲苯酯,Tricresyl phosphate,T65.8,X49.-,X69.-,Y19.-,
1641,0,磷酸三邻甲苯酯,Triorthocresyl phosphate,T65.8,X49.-,X69.-,Y19.-,
1641,0,磷酸三硝乙醇胺(血管扩张药),Trolnitrate (phosphate),T46.3,X44.-,X64.-,Y14.-,Y52.3
1641,0,磷酸吡哆醛,Phosphate,,,,,
1641,1,三甲苯酯,tricresyl,T65.8,X49.-,X69.-,Y19.-,
1641,1,轻泻药,laxative,T47.4,X44.-,X64.-,Y14.-,Y53.4
1641,0,铃兰强心苷类,Convallaria glycosides,T46.0,X44.-,X64.-,Y14.-,Y52.0
1641,0,流行性感冒灭活疫苗,Influenza vaccine,T50.9,X44.-,X64.-,Y14.-,Y59.0
1641,0,硫，含硫的，亚硫的，磺酰基,"Sulfur, sulfurated, sulfuric",T49.4,X47.-,X67.-,Y17.-,Y56.4
1641,1,二氧化(硫)(气体),dioxide (gas),T59.1,X47.-,X67.-,Y17.-,
1641,1,软膏剂,ointment,T49.0,X44.-,X64.-,Y14.-,Y56.0
1641,0,硫安布新(抗麻风药),Thiambutosine,T37.1,X44.-,X64.-,Y14.-,Y41.1
1641,0,硫胺 - 现译名维生素 B1,Thiamine,T45.2,X44.-,X64.-,Y14.-,Y57.7
1641,0,硫巴比土酸盐麻醉剂,Thiobarbiturate anesthetic,T41.1,X44.-,X64.-,Y14.-,Y48.1
1641,0,硫巴比妥钠,Thiobarbital sodium,T41.1,X44.-,X64.-,Y14.-,Y48.1
1641,0,硫丙拉嗪(抗过敏药，安定药),Thioproperazine,T43.3,X41.-,X61.-,Y11.-,Y49.3
1641,0,硫代氨基甲酸酯(杀昆虫药),Thiocarbamate (insecticide),T60.0,X48.-,X68.-,Y18.-,
1641,0,硫代苯基青霉素 - 现译名,Sulbenicillin,T36.0,X44.-,X64.-,Y14.-,Y40.0
1642,0,硫代苹果酸锑锂[安锑锂明],Anthiolimine,T37.4,X44.-,X64.-,Y14.-,Y41.4
1642,0,硫丹(杀虫药),Endosulfan,T60.2,X48.-,X68.-,Y18.-,
1642,0,硫蒽酮(抗血吸虫药),Lucanthone,T37.4,X44.-,X64.-,Y14.-,Y41.4
1642,0,硫汞灵(利尿剂),Diurgin,T50.2,X44.-,X64.-,Y14.-,Y54.5
1642,0,硫环磷[棉安磷],Phosfolan,T60.0,X48.-,X68.-,Y18.-,
1642,0,硫卡利特[戊氧苯硫脲],Thiocarlide,T37.1,X44.-,X64.-,Y14.-,Y41.1
1642,0,硫利达嗪[甲硫哒嗪],Thioridazine,T43.3,X41.-,X61.-,Y11.-,Y49.3
1642,0,硫磷嗪(杀线虫药，土壤杀虫药),Thionazin,T60.0,X48.-,X68.-,Y18.-,
1642,0,硫柳汞[乙汞硫代水杨酸钠] (消毒防腐剂),"Merthiolate, Thiomersal, Thimerosal",T49.0,X44.-,X64.-,Y14.-,
1642,0,硫氯酚[硫双二氯酚](杀虫药),Bithionol,T37.8,X44.-,X64.-,Y14.-,Y41.8
1642,0,硫米齐特(利尿剂，降压药),Tiamizide,T50.2,X44.-,X64.-,Y14.-,Y54.5
1642,0,硫鸟嘌呤(抗肿瘤药),"Tioguanine, Thioguanine",T45.1,X44.-,X64.-,Y14.-,Y43.1
1642,0,硫脲嘧啶(苄基)(甲基)(丙基),Thiouracil (benzyl)(methyl),T38.2,X44.-,X64.-,Y14.-,Y42.2
1642,0,硫喷妥钠(麻醉药),"Thiopental, Thiopentone",T41.1,X44.-,X64.-,Y14.-,Y48.1
1642,0,硫普罗宁(保肝药，粘液溶解药),Tiopronin,T50.9,X44.-,X64.-,Y14.-,Y57.1
1642,0,硫前列酮(前列腺素类),Sulprostone,T48.0,X44.-,X64.-,Y14.-,Y55.0
1642,0,硫噻嗪-现译名舒噻美,Sulthiame,T42.6,X41.-,X61.-,Y11.-,Y46.6
1642,0,硫双二氯酚-现译名硫氯酚,Bithionol,T37.8,X44.-,X64.-,Y14.-,Y41.8
1642,0,硫酸,Sulfuric acid,T54.2,X49.-,X69.-,Y19.-,
1642,0,硫酸氨基葡萄糖,Glucosamine sulfate,T39.4,X40.-,X60.-,Y10.-,Y45.4
1642,0,硫酸雌酮哌嗪-现译名,Estropipate,T38.5,X44.-,X64.-,Y14.-,Y42.5
1642,0,硫酸地布托林(抗胆碱药),Dibutoline sulfate,T44.3,X43.-,X63.-,Y13.-,Y51.3
1642,0,硫酸二甲胺,Dimethylamine sulfate,T49.4,X44.-,X64.-,Y14.-,Y56.4
1642,0,硫酸根络硬脂酸盐,Sulfatostearate,T49.2,X44.-,X64.-,Y14.-,Y56.2
1642,0,硫酸聚糖胺(降血脂药),Polidexide (sulfate),T46.6,X44.-,X64.-,Y14.-,Y52.6
1642,0,硫酸鱼精蛋白[精蛋白硫酸盐],Protamine sulfate,T45.7,X44.-,X64.-,Y14.-,Y44.3
1642,0,硫酸支链淀粉,Sulfated amylopectin,T47.8,X44.-,X64.-,Y14.-,Y53.8
1642,0,硫糖铝(抗酸药),Sucralfate,T47.1,X44.-,X64.-,Y14.-,Y53.1
1642,0,硫糖肽(抗溃疡药),Sulglicotide,T47.1,X44.-,X64.-,Y14.-,Y53.1
1642,0,硫戊巴比妥(静脉麻醉药),Thiamylal,T41.1,X44.-,X64.-,Y14.-,Y48.1
1642,1,钠,sodium,T41.1,X44.-,X64.-,Y14.-,Y48.1
1642,0,硫烯比妥(麻醉药),Thialbarbital,T41.1,X44.-,X64.-,Y14.-,Y48.1
1642,0,硫辛酸(保肝药),Thioctic acid,T50.9,X44.-,X64.-,Y14.-,Y57.1
1642,0,硫辛酰胺(保肝药),Thioctamide,T50.9,X44.-,X64.-,Y14.-,Y57.1
1642,0,硫乙拉嗪(镇痛药，抗组胺药),Thiethylperazine,T43.3,X41.-,X61.-,Y11.-,Y49.3
1642,0,硫唑嘌呤(抗肿瘤药，免疫抑制药),Azathioprine,T45.1,X44.-,X64.-,Y14.-,Y43.4
1642,0,瘤可宁-现译名苯丁酸氮芥,Chlorambucil,T45.1,X44.-,X64.-,Y14.-,Y43.3
1642,0,柳氮磺吡啶[水杨酰偶氮磺胺；吡啶[磺胺药],"Salazosul-fapyridine, Sulfasalazine, Sulphasalazine,",T37.0,X44.-,X64.-,Y14.-,
1643,0,柳碳乙酯(解热镇痛药),Carbethyl salicylate,T39.0,X40.-,X60.-,Y10.-,Y45.1
1643,0,龙胆,Gentian,T47.5,X44.-,X64.-,Y14.-,Y53.5
1643,1,紫(消毒防腐剂),violet,T49.0,X44.-,X64.-,Y14.-,Y56.0
1643,0,龙胆紫- 现译名甲紫,Methylrosanilinium chloride,T49.0,X44.-,X64.-,Y14.-,Y56.0
1643,0,龙葵碱 - 现译名 茄碱,Solanine,T62.2,X49.-,X69.-,Y19.-,
1643,0,芦丁(维生素类),"Rutoside, Rutinum",T46.9,X44.-,X64.-,Y14.-,Y52.9
1643,0,芦荟(中药),Aloes,T47.2,X44.-,X64.-,Y14.-,Y53.2
1643,0,芦荟苷[芦荟总苷],Aloin,T47.2,X44.-,X64.-,Y14.-,Y53.2
1643,0,炉甘石(洗液),Calamine (lotion),T49.3,X44.-,X64.-,Y14.-,Y56.3
1643,0,卤泛群[卤卡班](抗疟药),Halofantrine,T37.2,X44.-,X64.-,Y14.-,Y41.2
1643,0,卤芬酯(降血脂药),Halofenate,T46.6,X44.-,X64.-,Y14.-,Y52.6
1643,0,卤卡班-现译名卤泛群,Halofantrine,T37.2,X44.-,X64.-,Y14.-,Y41.2
1643,0,卤美他松-现译名 卤米松,Halometasone,T49.0,X44.-,X64.-,Y14.-,Y56.0
1643,0,卤米松[卤美他松](肾上腺,Halometasone,T49.0,X44.-,X64.-,Y14.-,Y56.0
1643,0,卤普罗近(抗真菌药),Haloprogin,T49.0,X44.-,X64.-,Y14.-,Y56.0
1643,0,卤沙唑仑(催眠药),Haloxazolam,T42.4,X41.-,X61.-,Y11.-,Y47.1
1643,0,鲁塞尔蝰蛇蛇毒,Russel's viper venin,T45.7,X44.-,X64.-,Y14.-,Y44.3
1643,0,路易士毒气(气体)，非战争中,"Lewisite (gas), not in war",T57.0,X49.-,X69.-,Y19.-,
1643,0,铝,Alumin(i)um,,,,,
1643,1,氨乙酸二羟(铝),glycinate,T47.1,X44.-,X64.-,Y14.-,Y53.1
1643,1,醋酸(铝),acetate,T49.2,X44.-,X64.-,Y14.-,Y56.2
1643,2,溶液,solution,T49.0,X44.-,X64.-,Y14.-,Y56.0
1643,1,硅酸(铝),silicate,T47.1,X44.-,X64.-,Y14.-,Y53.1
1643,1,硅酸镁,magnesium silicate,T47.1,X44.-,X64.-,Y14.-,Y53.1
1643,1,硅酸钠,sodium silicate,T47.1,X44.-,X64.-,Y14.-,Y53.1
1643,1,磷酸(铝),phosphate,T47.1,X44.-,X64.-,Y14.-,Y53.1
1643,1,硫酸(铝),sulfate,T49.0,X44.-,X64.-,Y14.-,Y56.0
1643,1,氯贝酸(铝),clofibrate,T46.6,X44.-,X64.-,Y14.-,Y52.6
1643,1,氯化(铝),chloride,T49.2,X44.-,X64.-,Y14.-,Y56.2
1643,1,氢氧化(铝)(凝胶)[胃舒平],hydroxide (gel),T47.1,X44.-,X64.-,Y14.-,Y53.1
1643,1,氢氧化镁碳酸(铝)凝胶,hydroxide-magnesium,T47.1,X44.-,X64.-,Y14.-,Y53.1
1643,1,鞣酸(铝),tannate,T47.6,X44.-,X64.-,Y14.-,Y53.6
1643,1,双(阿司匹林(铝)),bis (acetylsalicylate),T39.0,X40.-,X60.-,Y10.-,Y45.1
1643,1,双醋酸(铝),diacetate,T49.2,X44.-,X64.-,Y14.-,Y56.2
1643,1,水合氯化(铝)-复合的,chlorhydroxide-complex,T47.1,X44.-,X64.-,Y14.-,Y53.1
1643,1,水杨酸(铝),salicylate,T39.0,X40.-,X60.-,Y10.-,Y45.1
1643,1,碳酸(铝)(凝胶，碱性),"carbonate (gel, basic)",T47.1,X44.-,X64.-,Y14.-,Y53.1
1643,1,烟酸(铝),nicotinate,T46.7,X44.-,X64.-,Y14.-,Y52.7
1643,0,铝硅酸镁(抗酸药),Almasilate,T47.1,X44.-,X64.-,Y14.-,Y53.1
1643,0,铝镁加(抗酸药),Almagate,T47.1,X44.-,X64.-,Y14.-,Y53.1
1643,0,铝碳酸镁(抗酸药),Hydrotalcite,T47.1,X44.-,X64.-,Y14.-,Y53.1
1643,0,铝糖醇钠(抗酸药),Alexitol sodium,T47.1,X44.-,X64.-,Y14.-,Y53.1
1643,0,绿藜安(鞣酸盐)(降压药),Cryptenamine (tannates),T46.5,X44.-,X64.-,Y14.-,Y52.5
1643,0,绿坡缕石(一种纤维粘土矿物),Attapulgite,T47.6,X44.-,X64.-,Y14.-,Y53.6
1644,0,氯(烟雾)(气体),Chlorine (fumes)(gas),T59.4,X47.-,X67.-,Y17.-,
1644,1,复合气体NEC,compound gas NEC,T59.4,X47.-,X67.-,Y17.-,
1644,1,漂白剂,bleach,T54.3,X49.-,X69.-,Y19.-,
1644,1,释放剂NEC,releasing agents NEC,T59.4,X47.-,X67.-,Y17.-,
1644,1,消毒剂,disinfectant,T59.4,X47.-,X67.-,Y17.-,
1644,0,氯胺T钠(消毒防腐剂),Tosylchloramide sodium,T49.8,X44.-,X64.-,Y14.-,Y56.8
1644,0,氯胺酮(麻醉药),Ketamine,T41.2,X44.-,X64.-,Y14.-,Y48.2
1644,0,氯巴占(安定药),Clobazam,T42.4,X41.-,X61.-,Y11.-,Y47.1
1644,0,氯贝胺(降血脂药),Clofibride,T46.6,X44.-,X64.-,Y14.-,Y52.6
1644,0,氯贝胆碱,Bethanechol chloride,T44.1,X43.-,X63.-,Y13.-,Y51.1
1644,0,氯贝丁酯[氯贝特][安妥明],Clofibrate,T46.6,X44.-,X64.-,Y14.-,Y52.6
1644,0,氯贝酸,Clotibric acid,T46.6,X44.-,X64.-,Y14.-,Y52.6
1644,0,氯贝特-现译名氯贝丁酯,Clofibrate,T46.6,X44.-,X64.-,Y14.-,Y52.6
1644,0,氯倍他索(肾上腺皮质激素类),"Clobetasol, Clobetasone",T49.0,X44.-,X64.-,Y14.-,Y56.0
1644,0,氯苯,"Chlorobenzene, chlorobenzol",T53.7,X46.-,X66.-,Y16.-,
1644,0,氯苯氨啶(抗肿瘤药),Metoprine,T45.1,X44.-,X64.-,Y14.-,Y43.3
1644,0,氯苯胺,Chloroaniline,T53.7,X49.-,X69.-,Y19.-,
1644,0,氯苯醇酸铵乙酯(扩瞳药，,Lachesine,T49.5,X44.-,X64.-,Y14.-,Y56.5
1644,0,氯苯达诺[敌退咳],"Clofedanol, Chlophedianol",T48.3,X44.-,X64.-,Y14.-,Y55.3
1644,0,氯苯丁胺-现译名 对氯苯丁胺,Chlorphentermine,T50.5,X44.-,X64.-,Y14.-,Y57.0
1644,0,氯苯甘醚(抗真菌药),Chlorphenesin,T42.8,X41.-,X61.-,Y11.-,Y46.8
1644,0,氯苯甲嗪-现译名美克洛嗪,Meclozine,T45.0,X44.-,X64.-,Y14.-,Y43.0
1644,0,氯苯那敏[氯非尼腊明][扑尔敏],Chlorpheniramine,T45.0,X44.-,X64.-,Y14.-,Y43.0
1644,0,氯苯哌酰胺-现译名洛哌丁胺,Loperamide,T47.6,X44.-,X64.-,Y14.-,Y53.6
1644,0,氯苯三嗪胺-现译名氯拉扎尼,Chlorazanil,T50.2,X44.-,X64.-,Y14.-,Y54.5
1644,0,氯苯氧胺-现译名氯苯沙明,Chlorphenoxamine,T45.0,X44.-,X64.-,Y14.-,Y43.0
1644,0,氯苯沙明[氯苯氧胺][氯甲,Chlorphenoxamine,T45.0,X44.-,X64.-,Y14.-,Y43.0
1644,0,氯苯氧嗪-现译名氯苄沙明,Chlorbenzoxamine,T44.3,X43.-,X63.-,Y13.-,Y51.3
1644,0,氯苯扎利(抗关节炎药),Lobenzarit,T39.3,X40.-,X60.-,Y10.-,Y45.3
1644,0,氯吡拉敏(抗组胺药),Chloropyramine,T45.0,X44.-,X64.-,Y14.-,Y43.0
1644,0,氯吡林(抗组胺药),Chloropyrilene,T45.0,X44.-,X64.-,Y14.-,Y43.0
1644,0,氯吡酸(抗炎镇痛药),Clopirac,T39.3,X40.-,X60.-,Y10.-,Y45.3
1644,0,氯苄雷司(食欲抑制药),Clobenzorex,T50.5,X44.-,X64.-,Y14.-,Y57.0
1644,0,氯苄沙明[氯苯氧嗪](抗胆碱药),Chlorbenzoxamine,T44.3,X43.-,X63.-,Y13.-,Y51.3
1644,0,氯丙胍(防疟药),Chlorproguanil,T37.2,X44.-,X64.-,Y14.-,Y41.2
1644,0,氯丙咪嗪(抗抑郁药),Chlorimipramine,T43.0,X41.-,X61.-,Y11.-,Y49.0
1644,0,氯丙嗪(抗精神病药),Chlorpromazine,T43.3,X41.-,X61.-,Y11.-,Y49.3
1644,0,氯丹(粉尘)(杀虫药),Chlordan(e) (dust),T60.1,X48.-,X68.-,Y18.-,
1645,0,氯氮平[氯扎平](抗精神病药),Clozapine,T42.4,X41.-,X61.-,Y11.-,Y47.1
1645,0,氯氮草[利眠宁],Chlordiazepoxide,T42.4,X41.-,X61.-,Y11.-,Y47.1
1645,0,氯登妥因(抗真菌药),Clodantoin,T49.0,X44.-,X64.-,Y14.-,Y56.0
1645,0,氯地孕酮(孕激素类),Chlormadinone,T38.5,X44.-,X64.-,Y14.-,Y42.5
1645,0,"氯碘羟喹(抗阿米巴药,局部抗菌药)","Iodochlorhydroxyquinoline, Clioquinol",T37.8,X44.-,X64.-,Y14.-,
1645,0,氯丁醇-现译名 三氯叔丁醇,"Chlorobutanol, Chlorbutol",T49.0,X44.-,X64.-,Y14.-,Y56.0
1645,0,氯丁替诺(镇咳药),Clobutinol,T48.3,X44.-,X64.-,Y14.-,Y55.3
1645,0,氯二甲酚(消毒防腐剂),Chloroxylenol,T49.0,X44.-,X64.-,Y14.-,Y56.0
1645,0,氯二甲箭毒,Dimethyltubocurarinium,T48.1,X44.-,X64.-,Y14.-,Y55.1
1645,0,氯二乙基苯甲酰胺,Chlordiethyl benzamide,T49.3,X44.-,X64.-,Y14.-,Y56.3
1645,0,氯法齐明(抗麻风、抗结核药),Clofazimine,T37.1,X44.-,X64.-,Y14.-,Y41.1
1645,0,氯仿(烟雾)(蒸气),Chloroform (fumes)(vapor),T53.1,X46.-,X66.-,Y16.-,
1645,1,麻醉剂,anesthetic,T41.0,X44.-,X64.-,Y14.-,Y48.0
1645,1,溶剂,solvent,T53.1,X46.-,X66.-,Y16.-,
1645,1,水剂，浓缩的,"water, concentrated",T41.0,X44.-,X64.-,Y14.-,Y48.0
1645,0,氯非那胺(利尿剂),Clofenamide,T50.2,X44.-,X64.-,Y14.-,Y54.5
1645,0,氯非那明,Clorfenamine,T45.0,X44.-,X64.-,Y14.-,Y43.0
1645,0,氯非尼腊明 - 现译名 氯苯那敏,Chlorpheniramine,T45.0,X44.-,X64.-,Y14.-,Y43.0
1645,0,氯非宗(抗炎镇痛药),Clofezone,T39.2,X40.-,X60.-,Y10.-,Y45.3
1645,0,氯芬磷(杀虫药),Chlorfenvinphos,T60.0,X48.-,X68.-,Y18.-,
1645,0,氯酚,Chlorophenol,T53.7,X46.-,X66.-,Y16.-,
1645,0,氯氟氰菊酯(杀虫药),Cyhalothrin,T60.1,X48.-,X68.-,Y18.-,
1645,0,氯氟舒松[哈西奈德](肾上腺,"Halcinonide, Halcinolone",T49.0,X44.-,X64.-,Y14.-,Y56.0
1645,0,氯氟碳,Chlorofluorocarbons,T53.5,X46.-,X66.-,Y16.-,
1645,0,氯氟草乙酯(抗焦虑药),Ethyl loflazepate,T42.4,X41.-,X61.-,Y11.-,Y47.1
1645,0,氯福雷司(食欲抑制药),Cloforex,T50.5,X44.-,X64.-,Y14.-,Y57.0
1645,0,氯汞君(利尿剂),Chlormerodrin,T50.2,X44.-,X64.-,Y14.-,Y54.5
1645,0,氯胍(抗疟药),Proguanil,T37.2,X44.-,X64.-,Y14.-,Y41.2
1645,0,氯琥珀胆碱-现译名琥珀胆碱,Suxamethonium (chloride),T48.1,X44.-,X64.-,Y14.-,Y55.1
1645,0,氯化物,Chlorinated,,,,,
1645,1,联苯,diphenyl,T53.7,X49.-,X69.-,Y19.-,
1645,1,萘,naphthalene,T60.1,X48.-,X68.-,Y18.-,
1645,1,杀虫药NEC,pesticide NEC,T60.8,X48.-,X68.-,Y18.-,
1645,1,石灰(漂白剂),lime (bleach),T54.3,X49.-,X69.-,Y19.-,
1645,2,和硼酸洗液,and boric acid solution,T49.0,X44.-,X64.-,Y14.-,Y56.0
1645,1,苏打—另见次氯酸钠,"soda-see also Sodium, hypochlorite",,,,,
1645,2,溶液,solution,T49.0,X44.-,X64.-,Y14.-,Y56.0
1645,1,烃类NEC,hydrocarbons NEC,T53.9,X48.-,X68.-,Y18.-,
1645,2,溶剂,solvents,T53.9,X46.-,X66.-,Y16.-,
1645,1,氯代莰烯[毒杀芬](杀虫药),camphene,T53.6,X48.-,X68.-,Y18.-,
1645,0,氯化氨基汞,Ammoniated mercury,T49.0,X44.-,X64.-,Y14.-,Y56.0
1645,0,氯化苯甲烃胺- 现译名,Hydrargyri aminochloridum,T49.0,X44.-,X64.-,Y14.-,Y56.0
1645,0,苯扎氯铵,Benzalkonium (chloride),T49.0,X44.-,X64.-,Y14.-,Y56.0
1646,0,氯化苦(烟雾)(杀虫药),Chloropicrin (fumes),T53.6,X46.-,X66.-,Y16.-,
1646,1,杀虫药,pesticide,T60.8,X48.-,X68.-,Y18.-,
1646,0,氯化氯异吲哚铵-现译名,Chlorisondamine chloride,T46.9,X44.-,X64.-,Y14.-,Y52.9
1646,0,氯化铷,Rubidium chloride Rb82,T50.8,X44.-,X64.-,Y14.-,Y57.6
1646,0,氯化亚铬-现译名铬酰氯,Chromyl chloride,T56.2,X49.-,X69.-,Y19.-,
1646,0,氯化亚汞-现译名轻粉,Calomel,T49.0,X44.-,X64.-,Y14.-,Y56.0
1646,0,氯环利嗪(抗组胺药),Chlorcyclizine,T45.0,X44.-,X64.-,Y14.-,Y43.0
1646,0,氯磺丙脲(降血糖药),Chlorpropamide,T38.3,X44.-,X64.-,Y14.-,Y42.3
1646,0,氯磺环己脲(降血糖药),Chlorhexamide,T45.1,X44.-,X64.-,Y14.-,Y43.3
1646,0,氯吉兰(抗抑郁药),Clorgiline,T43.1,X41.-,X61.-,Y11.-,Y49.1
1646,0,氯己定[洗必太](消毒防腐剂),Chlorhexidine,T49.0,X44.-,X64.-,Y14.-,Y56.0
1646,0,氯甲苯二磺胺-现译名,Disulfamide,T50.2,X44.-,X64.-,Y14.-,Y54.3
1646,0,氯甲苯海拉明-现译名,Chlorphenoxamine,T45.0,X44.-,X64.-,Y14.-,Y43.0
1646,0,氯甲苯噻嗪-现译名二氮嗪,Diazoxide,T46.5,X44.-,X64.-,Y14.-,Y52.5
1646,0,氯甲苯心安-现译名布拉洛尔,Bupranolol,T44.7,X43.-,X63.-,Y13.-,Y51.7
1646,0,氯甲酚(消毒防腐剂),Chlorocresol,T49.0,X44.-,X64.-,Y14.-,Y56.0
1646,0,氯甲磷(杀虫药),Chlormephos,T60.0,X48.-,X68.-,Y18.-,
1646,0,氯甲桥萘-现译名艾氏剂,Aldrin,T60.1,X48.-,X68.-,Y18.-,
1646,0,氯甲西林(抗生素),Clometocillin,T36.0,X44.-,X64.-,Y14.-,Y40.0
1646,0,氯甲西泮(催眠药),Lormetazepam,T42.4,X41.-,X61.-,Y11.-,Y47.1
1646,0,氯洁霉素 - 现译名 克林霉素,Clindamycin,T36.8,X44.-,X64.-,Y14.-,Y40.8
1646,0,氯卡帕明(抗抑郁药),Clocapramine,T43.0,X41.-,X61.-,Y11.-,Y49.0
1646,0,氯康唑(抗真菌药),Croconazole,T37.8,X44.-,X64.-,Y14.-,Y41.8
1646,0,氯喹(抗疟药),Chloroquine,T37.2,X44.-,X64.-,Y14.-,Y41.2
1646,0,氯喹那多(消毒防腐剂),Chlorquinaldol,T49.0,X44.-,X64.-,Y14.-,Y56.0
1646,0,氯拉扎尼[氯苯三嗪胺](利尿剂),Chlorazanil,T50.2,X44.-,X64.-,Y14.-,Y54.5
1646,0,氯雷他啶,Loratidine,T45.0,X44.-,X64.-,Y14.-,Y43.0
1646,0,氯联苯,Chlorodiphenyl,T53.7,X49.-,X69.-,Y19.-,
1646,0,氯林肯霉素-现译名克林霉素,Clindamycin,T36.8,X44.-,X64.-,Y14.-,Y40.8
1646,0,氯硫磷(杀虫药),Chlorthion,T60.0,X48.-,X68.-,Y18.-,
1646,0,氯马克仑(抗抑郁药),Clomacran,T43.0,X41.-,X61.-,Y11.-,Y49.0
1646,0,氯马斯汀[克立马丁](抗组胺药),Clemastine,T45.0,X44.-,X64.-,Y14.-,Y43.0
1646,0,氯霉素,Chloramphenicol,T36.2,X44.-,X64.-,Y14.-,Y40.2
1646,0,氯美噻唑(镇静催眠药),Chlormethiazole,T42.6,X41.-,X61.-,Y11.-,Y47.8
1646,0,氯美辛(抗炎镇痛药),Clometacin,T39.3,X40.-,X60.-,Y10.-,Y45.3
1646,0,氯美扎酮[芬那露][非脑乐],Chlormezanone,T42.6,X41.-,X61.-,Y11.-,Y47.8
1646,0,氯米芬[克罗米酚](抗不育药),Clomifene,T38.5,X44.-,X64.-,Y14.-,Y42.5
1646,0,氯米帕明[氯丙咪嗪](抗抑郁药),Clomipramine,T43.0,X41.-,X61.-,Y11.-,Y49.0
1646,0,氯莫环素(抗生素),Clomocycline,T36.4,X44.-,X64.-,Y14.-,Y40.4
1646,0,氯那唑酸(抗炎镇痛药),Lonazolac,T39.3,X40.-,X60.-,Y10.-,Y45.3
1646,0,氯尼达明(生育调节药),Lonidamine,T45.1,X44.-,X64.-,Y14.-,Y43.3
1647,0,氯尼辛(抗炎镇痛药),Clonixin,T39.8,X40.-,X60.-,Y10.-,Y45.8
1647,0,氯帕胺(利尿剂),Clopamide,T50.2,X44.-,X64.-,Y14.-,Y54.5
1647,0,氯哌斯汀[氯苄哌醚](镇咳药),Cloperastine,T48.3,X44.-,X64.-,Y14.-,Y55.3
1647,0,氯哌噻吨(抗精神病药),Clopenthixol,T43.4,X41.-,X61.-,Y11.-,Y49.4
1647,0,氯嘌呤(抗肿瘤药),Chloropurine,T45.1,X44.-,X64.-,Y14.-,Y43.1
1647,0,氯泼尼醇(肾上腺皮质激素类),Cloprednol,T38.0,X44.-,X64.-,Y14.-,Y42.0
1647,0,氯泊酮(抗感染药),Cloponone,T37.3,X44.-,X64.-,Y14.-,Y41.3
1647,0,氯普鲁卡因(局麻药),Chloroprocaine,T41.3,X44.-,X64.-,Y14.-,Y48.3
1647,1,腰椎,spinal,T41.3,X44.-,X64.-,Y14.-,Y48.3
1647,0,氯普噻吨(抗精神病药),Chlorprothixene,T43.4,X41.-,X61.-,Y11.-,Y49.4
1647,0,氯普唑仑(催眠药),Loprazolam,T42.4,X41.-,X61.-,Y11.-,Y47.1
1647,0,氯羟喹(消毒防腐剂),Cloxiquine,T49.0,X44.-,X64.-,Y14.-,Y56.0
1647,0,氯羟去甲安定-现译名,Lorazepam,T42.4,X41.-,X61.-,Y11.-,Y47.1
1647,0,氯氰菊酯,Cypermethrin,T60.1,X48.-,X68.-,Y18.-,
1647,0,氯膦酸(钙代谢调节药),Clodronic acid,T50.9,X44.-,X64.-,Y14.-,Y54.7
1647,0,氯醛[三氯乙醛],Chloral,T42.6,X41.-,X61.-,Y11.-,Y47.2
1647,1,水合[水合氯醛],hydrate,T42.6,X41.-,X61.-,Y11.-,Y47.2
1647,1,衍生物,derivative,T42.6,X41.-,X61.-,Y11.-,Y47.2
1647,0,氯醛比林(催眠药),Dichloralphenozone,T42.6,X41.-,X61.-,Y11.-,Y47.5
1647,0,氯醛己醇,Chloralodol,T42.6,X41.-,X61.-,Y11.-,Y47.2
1647,0,氯醛糖(镇静催眠药),Chloralose,T60.4,X48.-,X68.-,Y18.-,
1647,0,氯醛甜菜碱(镇静催眠药),Cloral betaine,T42.6,X41.-,X61.-,Y11.-,Y47.2
1647,0,氯噻平(抗精神病药),Clotiapine,T43.5,X41.-,X61.-,Y11.-,Y49.5
1647,0,氯噻嗪(利尿剂),"Chlorothiazide, Saluretic",T50.2,X44.-,X64.-,Y14.-,Y54.3
1647,0,氯噻酮(利尿剂),Chlortalidone,T50.2,X44.-,X64.-,Y14.-,Y54.5
1647,0,氯噻西泮(安定药),Clotiazepam,T42.4,X41.-,X61.-,Y11.-,Y47.1
1647,0,氯麝酚(杀菌药),Chlorothymol,T49.4,X44.-,X64.-,Y14.-,Y56.4
1647,0,氯鼠酮(灭鼠药),Chlorophacinone,T60.4,X48.-,X68.-,Y18.-,
1647,0,氯酸盐(钾)(钠)NEC,Chlorate (potassium),T60.3,X48.-,X68.-,Y18.-,
1647,1,除草剂,herbicide,T60.3,X48.-,X68.-,Y18.-,
1647,0,氯索隆(利尿剂),Clorexolone,T50.2,X44.-,X64.-,Y14.-,Y54.5
1647,0,氯特胺[邻氯苯丁胺],Clortermine,T50.5,X44.-,X64.-,Y14.-,Y57.0
1647,0,氯替平(抗精神病药),Clorotepine,T44.3,X43.-,X63.-,Y13.-,Y51.3
1647,0,氯筒箭毒碱,Tubocurarine (chloride),T48.1,X44.-,X64.-,Y14.-,Y55.1
1647,0,氯脱氢甲基睾(甾)酮,Chlorodehydromethyltest-,T38.7,X44.-,X64.-,Y14.-,Y42.7
1647,0,氯噁唑仑(安定药),Cloxazolam,T42.4,X41.-,X61.-,Y11.-,Y47.1
1647,0,氯烯雌醚(雌激素类),Chlorotrianisene,T38.5,X44.-,X64.-,Y14.-,Y42.5
1647,0,氯硝柳胺(抗蠕虫药),Niclosamide,T37.4,X44.-,X64.-,Y14.-,Y41.4
1647,0,氯硝西泮(抗惊厥药),Clonazepam,T42.4,X41.-,X61.-,Y11.-,Y47.1
1647,0,氯溴甲烷(灭火剂),Chlorobromomethane,T53.6,X46.-,X66.-,Y16.-,
1647,0,氯烟贝特(降血脂药),Ronifibrate,T46.6,X44.-,X64.-,Y14.-,Y52.6
1648,0,氯乙苯噁嗪-现译名依替福嗪,Etifoxine,T42.6,X41.-,X61.-,Y11.-,Y47.8
1648,0,氯乙啡啶(蒸气),Ethidium chloride (vapor),T59.8,X46.-,X66.-,Y16.-,
1648,0,"氯乙烷 - 见 乙基, 氯","Chloroethane, Chlorethyl - see Ethyl, chloride",T53.6,X46.-,X66.-,Y16.-,
1648,0,氯乙烯,Chloroethylene,T53.6,X46.-,X66.-,Y16.-,
1648,0,"氯乙烯基二氯胂[路易士毒气], 非战争中","Chlorovinyl dichloroarsine, not in war",T57.0,X49.-,X69.-,Y19.-,
1648,0,氯乙酰苯,Chloroacetophenone,T59.3,X47.-,X67.-,Y17.-,
1648,0,氯扎平 -现译名 氯氮平,Clozapine,T42.4,X41.-,X61.-,Y11.-,Y47.1
1648,0,氯化松节油,Strobane,T60.1,X48.-,X68.-,Y18.-,
1648,0,氯草酸钾(弱安定药),Clorazepate dipotassium,T42.4,X41.-,X61.-,Y11.-,Y47.1
1648,0,氯唑沙宗(神经肌肉阻断药),Chlorzoxazone,T42.8,X41.-,X61.-,Y11.-,Y46.8
1648,0,氯唑西林[邻氯青霉素],Cloxacillin,T36.0,X44.-,X64.-,Y14.-,Y40.0
1648,1,激素,hormone,T38.5,X44.-,X64.-,Y14.-,Y42.5
1648,1,兴奋剂,stimulant .-,T38.5,X44.-,X64.-,Y14.-,Y42.5
1648,0,卵黄素,Lututrin,T48.2,X44.-,X64.-,Y14.-,Y55.2
1648,0,人卵泡刺激素,"Follicle-stimulating hormone, human",T38.8,X44.-,X64.-,Y14.-,Y42.8
1648,0,卵泡刺激素 - 现译名,Follicle-stimulating hormone,T38.8,X44.-,X64.-,Y14.-,Y42.8
1648,1,皮,husk,T47.4,X44.-,X64.-,Y14.-,Y53.4
1648,0,卵叶车前子,Ispagula,T47.4,X44.-,X64.-,Y14.-,Y53.4
1648,0,罗红霉素(抗生素),Roxithromycin,T36.3,X44.-,X64.-,Y14.-,Y40.3
1648,0,仑哌隆(安定药),Lenperone,T43.4,X41.-,X61.-,Y11.-,Y49.4
1648,0,罗沙前列醇(前列腺素类),Rosaprostol,T47.1,X44.-,X64.-,Y14.-,Y53.1
1648,0,罗沙替丁(组胺H2受体阻滞药),Roxatidine,T47.0,X44.-,X64.-,Y14.-,Y53.0
1648,0,罗索沙星(抗感染药),Rosoxacin,T37.8,X44.-,X64.-,Y14.-,Y41.8
1648,0,罗他霉素(抗生素),Rokitamycin,T36.3,X44.-,X64.-,Y14.-,Y40.3
1648,0,罗索沙星(抗感染药),Roxotamine,T45.0,X44.-,X64.-,Y14.-,
1648,0,罗西维林(解痉药),Rociverine,T44.3,X43.-,X63.-,Y13.-,Y51.3
1648,0,罗托沙敏(抗组胺药),Rotoxamine,T45.0,X44.-,X64.-,Y14.-,Y43.0
1648,0,萝芙木(生物碱),Rauwolfia (alkaloids),T46.5,X44.-,X64.-,Y14.-,Y52.5
1648,0,螺哌隆(安定药),Spiroperidol,T43.4,X41.-,X61.-,Y11.-,Y49.4
1648,0,螺立林(抗精神病药),Spirilene,T43.5,X41.-,X61.-,Y11.-,Y49.5
1648,0,螺内酯[安体舒通](利尿剂),Spironolactone,T50.0,X44.-,X64.-,Y14.-,Y54.1
1648,0,螺哌隆(抗精神病药),Spiperone,T43.4,X41.-,X61.-,Y11.-,Y49.4
1648,0,螺普利(降压药),Spirapril,T46.4,X44.-,X64.-,Y14.-,Y52.4
1648,0,螺旋霉素,Spiramycin,T36.3,X44.-,X64.-,Y14.-,Y40.3
1648,0,洛贝林[山梗菜碱](中枢兴奋药),Lobeline,T50.7,X44.-,X64.-,Y14.-,Y50.0
1648,0,洛伐他汀(降血脂药),Lovastatin,T46.6,X44.-,X64.-,Y14.-,Y52.6
1648,0,洛非帕明(抗抑郁药),Lofepramine,T43.0,X41.-,X61.-,Y11.-,Y49.0
1648,0,洛莫司汀[环己亚硝脲],Lomustine,T45.1,X44.-,X64.-,Y14.-,Y43.3
1648,0,洛哌丁胺[氯苯哌酰胺](止泻药),Loperamide,T47.6,X44.-,X64.-,Y14.-,Y53.6
1648,0,洛沙平(抗精神病药),Loxapine,T43.5,X41.-,X61.-,Y11.-,Y49.5
1648,0,洛索洛芬(抗炎镇痛药),Loxoprofen,T39.3,X40.-,X60.-,Y10.-,Y45.2
1649,0,麻黄(中药),Ephedra,T44.9,X43.-,X63.-,Y13.-,Y51.9
1649,0,"麻黄碱(平喘药,血管收缩药)",Ephedrine,T44.9,X43.-,X63.-,Y13.-,Y51.9
1649,0,má-mǎ 麻马,Measles virus vaccine (attenuated),T50.9,X44.-,X64.-,Y14.-,Y59.0
1649,0,麻醉,Anesthesia,,,,,
1649,1,表面,surface,T41.3,X44.-,X64.-,Y14.-,Y48.3
1649,1,肌肉松弛,muscle relaxation,T48.1,X44.-,X64.-,Y14.-,Y55.1
1649,1,脊尾(骶管),caudal,T41.3,X44.-,X64.-,Y14.-,Y48.3
1649,1,加强性,potentiated,T41.2,X44.-,X64.-,Y14.-,Y48.2
1649,1,局部,local,T41.3,X44.-,X64.-,Y14.-,Y48.3
1649,1,粘膜,mucosal,T41.3,X44.-,X64.-,Y14.-,Y48.3
1649,1,气管内,endotracheal,T41.0,X44.-,X64.-,Y14.-,Y48.0
1649,1,区域(阻滞),regional,T41.3,X44.-,X64.-,Y14.-,Y48.3
1649,1,神经传导阻滞,nerve blocking,T41.3,X44.-,X64.-,Y14.-,Y48.3
1649,1,神经丛阻滞,plexus blocking,T41.3,X44.-,X64.-,Y14.-,Y48.3
1649,1,吸入,inhalation,T41.0,X44.-,X64.-,Y14.-,Y48.0
1649,1,硬膜外,epidural,T41.3,X44.-,X64.-,Y14.-,Y48.3
1649,1,直肠,rectal,T41.2,X44.-,X64.-,Y14.-,Y48.2
1649,0,麻醉剂,Narcotic NEC,T40.6,X42.-,X62.-,Y12.-,Y45.0
1649,1,合成的,synthetic NEC,T40.4,X42.-,X62.-,Y12.-,Y45.0
1649,0,麻醉前用药,Premedication anesthetic,T41.2,X44.-,X64.-,Y14.-,Y48.2
1649,0,麻醉,Anesthetic NEC (see also Anesthesia),T41.4,X44.-,X64.-,Y14.-,Y48.4
1649,1,伴有肌肉松弛药,with muscle relaxant,T41.2,X44.-,X64.-,Y14.-,Y48.2
1649,1,浸润 NEC,infiltration NEC,T41.3,X44.-,X64.-,Y14.-,Y48.3
1649,1,静脉内NEC,intravenous NEC,T41.1,X44.-,X64.-,Y14.-,Y48.1
1649,1,局部NEC,local NEC,T41.3,X44.-,X64.-,Y14.-,Y48.3
1649,1,硫代巴比妥类,thiobarbiturate,T41.1,X44.-,X64.-,Y14.-,Y48.1
1649,1,气体NEC,gaseous NEC,T41.0,X44.-,X64.-,Y14.-,Y48.0
1649,1,区域(阻滞)NEC,regional NEC,T41.3,X44.-,X64.-,Y14.-,Y48.3
1649,1,全身性NEC,general NEC,T41.2,X44.-,X64.-,Y14.-,Y48.2
1649,1,吸入,inhaled,T41.0,X44.-,X64.-,Y14.-,Y48.0
1649,1,腰椎NEC,spinal NEC,T41.3,X44.-,X64.-,Y14.-,Y48.3
1649,1,直肠,rectal,T41.2,X44.-,X64.-,Y14.-,Y48.2
1649,0,马抗人淋巴细胞血清,Horse anti-human lymphocytic serum,T50.9,X44.-,X64.-,Y14.-,Y59.3
1649,0,马拉硫磷（药用）,Malathion (medicinal),T49.0,X44.-,X64.-,Y14.-,Y56.0
1649,1,杀虫药,insecticide,T60.0,X48.-,X68.-,Y18.-,
1649,0,马来酸哌克昔林[心舒宁],Perhexiline (maleate),T46.3,X44.-,X64.-,Y14.-,Y52.3
1649,0,马普替林(抗抑郁药),Maprotiline,T43.0,X41.-,X61.-,Y11.-,Y49.0
1649,0,马钱子碱[布鲁生](中枢兴奋药),Brucine,T65.1,X49.-,X69.-,Y19.-,
1649,0,马粟树皮苷 - 现译名 七叶苷糖,Esculoside,T45.2,X44.-,X64.-,Y14.-,Y57.7
1649,0,马吲哚(食欲抑制药，抗抑郁药),Mazindol,T50.5,X44.-,X64.-,Y14.-,Y57.0
1650,0,吗多明(抗心绞痛药),Molsidomine,T46.3,X44.-,X64.-,Y14.-,Y52.3
1650,0,吗啡(镇痛药),"Morphine, Morfin",T40.2,X42.-,X62.-,Y12.-,Y45.0
1650,1,拮抗剂,antagonist,T50.7,X44.-,X64.-,Y14.-,Y50.1
1650,0,吗琥胺(镇癫疯药),Morsuximide,T42.2,X41.-,X61.-,Y11.-,Y46.0
1650,0,吗甲吡嗪酰胺 - 现译名,Morphazinamide,T37.1,X44.-,X64.-,Y14.-,Y41.1
1650,0,吗啉胍(抗病毒药),Moroxydine,T37.5,X44.-,X64.-,Y14.-,Y41.5
1650,0,吗啉米特[吗甲吡嗪酰胺],Morphazinamide,T37.1,X44.-,X64.-,Y14.-,Y41.1
1650,0,吗尼氟酯(消炎药),Morniflumate,T39.3,X40.-,X60.-,Y10.-,Y45.3
1650,0,吗氯贝胺(抗抑郁药),Moclobemide,T43.1,X41.-,X61.-,Y11.-,Y49.1
1650,0,吗茚酮(抗抑郁药),Molindone,T43.5,X41.-,X61.-,Y11.-,Y49.5
1650,0,蚂蚁毒-见杀虫药,Ant poison-see Insecticide,,,,,
1650,0,麦草畏[二氯甲氧苯酸],Dicamba,T60.3,X48.-,X68.-,Y18.-,
1650,0,麦迪霉素(抗生素),Midecamycin,T36.3,X44.-,X64.-,Y14.-,Y40.3
1650,0,麦角(中药)NEC,Ergot NEC,T64,X49.-,X69.-,Y19.-,
1650,1,精制的,prepared,T48.0,X44.-,X64.-,Y14.-,Y55.0
1650,1,衍生物,derivative,T48.0,X44.-,X64.-,Y14.-,Y55.0
1650,0,麦角胺[麦角异胺],Ergotamine,T46.5,X44.-,X64.-,Y14.-,Y52.5
1650,0,麦角巴辛[麦角新碱],Ergobasine,T48.0,X44.-,X64.-,Y14.-,Y55.0
1650,0,麦角二乙胺(致幻剂),Lysergide,T40.8,X42.-,X62.-,Y12.-,Y49.6
1650,0,麦角副酸二乙酰胺,LSD,T40.8,X42.-,X62.-,Y12.-,Y49.6
1650,0,麦角钙化醇- 现译名维生素D2,Ergocalciferol,T45.2,X44.-,X64.-,Y14.-,Y54.7
1650,0,麦角托辛-现译名麦角新碱,Ergotocine,T48.0,X44.-,X64.-,Y14.-,Y55.0
1650,0,麦角新碱[麦角托辛](子宫收缩药),"Ergometrine, Ergotocine",T48.0,X44.-,X64.-,Y14.-,Y55.0
1650,0,麦角酸二乙胺(致幻剂),Lysergic acid diethylamide,T40.8,X42.-,X62.-,Y12.-,Y49.6
1650,0,麦角乙脲-现译名利舒脲,Lisuride,T42.8,X41.-,X61.-,Y11.-,Y46.7
1650,0,麦拉乳酸(抗原虫药),Myralact,T49.0,X44.-,X64.-,Y14.-,Y56.0
1650,0,麦沙吡林(抗组胺药),Methapyrilene,T45.0,X44.-,X64.-,Y14.-,Y43.0
1650,0,脉律定-现译名美西律,Mexiletine,T46.2,X44.-,X64.-,Y14.-,Y52.2
1650,0,唛酚生 - 现译名 美芬新,Mephenesin,T42.8,X41.-,X61.-,Y11.-,Y46.8
1650,0,曼陀罗(解痉药),Stramonium,T48.6,X44.-,X64.-,Y14.-,Y55.6
1650,0,曼陀罗叶,Folium stramoniae,T48.6,X44.-,X64.-,Y14.-,Y55.6
1650,0,毛果芸香碱[匹鲁卡品],Pilocarpine,T44.1,X43.-,X63.-,Y13.-,Y51.1
1650,0,毛花洋地黄苷,Lanatosides,T46.0,X44.-,X64.-,Y14.-,Y52.0
1650,0,毛细管活性药NEC,Capillary-active drug NEC,T46.9,X44.-,X64.-,Y14.-,Y52.9
1650,0,"茅草枯[2,2-二氯丙酸](钠)",Dalapon (sodium),T60.3,X48.-,X68.-,Y18.-,
1650,0,玫瑰红钠(131I),Rose bengal sodium,T50.8,X44.-,X64.-,Y14.-,Y57.6
1650,0,梅坎米胺-现译名美卡拉明,Mecamylamine,T44.2,X43.-,X63.-,Y13.-,Y51.2
1650,0,"煤(一氧化碳,产生于)",Coal (carbon monoxide from),T58,X47.-,X67.-,Y17.-,
1650,1,焦油,tar,T49.1,X44.-,X64.-,Y14.-,Y56.1
1650,0,煤酚-现译名甲酚,Cresol(s),T49.0,X44.-,X64.-,Y14.-,Y56.0
1650,0,煤油，火油(燃料)(溶剂)NEC,"Kerosene, kerosine (fuel)",T52.0,X46.-,X66.-,Y16.-,
1650,1,杀虫药,insecticide,T52.0,X46.-,X66.-,Y16.-,
1650,1,蒸气,vapor,T52.0,X46.-,X66.-,Y16.-,
1651,0,酶NEC,Enzyme NEC,T45.3,X44.-,X64.-,Y14.-,Y43.6
1651,1,肠道,intestinal,T47.5,X44.-,X64.-,Y14.-,Y53.5
1651,1,蛋白水解,proteolytic,T49.4,X44.-,X64.-,Y14.-,Y56.4
1651,1,解聚,depolymerizing,T49.8,X44.-,X64.-,Y14.-,Y56.8
1651,1,局部作用,local action,T49.4,X44.-,X64.-,Y14.-,Y56.4
1651,1,溶血栓,thrombolytic,T45.3,X44.-,X64.-,Y14.-,Y43.6
1651,1,溶纤维,fibrolytic,T45.3,X44.-,X64.-,Y14.-,Y43.6
1651,1,胃,gastric,T45.3,X44.-,X64.-,Y14.-,Y43.6
1651,0,美巴那肼(抗抑郁药),Mebanazine,T43.1,X41.-,X61.-,Y11.-,Y49.1
1651,0,美贝维林(解痉药),Mebeverine,T44.3,X43.-,X63.-,Y13.-,Y51.3
1651,0,美吡拉敏[吡拉明](抗组胺药),"Mepyramine, Pyrilamine",T45.0,X44.-,X64.-,Y14.-,Y43.0
1651,0,美布氨酯(降压药),Mebutamate,T43.5,X41.-,X61.-,Y11.-,Y49.5
1651,0,美布他明(局部麻醉药),Metabutethamine,T41.3,X44.-,X64.-,Y14.-,Y48.3
1651,0,美雌醇(雌激素类),Mestranol,T38.5,X44.-,X64.-,Y14.-,Y42.5
1651,0,美达西泮(安定药),Medazepam,T42.4,X41.-,X61.-,Y11.-,Y47.1
1651,0,美法仑(抗肿瘤药),Melphalan,T45.1,X44.-,X64.-,Y14.-,Y43.3
1651,0,美芬丁胺(升压药，血管收缩药),Mephentermine,T44.9,X43.-,X63.-,Y13.-,Y51.9
1651,0,美芬雷司(食欲抑制药),Mefenorex,T50.5,X44.-,X64.-,Y14.-,Y57.0
1651,0,美芬妥英[3-甲基苯乙妥因](镇痛药),"Mephenytoin, MethoinPhenantoin",T42.0,X41.-,X61.-,Y11.-,
1651,1,伴有苯巴比妥,with phenobarbital,T42.3,X41.-,X61.-,Y11.-,Y47.0
1651,0,美芬诺酮(解痉药),Mephenoxalone,T42.8,X41.-,X61.-,Y11.-,Y46.8
1651,0,美芬新[唛酚生](神经肌肉阻断药),Mephenesin,T42.8,X41.-,X61.-,Y11.-,Y46.8
1651,0,美夫西特(利尿剂),Mefruside,T50.2,X44.-,X64.-,Y14.-,Y54.5
1651,0,美睾酮(雄激素类),Mesterolone,T38.7,X44.-,X64.-,Y14.-,Y42.7
1651,0,美海屈林[甲苄咔啉](抗组胺药),Mebhydrolin,T45.0,X44.-,X64.-,Y14.-,Y43.0
1651,0,美金刚(抗震颤麻痹药),Memantine,T42.8,X41.-,X61.-,Y11.-,Y46.7
1651,0,美卡拉明[梅坎米胺](抗高血压药),Mecamylamine,T44.2,X43.-,X63.-,Y13.-,Y51.2
1651,0,美克立酯(外科材料),Mecrilate,T49.3,X44.-,X64.-,Y14.-,Y56.3
1651,0,美克洛嗪(氢氯化物)[氯苯甲嗪](抗组胺药),"Meclizine (hydrochloride),Meclozine",T45.0,X44.-,X64.-,Y14.-,
1651,0,美克西酮(防晒药),Mexenone,T49.3,X44.-,X64.-,Y14.-,Y56.3
1651,0,美喹他嗪[甲喹吩嗪](抗组胺药),Mequitazine,T43.3,X41.-,X61.-,Y11.-,Y49.3
1651,0,美拉肼(解痉药),Meladrazine,T44.3,X43.-,X63.-,Y13.-,Y51.3
1651,0,美拉鲁利[莫鲁来](利尿剂),Meralluride,T50.2,X44.-,X64.-,Y14.-,Y54.5
1651,0,美拉胂醇(抗感染药),Melarsoprol,T37.3,X44.-,X64.-,Y14.-,Y41.3
1651,0,美拉胂钾,Melarsonyl potassium,T37.3,X44.-,X64.-,Y14.-,Y41.3
1651,0,美蓝-现译名亚甲蓝,Methylthionine chloride,T50.6,X44.-,X64.-,Y14.-,Y57.2
1651,0,美利曲辛(抗抑郁药),Melitracen,T43.0,X41.-,X61.-,Y11.-,Y49.0
1651,0,美洛西林(抗生素),Mezlocillin,T36.0,X44.-,X64.-,Y14.-,Y40.0
1651,0,美帕曲星[甲帕霉素](抗生素),Mepartricin,T36.7,X44.-,X64.-,Y14.-,Y40.7
1651,0,美哌隆(抗精神病药),Melperone,T43.4,X41.-,X61.-,Y11.-,Y49.4
1651,0,美喷酯,Mepenzolate,T44.3,X43.-,X63.-,Y13.-,Y51.3
1651,1,溴化物(抗胆碱药),bromide,T44.3,X43.-,X63.-,Y13.-,Y51.3
1651,0,美普卡因(局部麻醉药),Meprylcaine,T41.3,X44.-,X64.-,Y14.-,Y48.3
1651,0,美普他酚(镇痛药),Meptazinol,T39.8,X40.-,X60.-,Y10.-,Y45.8
1652,0,美曲膦酯[敌百虫],Metrifonate,T60.0,X48.-,X68.-,Y18.-,
1652,0,美屈孕酮(孕激素类),Medrogestone,T38.5,X44.-,X64.-,Y14.-,Y42.5
1652,0,美噻吨(抗震颤麻痹药，解痉药),"Methixene,Metixene",T44.3,X43.-,X63.-,Y13.-,Y51.3
1652,0,美沙比妥[甲巴比妥](镇癫疯药),Metharbital,T42.3,X41.-,X61.-,Y11.-,Y47.0
1652,0,美沙雌酸(雌激素类),Methallenestril,T38.5,X44.-,X64.-,Y14.-,Y42.5
1652,0,美沙芬-现译名 右美沙芬,Dextromethorphan,T48.3,X44.-,X64.-,Y14.-,Y55.3
1652,0,美沙拉嗪(消炎药),Mesalazine,T47.8,X44.-,X64.-,Y14.-,Y53.8
1652,0,美沙洛尔(β受体阻滞药),Medroxalol,T44.8,X43.-,X63.-,Y13.-,Y51.8
1652,0,美沙酮[阿米酮](镇痛药),"Methadone, Amidone",T40.3,X42.-,X62.-,Y12.-,Y45.0
1652,0,美沙唑仑(安定药),Mexazolam,T42.4,X41.-,X61.-,Y11.-,Y47.1
1652,0,美舒麦角(催乳素分泌抑制药),Mesulergine,T42.8,X41.-,X61.-,Y11.-,Y46.7
1652,0,美司卡林[仙人球毒碱],Mescaline,T40.9,X42.-,X62.-,Y12.-,Y49.6
1652,0,美司钠(粘液溶解药),Mesna,T48.4,X44.-,X64.-,Y14.-,Y55.4
1652,0,美司坦(镇咳药),Mecysteine,T48.4,X44.-,X64.-,Y14.-,Y55.4
1652,0,美斯的明-现译名安贝氯铵,Ambenonium (chloride),T44.0,X43.-,X63.-,Y13.-,Y51.0
1652,0,美速胺-现译名甲氧明,Methoxamine,T44.4,X43.-,X63.-,Y13.-,Y51.4
1652,0,美索巴莫(解痉药),Methocarbamol,T42.8,X41.-,X61.-,Y11.-,Y46.8
1652,1,骨胳肌松弛药,skeletal muscle relaxant,T48.1,X44.-,X64.-,Y14.-,Y55.1
1652,0,美索比妥(镇静催眠药),"Methohexitone, Methohexital",T41.1,X44.-,X64.-,Y14.-,Y48.1
1652,0,美索丙嗪(抗精神病药),Methopromazine,T43.3,X41.-,X61.-,Y11.-,Y49.3
1652,0,美索达嗪[甲砜哒嗪],Mesoridazine,T43.3,X41.-,X61.-,Y11.-,Y49.3
1652,0,美索舍平(抗精神病药),Methoserpidine,T46.5,X44.-,X64.-,Y14.-,Y52.5
1652,0,美他环素[甲烯土霉素](抗生素),Metacycline .-,T36.4,X44.-,X64.-,Y14.-,Y40.4
1652,0,美他帕明(抗抑郁药),Metapramine,T43.0,X41.-,X61.-,Y11.-,Y49.0
1652,0,美他沙酮(安定药),Metaxalone .-,T42.8,X41.-,X61.-,Y11.-,Y46.8
1652,0,美坦西林(抗生素),Metampicillin,T36.0,X44.-,X64.-,Y14.-,Y40.0
1652,0,美替克仑(利尿剂),Meticrane,T50.2,X44.-,X64.-,Y14.-,Y54.5
1652,0,美替拉酮[甲吡酮],Metyrapone,T50.8,X44.-,X64.-,Y14.-,Y57.6
1652,0,美替洛尔(β受体阻滞药),Metipranolol,T49.5,X44.-,X64.-,Y14.-,Y56.5
1652,0,美替诺龙(雄激素，同化激素类),"Metenolone, Methenolone",T38.7,X44.-,X64.-,Y14.-,Y42.7
1652,0,美替沙腙(抗病毒药),Metisazone,T37.5,X44.-,X64.-,Y14.-,Y41.5
1652,0,美替妥英(抗惊厥药),"Metetoin,Methetoin",T42.0,X41.-,X61.-,Y11.-,Y46.2
1652,0,美替唑啉(血管收缩药),Metizoline,T48.5,X44.-,X64.-,Y14.-,Y55.5
1652,0,美托奋乃酯(抗精神病药),Metofenazate,T43.3,X41.-,X61.-,Y11.-,Y49.3
1652,0,美托拉宗(利尿剂),Metolazone,T50.2,X44.-,X64.-,Y14.-,Y54.5
1652,0,美托洛尔[甲氧乙心安],Metoprolol,T44.7,X43.-,X63.-,Y13.-,Y51.7
1652,0,美西林(抗生素),Mecillinam,T36.0,X44.-,X64.-,Y14.-,Y40.0
1652,0,美西律[脉律定](抗心律失常药),Mexiletine,T46.2,X44.-,X64.-,Y14.-,Y52.2
1652,0,美西麦角(抗蠕虫药),Methysergide,T46.5,X44.-,X64.-,Y14.-,Y52.5
1652,0,美雄醇(雄激素，同化激素类),Methandriol,T38.7,X44.-,X64.-,Y14.-,Y42.7
1652,0,美雄诺龙(雄激素，同化激素类),"Mestanolone,Metandienone",T38.7,X44.-,X64.-,Y14.-,Y42.7
1652,0,美雄烷(抗肿瘤药),Mepitiostane,T38.7,X44.-,X64.-,Y14.-,Y42.7
1652,0,美远志糖浆,Senega syrup,T48.4,X44.-,X64.-,Y14.-,Y55.4
1653,0,镁NEC,Magnesium NEC,T56.8,X49.-,X69.-,Y19.-,
1653,1,过氧化(镁),peroxide,T49.0,X44.-,X64.-,Y14.-,Y56.0
1653,1,氟硅酸(镁),silicofluoride,T50.3,X44.-,X64.-,Y14.-,Y54.9
1653,1,枸橼酸(镁),citrate,T47.4,X44.-,X64.-,Y14.-,Y53.4
1653,1,硫代硫酸(镁),thiosulfate,T45.0,X44.-,X64.-,Y14.-,Y43.0
1653,1,硫酸(镁),sulfate,T47.4,X44.-,X64.-,Y14.-,Y53.4
1653,1,氢氧化(镁),hydroxide,T47.1,X44.-,X64.-,Y14.-,Y53.1
1653,1,三硅酸(镁),trisilicate,T47.1,X44.-,X64.-,Y14.-,Y53.1
1653,1,水杨酸(镁),salicylate,T39.0,X40.-,X60.-,Y10.-,Y45.1
1653,1,碳酸(镁),carbonate,T47.1,X44.-,X64.-,Y14.-,Y53.1
1653,1,氧化(镁),oxide,T47.1,X44.-,X64.-,Y14.-,Y53.1
1653,0,镁加铝[氢氧化镁铝](抗酸药),Magaldrate,T47.1,X44.-,X64.-,Y14.-,Y53.1
1653,0,镁乳,Milk of magnesia,T47.1,X44.-,X64.-,Y14.-,Y53.1
1653,0,门冬氨酸鸟氨酸,Ornithine aspartate,T50.9,X44.-,X64.-,Y14.-,Y57.1
1653,0,门冬酰胺酶(抗肿瘤药),"Asparaginase, Colaspase",T45.1,X44.-,X64.-,Y14.-,Y43.3
1653,0,锰(二氧化物)(盐),Manganese (dioxide) (salts),T57.2,X49.-,X69.-,Y19.-,
1653,1,药用,medicinal,T50.9,X44.-,X64.-,Y14.-,Y54.9
1653,0,孟德立胺-现译名 鸟洛托品,"Hexamine, Methenamine (mandelate)",T37.8,X44.-,X64.-,Y14.-,
1653,0,咪达唑仑(麻醉药),Midazolam,T42.4,X41.-,X61.-,Y11.-,Y47.1
1653,0,咪康唑(抗真菌药),Miconazole,T49.0,X44.-,X64.-,Y14.-,Y56.0
1653,0,咪噻吩-现译名曲美芬,Trimethaphan,T44.2,X43.-,X63.-,Y13.-,Y51.2
1653,0,咪唑-4-羧酰胺,Imidazole-4-carboxamide,T45.1,X44.-,X64.-,Y14.-,Y43.3
1653,0,糜蛋白酶[胰凝乳蛋白酶],Chymotrypsin,T45.3,X44.-,X64.-,Y14.-,Y43.6
1653,0,糜木瓜酶[木瓜凝乳蛋白酶],Chymopapain,T45.3,X44.-,X64.-,Y14.-,Y43.6
1653,0,米安色林(抗抑郁药，抗过敏药),Mianserin,T43.0,X41.-,X61.-,Y11.-,Y49.0
1653,0,米尔维林(解痉药),Milverine,T44.3,X43.-,X63.-,Y13.-,Y51.3
1653,0,米非司酮(抗孕激素药),Mifepristone,T38.6,X44.-,X64.-,Y14.-,Y42.6
1653,0,米卡霉素[乙酰麦迪霉素],Miokamycin,T36.3,X44.-,X64.-,Y14.-,Y40.3
1653,0,米库氯铵(神经肌肉阻滞剂),Mivacurium chloride,T48.1,X44.-,X64.-,Y14.-,Y55.1
1653,0,米那索龙[胺乙氧孕烷酮],Minaxolone,T41.2,X44.-,X64.-,Y14.-,Y48.2
1653,0,米诺地尔(降压药),Minoxidil,T46.7,X44.-,X64.-,Y14.-,Y52.7
1653,0,米诺环素(抗生素),Minocycline,T36.4,X44.-,X64.-,Y14.-,Y40.4
1653,0,米帕林[奎纳克林](抗疟药),"Mepacrine, Quinacrine",T37.2,X44.-,X64.-,Y14.-,Y41.2
1653,0,米帕明-现译名丙米嗪,Imipramine,T43.0,X41.-,X61.-,Y11.-,Y49.0
1653,0,米索前列醇(前列腺素类),Misoprostol,T47.1,X44.-,X64.-,Y14.-,Y53.1
1653,0,米索硝唑(抗寄生虫药),Misonidazole,T37.3,X44.-,X64.-,Y14.-,Y41.3
1653,0,米他芬-现译名硝甲酚汞,Nitromersol,T49.0,X44.-,X64.-,Y14.-,Y56.0
1653,0,米托蒽醌(抗肿瘤药),Mitoxantrone,T45.1,X44.-,X64.-,Y14.-,Y43.3
1653,0,米托胍脲(抗肿瘤药),Mitoguanone,T45.1,X44.-,X64.-,Y14.-,
1653,0,米托肼(抗肿瘤药),Mitopodozide,T45.1,X44.-,X64.-,Y14.-,Y43.3
1653,0,米托坦(抗肿瘤药),Mitotane,T45.1,X44.-,X64.-,Y14.-,Y43.3
1653,0,米雅菌[酪酸菌](治肠道菌群,Miyari bacteria,T47.6,X44.-,X64.-,Y14.-,Y53.6
1653,0,泌尿系抗感染药,Urinary anti-infective,T37.8,X44.-,X64.-,Y14.-,Y41.8
1654,0,嘧啶拮抗剂,Pyrimidine antagonist,T45.1,X44.-,X64.-,Y14.-,Y43.1
1654,0,棉安磷 - 现译名 硫环磷,Phosfolan,T60.0,X48.-,X68.-,Y18.-,
1654,0,免疫,Immune,,,,,
1654,1,球蛋白,globulin,T50.9,X44.-,X64.-,Y14.-,Y59.3
1654,1,血清球蛋白,serum globulin,T50.9,X44.-,X64.-,Y14.-,Y59.3
1654,0,免疫抑制药,Immunosuppressive drug,T45.1,X44.-,X64.-,Y14.-,Y43.4
1654,0,免疫制剂,Immunological agent,T50.9,X44.-,X64.-,Y14.-,Y59.9
1654,1,特指的NEC,specified NEC,T50.9,X44.-,X64.-,Y14.-,Y59.8
1654,0,灭草隆,Monuron,T60.3,X48.-,X68.-,Y18.-,
1654,0,灭虫宁-现译名羟萘苄芬宁,Bephenium,T37.4,X44.-,X64.-,Y14.-,Y41.4
1654,0,灭滴灵-现译名 甲硝唑,Metronidazole,T37.8,X44.-,X64.-,Y14.-,Y41.8
1654,0,灭菌丹,Folpet,T60.3,X48.-,X68.-,Y18.-,
1654,0,灭鼠剂NEC,Rodenticide NEC,T60.4,X48.-,X68.-,Y18.-,
1654,0,灭鼠优,Pyriminil,T60.4,X48.-,X68.-,Y18.-,
1654,0,灭蚁灵[全氯五环癸烷](杀昆虫药),Mirex,T60.1,X48.-,X68.-,Y18.-,
1654,0,明矾(药用),Alum (medicinal),T49.4,X44.-,X64.-,Y14.-,Y56.4
1654,1,非药用(铵)(钾),nonmedicinal(ammonium),T56.8,X49.-,X69.-,Y19.-,
1654,0,蘑菇，有毒的,"Mushroom, noxious",T62.0,X49.-,X69.-,Y19.-,
1654,0,莫非布宗[单苯保泰松](抗炎药),Monophenylbutazone,T39.2,X40.-,X60.-,Y10.-,Y45.8
1654,0,莫鲁来-现译名美拉鲁利,Meralluride,T50.2,X44.-,X64.-,Y14.-,Y54.5
1654,0,莫罗单抗-CD3-现译名,Muromonab-CD3,T45.1,X44.-,X64.-,Y14.-,Y43.4
1654,0,莫米松(肾上腺皮质激素类),Mometasone,T49.0,X44.-,X64.-,Y14.-,Y56.0
1654,0,莫诺苯宗[氢醌苄醚](脱色药),Monobenzone,T49.4,X44.-,X64.-,Y14.-,Y56.4
1654,0,莫哌达醇(抗血栓药),Mopidamol,T45.1,X44.-,X64.-,Y14.-,Y43.1
1654,0,莫哌隆(抗精神病药),Moperone,T43.4,X41.-,X61.-,Y11.-,Y49.4
1654,0,莫匹罗星(抗生素),Mupirocin,T49.0,X44.-,X64.-,Y14.-,Y56.0
1654,0,莫沙帕明(抗精神病药),Mosapramine,T43.5,X41.-,X61.-,Y11.-,Y49.5
1654,0,莫沙斯汀(抗组胺药),Moxastine,T45.0,X44.-,X64.-,Y14.-,Y43.0
1654,0,莫沙维林(解痉药),Moxaverine,T44.3,X43.-,X63.-,Y13.-,Y51.3
1654,0,莫西芬辛(抗震颤麻痹药),Moxifensine,T43.2,X41.-,X61.-,Y11.-,Y49.2
1654,0,莫西赛利(血管扩张药),"Moxisylyte,Thymoxamine",T46.7,X44.-,X64.-,Y14.-,Y52.7
1654,0,墨斯卡灵-现译名美司卡林,Mescaline,T40.9,X42.-,X62.-,Y12.-,Y49.6
1654,0,牡蛎，有毒的，非细菌,"Shellfish, noxious",T61.2,X49.-,X69.-,Y19.-,
1654,0,木材防腐剂,Wood preservatives,T60.9,X48.-,X68.-,Y18.-,
1654,0,木醇或酒精,Wood alcohol or spirit,T51.1,X45.-,X65.-,Y15.-,
1654,0,木瓜酶[番木瓜酶],Papain,T47.5,X44.-,X64.-,Y14.-,Y53.5
1654,1,助消化的,digestant,T47.5,X44.-,X64.-,Y14.-,Y53.5
1654,0,木瓜凝乳蛋白酶 - 现译名,Chymopapain,T45.3,X44.-,X64.-,Y14.-,Y43.6
1654,0,木馏油(煤焦油)(山毛榉)-现译名,Creosote (coal tar),T49.0,X44.-,X64.-,Y14.-,Y56.0
1654,0,木素半纤维素,Lignin hemicellulose,T47.6,X44.-,X64.-,Y14.-,Y53.6
1655,0,那可丁(镇咳药),Noscapine,T48.3,X44.-,X64.-,Y14.-,Y55.3
1655,0,那他霉素(抗生素),Natamycin,T49.0,X44.-,X64.-,Y14.-,Y56.0
1655,0,纳布啡(镇痛药),Nalbuphine,T40.4,X42.-,X62.-,Y12.-,Y45.0
1655,0,纳多洛尔(β受体阻滞药),Nadolol,T44.7,X43.-,X63.-,Y13.-,Y51.7
1655,0,纳洛芬- 现译名 烯丙吗啡,Nalorphine,T50.7,X44.-,X64.-,Y14.-,Y50.1
1655,0,纳洛酮(吗啡拮抗药),Naloxone,T50.7,X44.-,X64.-,Y14.-,Y50.1
1655,0,纳曲酮(吗啡拮抗药),Naltrexone,T50.7,X44.-,X64.-,Y14.-,Y50.1
1655,0,钠,Sodium,,,,,
1655,1,二葡萄糖氨苯砜(钠),glucosulfone,T37.1,X44.-,X64.-,Y14.-,Y41.1
1655,1,氨蝶呤(钠),aminopterin,T45.1,X44.-,X64.-,Y14.-,Y43.1
1655,1,巴比妥(钠),barbiturate,T42.3,X41.-,X61.-,Y11.-,Y47.0
1655,1,草酸(钠),oxalate,T65.8,X49.-,X69.-,Y19.-,
1655,1,次氯酸(钠)(漂白剂)NEC,hypochlorite (bleach) NEC,T54.3,X49.-,X69.-,Y19.-,
1655,2,蒸气,vapor,T54.3,X47.-,X67.-,Y17.-,
1655,1,醋氨磺胺苯砜(钠),acetosulfone,T37.1,X44.-,X64.-,Y14.-,Y41.1
1655,1,醋碘苯酸(钠)(诊断用药),acetrizoate,T50.8,X44.-,X64.-,Y14.-,Y57.5
1655,1,地布酸(钠),dibunate,T48.4,X44.-,X64.-,Y14.-,Y55.4
1655,1,碘-碘塞罗宁(钠),1-triiodothyronine,T38.1,X44.-,X64.-,Y14.-,Y42.1
1655,1,碘泊酸(钠),iopodate,T50.8,X44.-,X64.-,Y14.-,Y57.5
1655,1,淀粉硫酸(钠),amylosulfate,T47.8,X44.-,X64.-,Y14.-,Y53.8
1655,1,靛胭脂(用于肾功能试验),indigotin disulfonate,T50.8,X44.-,X64.-,Y14.-,Y57.6
1655,1,多羟基铝单碳酸(钠),polyhydroxyaluminium,T47.1,X44.-,X64.-,Y14.-,Y53.1
1655,1,泛影(钠)(诊断用药),amidotrizoate,T50.8,X44.-,X64.-,Y14.-,Y57.5
1655,1,放射性高锝酸(钠)Tc99m,pertechnetate Tc99m,T50.8,X44.-,X64.-,Y14.-,Y57.5
1655,1,夫西地酸(钠),fusidate,T36.8,X44.-,X64.-,Y14.-,Y40.8
1655,1,氟乙酸(钠)(杀鼠药),monofluoroacetate,T60.1,X48.-,X68.-,Y18.-,
1655,1,氟乙酸(钠)(粉尘)(杀虫药),fluoroacetate (dust),T60.4,X48.-,X68.-,Y18.-,
1655,1,高硼酸(钠)(非药用)NEC,perborate (nonmedicinal),T65.8,X49.-,X69.-,Y19.-,
1655,2,药用,medicinal,T49.0,X44.-,X64.-,Y14.-,Y56.0
1655,1,铬酸(钠),chromate,T65.8,X49.-,X69.-,Y19.-,
1655,1,汞撒利,mersalate,T50.2,X44.-,X64.-,Y14.-,Y54.5
1655,1,谷氨酸(钠),glutamate,T45.8,X44.-,X64.-,Y14.-,Y43.5
1655,1,磺琥辛酯(钠),dioctylsulfosuccinate,T47.4,X44.-,X64.-,Y14.-,Y53.4
1655,1,肌醇六磷酸(钠),phytate,T50.6,X44.-,X64.-,Y14.-,Y57.2
1655,1,甲磺丁脲(钠),tolbutamide,T38.3,X44.-,X64.-,Y14.-,Y42.3
1655,1,甲泛影(钠)(诊断用药),metrizoate,T50.8,X44.-,X64.-,Y14.-,Y57.5
1655,1,碱式磷酸(钠),basic phosphate,T47.4,X44.-,X64.-,Y14.-,Y53.4
1656,0,钠——续前页,Sodium——continued,,,,,
1656,1,金硫丁二(钠),aurothiomalate,T39.4,X40.-,X60.-,Y10.-,Y45.4
1656,1,枸橼酸(钠),citrate,T50.9,X44.-,X64.-,Y14.-,Y43.5
1656,1,聚苯乙烯磺酸(钠),polystyrene sulfonate,T50.3,X44.-,X64.-,Y14.-,Y54.6
1656,1,酪泮酸(钠),tyropanoate,T50.8,X44.-,X64.-,Y14.-,Y57.5
1656,1,磷酸(钠),phosphate,,,,,
1656,2,元,monobasic,T45.8,X44.-,X64.-,Y14.-,Y43.5
1656,2,二元,dibasic,T47.2,X44.-,X64.-,Y14.-,Y53.2
1656,1,磷酸二氢(钠),"biphosphate, acid phosphate",T50.3,X44.-,X64.-,Y14.-,Y54.6
1656,1,硫代硫酸(钠),thiosulfate,T50.6,X44.-,X64.-,Y14.-,Y57.2
1656,1,硫代硫酸金(钠),aurothiosulfate,T39.4,X40.-,X60.-,Y10.-,Y45.4
1656,1,硫酸(钠),sulfate,T47.4,X44.-,X64.-,Y14.-,Y53.4
1656,1,硫酸氢(钠),bisulfate,T65.8,X49.-,X69.-,Y19.-,
1656,1,氯化(钠),chloride,T50.3,X44.-,X64.-,Y14.-,Y54.6
1656,2,伴有葡萄糖,with glucose,T50.3,X44.-,X64.-,Y14.-,Y54.6
1656,1,氯酸(钠)NEC,chlorate NEC,T65.8,X49.-,X69.-,Y19.-,
1656,1,镁枸橼酸(钠),magnesium citrate,T50.9,X44.-,X64.-,Y14.-,Y57.8
1656,1,尼泊金丙酯(钠),propyl hydroxybenzoate,T50.9,X44.-,X64.-,Y14.-,Y57.4
1656,1,硼酸(钠),borate,,,,,
1656,2,清洁剂,cleanser,T57.8,X49.-,X69.-,Y19.-,
1656,3,眼,eye,T49.5,X44.-,X64.-,Y14.-,Y56.5
1656,2,治疗的,therapeutic,T49.8,X44.-,X64.-,Y14.-,Y56.8
1656,1,匹可硫酸(钠),picosulfate,T47.2,X44.-,X64.-,Y14.-,Y53.2
1656,1,偏硅酸(钠),metasilicate,T65.8,X49.-,X69.-,Y19.-,
1656,1,葡萄糖酸二羟铝(钠),glucaldrate,T47.1,X44.-,X64.-,Y14.-,Y53.1
1656,1,葡萄糖酸锑(钠),antimony gluconate,T37.3,X44.-,X64.-,Y14.-,Y41.3
1656,1,羟丁酸(钠),oxybate,T41.2,X44.-,X64.-,Y14.-,Y48.2
1656,1,氢氧化(钠),hydroxide,T54.3,X49.-,X69.-,Y19.-,
1656,1,氰化(钠),cyanide,T65.0,X49.-,X69.-,Y19.-,
1656,1,去氢胆酸(钠),dehydrocholate,T45.8,X44.-,X64.-,Y14.-,Y57.8
1656,1,乳酸(钠)(复合物溶液),lactate (compound,T45.8,X44.-,X64.-,Y14.-,Y43.5
1656,1,色甘酸(钠),cromoglicate,T48.6,X44.-,X64.-,Y14.-,Y55.6
1656,1,砷酸(钠),arsenate,T57.0,X48.-,X68.-,Y18.-,
1656,1,十二烷硫酸(钠)[月桂硫酸(钠)],lauryl (sulfate),T49.2,X44.-,X64.-,Y14.-,Y56.2
1656,1,十四烷硫酸(钠),tetradecyl sulfate,T46.8,X44.-,X64.-,Y14.-,Y52.8
1656,1,双泛酰铁,dipantoyl ferrate,T45.8,X44.-,X64.-,Y14.-,Y44.0
1656,1,水杨酸(钠),salicylate,T39.0,X40.-,X60.-,Y10.-,Y45.1
1656,1,碳酸(钠)NEC,carbonate NEC,T54.3,X49.-,X69.-,Y19.-,
1656,1,碳酸氢(钠)(抗酸药),bicarbonate,T47.1,X44.-,X64.-,Y14.-,Y53.1
1656,1,铁依地酸(钠),feredetate,T45.8,X44.-,X64.-,Y14.-,Y44.0
1656,1,磷酸(钠),ferdetrate,T45.8,X44.-,X64.-,Y14.-,
1656,1,硝普(钠),nitroprusside,T46.5,X44.-,X64.-,Y14.-,Y52.5
1656,1,硝酸(钠)(氧化剂),nitrate (oxidizing agent),T65.8,X49.-,X69.-,Y19.-,
1656,1,溴化(钠),bromide,T42.6,X41.-,X61.-,Y11.-,Y47.4
1656,1,亚硝酸(钠),nitrite,T50.6,X44.-,X64.-,Y14.-,Y57.2
1657,0,钠——续前页,Sodium—continued,,,,,
1657,1,盐NEC,salt NEC,T50.3,X44.-,X64.-,Y14.-,Y54.6
1657,1,氧化(钠)/过氧化(钠),oxide/peroxide,T65.8,X49.-,X69.-,Y19.-,
1657,1,依地酸钙(钠),calcium edetate,T45.8,X44.-,X64.-,Y14.-,Y43.8
1657,1,依地酸三(钠),versenate,T50.6,X44.-,X64.-,Y14.-,Y57.2
1657,1,依他尼酸盐,etacrynate,T50.1,X44.-,X64.-,Y14.-,Y54.4
1657,1,鱼肝油酸(钠),morrhuate,T46.8,X44.-,X64.-,Y14.-,Y52.8
1657,1,藻酸(钠),alginate,T47.8,X44.-,X64.-,Y14.-,Y53.8
1657,1,重铬酸(钠),bichromate,T57.8,X49.-,X69.-,Y19.-,
1657,0,奶蓟素-现译名 水飞蓟素,Silymarin,T50.9,X44.-,X64.-,Y14.-,Y57.1
1657,0,萘(氯化的),Naphthalene (chlorinated),T60.1,X48.-,X68.-,Y18.-,
1657,1,杀虫药或蛀虫驱除药,insecticide or moth,T60.1,X48.-,X68.-,Y18.-,
1657,1,蒸气,vapor,T60.1,X48.-,X68.-,Y18.-,
1657,0,萘胺,Naphthylamine,T65.8,X49.-,X69.-,Y19.-,
1657,0,萘丁美酮(抗炎镇痛药),Nabumetone,T39.3,X40.-,X60.-,Y10.-,Y45.3
1657,0,萘啶酸(抗感染药),Nalidixic acid,T37.8,X44.-,X64.-,Y14.-,Y41.8
1657,0,萘多罗米(抗过敏药),Nedocromil,T48.6,X44.-,X64.-,Y14.-,Y55.6
1657,0,萘二磺乙乳胆铵|乙乳胆胺,Aclatonium napadisilate,T48.1,X44.-,X64.-,Y14.-,Y55.1
1657,0,萘酚,Naphthol,T65.8,X49.-,X69.-,Y19.-,
1657,0,萘夫西林(抗生素),Nafcillin,T36.0,X44.-,X64.-,Y14.-,Y40.0
1657,0,萘呋胺(草酸盐)[萘呋胺酯],Naftidrofuryl (oxalate),T46.7,X44.-,X64.-,Y14.-,Y52.7
1657,0,萘呋胺酯- 现译名,Naftidrofuryl (oxalate),T46.7,X44.-,X64.-,Y14.-,Y52.7
1657,0,萘福泮(镇痛药),Nefopam,T39.8,X40.-,X60.-,Y10.-,Y45.8
1657,0,萘福昔定(雌激素拮抗药),Nafoxidine,T38.6,X44.-,X64.-,Y14.-,Y42.6
1657,0,萘甲唑啉[鼻眼净],Naphazoline,T48.5,X44.-,X64.-,Y14.-,Y55.5
1657,0,萘醌腙(止血药),Naftazone,T46.9,X44.-,X64.-,Y14.-,Y52.9
1657,0,萘硫脲(安妥)[安毒鼠],Naphthylthiourea (ANTU),T60.4,X48.-,X68.-,Y18.-,
1657,0,奈莫必利(抗精神病药),Nemonapride,T43.5,X41.-,X61.-,Y11.-,Y49.5
1657,0,萘莫司他(蛋白酶抑制药),Nafamostat,T45.6,X44.-,X64.-,Y14.-,Y44.3
1657,0,萘普生(抗炎镇痛药),Naproxen,T39.3,X40.-,X60.-,Y10.-,Y45.2
1657,0,萘普生哌嗪酸,Piproxen,T39.3,X40.-,X60.-,Y10.-,Y45.2
1657,0,萘替芳(抗真菌药),Naftifine,T49.0,X44.-,X64.-,Y14.-,Y56.0
1657,0,萘替米星[乙基紫苏霉素],Netilmicin,T36.5,X44.-,X64.-,Y14.-,Y40.5
1657,0,南瓜籽浸膏,Pumpkin seed extract,T37.4,X44.-,X64.-,Y14.-,Y41.4
1657,0,喃氟啶- 现译名 替加氟,Tegafur,T45.1,X44.-,X64.-,Y14.-,Y43.1
1657,0,脑膜炎球菌疫苗,Meningococcal vaccine,T50.9,X44.-,X64.-,Y14.-,Y58.9
1657,0,脑益嗪-现译名桂利嗪,Cinnarizine,T45.0,X44.-,X64.-,Y14.-,Y43.0
1657,0,内吸磷[1059](农药),Demeton -O and -S,T60.0,X48.-,X68.-,Y18.-,
1657,0,内旋聚糖,Mesoglycan,T46.6,X44.-,X64.-,Y14.-,Y52.6
1657,0,尼阿比妥(镇静催眠药),Nealbarbital,T42.3,X41.-,X61.-,Y11.-,Y47.0
1657,0,尼阿拉米- 现译名尼亚拉胺,Nialamide,T43.1,X41.-,X61.-,Y11.-,Y49.1
1657,0,尼芬那宗(解热镇痛药),Nifenazone,T39.2,X40.-,X60.-,Y10.-,Y45.8
1657,0,尼氟酸(抗炎镇痛药),Niflumic acid,T39.3,X40.-,X60.-,Y10.-,Y45.3
1658,0,尼古丁(杀虫药)(喷雾)(硫酸盐),Nicotine (insecticide),T60.2,X48.-,X68.-,Y18.-,
1658,1,烟草产生的,from tobacco,T65.2,X49.-,X69.-,Y19.-,
1658,0,尼卡地平(血管扩张药),Nicardipine,T46.1,X44.-,X64.-,Y14.-,Y52.1
1658,0,尼可地尔(冠脉扩张药),Nicorandil,T46.3,X44.-,X64.-,Y14.-,Y52.3
1658,0,尼可呋糖(血管扩张药),Nicofuranose,T46.7,X44.-,X64.-,Y14.-,Y52.7
1658,0,尼可吗啡(镇痛药),Nicomorphine,T40.2,X42.-,X62.-,Y12.-,Y45.0
1658,0,尼可刹米[烟酰二乙胺],Nikethamide,T50.7,X44.-,X64.-,Y14.-,Y50.0
1658,0,尼可占替诺(周围血管扩张药),Xantinol nicotinate,T46.7,X44.-,X64.-,Y14.-,Y52.7
1658,0,尼克酰胺 - 现译名 烟酰胺,Niacinamide,T45.2,X44.-,X64.-,Y14.-,Y57.7
1658,0,尼立达唑(抗血吸虫药),Niridazole,T37.4,X44.-,X64.-,Y14.-,Y41.4
1658,0,尼鲁米特(抗雄激素药),Nilutamide,T38.6,X44.-,X64.-,Y14.-,Y42.6
1658,0,尼麦角林[尼什枸宁],Nicergoline,T46.7,X44.-,X64.-,Y14.-,Y52.7
1658,0,尼美舒利(消炎药),Nimesulide,T39.3,X40.-,X60.-,Y10.-,Y45.3
1658,0,尼美西泮(安定药),Nimetazepam,T42.4,X41.-,X61.-,Y11.-,Y47.1
1658,0,尼莫地平(血管扩张药),Nimodipine,T46.1,X44.-,X64.-,Y14.-,Y52.1
1658,0,尼莫司汀(抗肿瘤药),Nimustine,T45.1,X44.-,X64.-,Y14.-,Y43.3
1658,0,尼莫唑[硝唑吗唑](抗滴虫药),"Nimorazole, Nitrimidazine",T37.3,X44.-,X64.-,Y14.-,Y41.3
1658,0,尼普拉嗪(抗组胺药),Niaprazine,T42.6,X41.-,X61.-,Y11.-,Y47.8
1658,0,尼群地平(降压药，血管扩张药),Nitrendipine,T46.1,X44.-,X64.-,Y14.-,Y52.1
1658,0,尼什枸宁-现译名尼麦角林,Nicergoline,T46.7,X44.-,X64.-,Y14.-,Y52.7
1658,0,尼索地平(血管扩张药),Nisoldipine,T46.1,X44.-,X64.-,Y14.-,Y52.1
1658,0,尼亚拉胺[尼阿拉米](抗抑郁药),Nialamide,T43.1,X41.-,X61.-,Y11.-,Y49.1
1658,0,尼扎替丁(组胺H2受体阻滞药),Nizatidine,T47.0,X44.-,X64.-,Y14.-,Y53.0
1658,0,尼唑苯酮(抗惊厥药),Nizofenone,T43.8,X41.-,X61.-,Y11.-,Y49.8
1658,0,拟副交感神经药NEC,Parasympathomimetic drug,T44.1,X43.-,X63.-,Y13.-,Y51.1
1658,0,拟交感神经药NEC,Sympathomimetic NEC,T44.9,X43.-,X63.-,Y13.-,Y51.9
1658,1,抗感冒药,anti-common-cold,T48.5,X44.-,X64.-,Y14.-,Y55.5
1658,1,特指的 NEC,specified NEC,T44.9,X43.-,X63.-,Y13.-,Y51.9
1658,1,支气管扩张药,bronchodilator,T48.6,X44.-,X64.-,Y14.-,Y55.6
1658,0,粘杆菌素-现译名 可利迈仙,Colimycin,T36.8,X44.-,X64.-,Y14.-,Y40.8
1658,0,粘剂,Viscous agent,T50.9,X44.-,X64.-,Y14.-,Y57.4
1658,0,粘菌素,Colistin,T36.8,X44.-,X64.-,Y14.-,Y40.8
1658,1,硫酸盐(眼制剂),sulfate (eye preparation),T49.5,X44.-,X64.-,Y14.-,Y56.5
1658,0,粘液溶解药,Mucolytic drug,T48.4,X44.-,X64.-,Y14.-,Y55.4
1658,0,鸟氨加压素(血管收缩药),Ornipressin,T38.8,X44.-,X64.-,Y14.-,Y42.8
1658,0,尿促卵泡素(促性激素类),Urofollitropin,T38.8,X44.-,X64.-,Y14.-,Y42.8
1658,0,尿苷喃乳糖,Cogalactoisomerase,T50.9,X44.-,X64.-,Y14.-,Y57.1
1658,0,尿激酶(蛋白分解酶),Urokinase,T45.6,X44.-,X64.-,Y14.-,Y44.5
1658,0,尿嘧啶氮芥- 现译名,Uracil mustard,T45.1,X44.-,X64.-,Y14.-,Y43.3
1658,0,尿囊素(外科用药),Allantoin,T49.4,X44.-,X64.-,Y14.-,Y56.4
1658,0,尿素,Urea,T47.3,X44.-,X64.-,Y14.-,Y53.3
1658,1,过氧化(尿素),peroxide,T49.0,X44.-,X64.-,Y14.-,Y56.0
1658,1,睇胺,stibamine,T37.4,X44.-,X64.-,Y14.-,Y41.4
1659,0,尿酸新陈代谢药 NEC,Uric acid metabolism,T50.4,X44.-,X64.-,Y14.-,Y54.8
1659,0,尿酸氧化酶,Urate oxidase,T50.4,X44.-,X64.-,Y14.-,Y54.8
1659,0,脲[尿素],Carbamide,T47.3,X44.-,X64.-,Y14.-,Y53.3
1659,1,过氧化(脲),peroxide,T49.0,X44.-,X64.-,Y14.-,Y56.0
1659,0,镍(羰基)(四羟基)(烟雾)(蒸气),Nickel (carbonyl),T56.8,X49.-,X69.-,Y19.-,
1659,0,柠檬酸[枸橼酸](调味药),Citric acid,T47.5,X44.-,X64.-,Y14.-,Y53.5
1659,0,柠檬烯,Limonene,T52.8,X46.-,X66.-,Y16.-,
1659,0,凝血酶原,Prothrombin,,,,,
1659,1,合成抑制剂,synthesis inhibitor,T45.5,X44.-,X64.-,Y14.-,Y44.2
1659,1,活化剂,activator,T45.7,X44.-,X64.-,Y14.-,Y44.3
1659,0,凝血药NEC,Coagulant NEC,T45.7,X44.-,X64.-,Y14.-,Y44.3
1659,0,牛胆汁浸膏,Ox bile extract,T47.5,X44.-,X64.-,Y14.-,Y53.5
1659,0,牛痘免疫球蛋白,Vaccinia immune globulin,T50.9,X44.-,X64.-,Y14.-,Y59.3
1659,0,牛磺莫司汀(抗肿瘤药),Tauromustine,T45.1,X44.-,X64.-,Y14.-,Y43.3
1659,0,诺氟沙星[氟哌酸](抗菌药),Norfloxacin,T36.8,X44.-,X64.-,Y14.-,Y40.8
1659,0,"诺龙[去甲睾酮](呋喃丙酸盐)(雄激素,同化激素类)","Nortestosterone, Nandrolone (furanpropionate)",T38.7,X44.-,X64.-,Y14.-,
1659,0,诺美孕酮(孕激素类),Nomegestrol,T38.5,X44.-,X64.-,Y14.-,Y42.5
1659,0,诺米芬辛(抗抑郁药),Nomifensine,T43.2,X41.-,X61.-,Y11.-,Y49.2
1659,0,诺昔硫脲(消毒防腐剂),Noxytiolin,T49.0,X44.-,X64.-,Y14.-,Y56.0
1659,0,诺昔替林(抗抑郁药),Noxiptiline,T43.0,X41.-,X61.-,Y11.-,Y49.0
1659,0,诺乙雄龙(雄激素，同化激素类),Norethandrolone,T38.7,X44.-,X64.-,Y14.-,Y42.7
1659,0,诺孕烯酮(孕激素类),Norgestrienone,T38.4,X44.-,X64.-,Y14.-,Y42.4
1660,0,欧薄荷(油),Peppermint (oil),T47.5,X44.-,X64.-,Y14.-,Y53.5
1660,0,欧车前亲水胶,Psyllium hydrophilic,T47.4,X44.-,X64.-,Y14.-,Y53.4
1660,0,欧夹竹桃苷,Oleandrin,T46.0,X44.-,X64.-,Y14.-,Y52.0
1660,0,偶氮苯烟,Azobenzene smoke,T65.8,X48.-,X68.-,Y18.-,
1660,0,偶氮蓝-现译名伊文思蓝,Evans blue,T50.8,X44.-,X64.-,Y14.-,Y57.6
1660,0,偶合雌激素物质,Conjugated estrogenic,T38.5,X44.-,X64.-,Y14.-,Y42.5
1661,0,帕地马酯(防晒药),Padimate,T49.3,X44.-,X64.-,Y14.-,Y56.3
1661,0,帕吉林(降压药),Pargyline,T46.5,X44.-,X64.-,Y14.-,Y52.5
1661,0,帕拉米松(肾上腺皮质激素类),Paramethasone,T38.0,X44.-,X64.-,Y14.-,Y42.0
1661,1,乙酸盐,acetate,T49.0,X44.-,X64.-,Y14.-,Y56.0
1661,0,帕腊美萨酮 - 现译名 甲乙双酮,Paramethadione,T42.2,X41.-,X61.-,Y11.-,Y46.1
1661,0,帕司烟肼(抗结核药),Pasiniazid,T37.1,X44.-,X64.-,Y14.-,Y41.1
1661,0,拍约他[仙人球膏](麻醉剂),Peyote,T40.9,X42.-,X62.-,Y12.-,Y49.6
1661,0,排尿酸剂,Uricosuric agent,T50.4,X44.-,X64.-,Y14.-,Y54.8
1661,0,哌苯甲醇(精神兴奋药),Pipradrol,T43.6,X41.-,X61.-,Y11.-,Y49.7
1661,0,哌泊非嗪(抗抑郁药),Pipofezine,T43.0,X41.-,X61.-,Y11.-,Y49.0
1661,0,哌泊噻嗪(抗精神病药),Pipotiazine,T43.3,X41.-,X61.-,Y11.-,Y49.3
1661,0,哌泊昔秦(平喘药),Pipoxizine,T45.0,X44.-,X64.-,Y14.-,Y43.0
1661,0,哌泊溴烷(抗肿瘤药),Pipobroman,T45.1,X44.-,X64.-,Y14.-,Y43.3
1661,0,哌醋茶碱[茶碱乙酸哌嗪],Acefylline piperazine,T48.6,X44.-,X64.-,Y14.-,Y55.6
1661,0,"(利尿剂,血管扩张药)",Acepifylline,T48.6,X44.-,X64.-,Y14.-,Y55.6
1661,0,哌海茶碱(抗组胺药),Piprinhydrinate,T45.0,X44.-,X64.-,Y14.-,Y43.0
1661,0,哌甲酯[苯哌啶醋酸甲酯],Methylphenidate,T43.6,X41.-,X61.-,Y11.-,Y49.7
1661,0,哌腈米特(镇痛药),Piritramide,T40.4,X42.-,X62.-,Y12.-,Y45.0
1661,0,哌卡嗪(抗精神病药),Pecazine,T43.3,X41.-,X61.-,Y11.-,Y49.3
1661,0,哌克昔林(冠脉扩张药),Perhexilene,T46.3,X44.-,X64.-,Y14.-,Y52.3
1661,0,哌拉平(镇静催眠药),Perlapine,T42.4,X41.-,X61.-,Y11.-,Y47.1
1661,0,哌拉齐通(抗抑郁药),Prazitone,T43.2,X41.-,X61.-,Y11.-,Y49.2
1661,0,哌拉西林(抗生素),Piperacillin,T36.0,X44.-,X64.-,Y14.-,Y40.0
1661,0,哌立度酯(抗胆碱药),Piperidolate,T44.3,X43.-,X63.-,Y13.-,Y51.3
1661,0,哌立索唑(镇痛药),Perisoxal,T39.8,X40.-,X60.-,Y10.-,Y45.8
1661,0,哌仑西平(抗酸药),Pirenzepine,T47.1,X44.-,X64.-,Y14.-,Y53.1
1661,0,哌罗卡因(局部麻醉药),Piperocaine,T41.3,X44.-,X64.-,Y14.-,Y48.3
1661,0,哌罗来斯钾-现译名,Pemirolast (potassium),T48.6,X44.-,X64.-,Y14.-,Y55.6
1661,0,哌美克隆(中枢兴奋药),Pimeclone,T50.7,X44.-,X64.-,Y14.-,Y50.0
1661,0,哌嗪(抗蠕虫药),Piperazine,T37.4,X44.-,X64.-,Y14.-,Y41.4
1661,0,哌氰嗪(抗精神病药),Periciazine,T43.3,X41.-,X61.-,Y11.-,Y49.3
1661,0,哌沙酯(抗焦虑药，抗胆碱药),Pipethanate,T44.3,X43.-,X63.-,Y13.-,Y51.3
1661,0,哌替啶[度冷丁](镇痛药),"Pethidine, Isonipecaine",T40.4,X42.-,X62.-,Y12.-,Y45.0
1661,0,哌西他嗪(抗精神病药),Piperacetazine,T43.3,X41.-,X61.-,Y11.-,Y49.3
1661,0,哌异丙肼(抗抑郁药),Safrazine,T43.1,X41.-,X61.-,Y11.-,Y49.1
1661,0,哌唑嗪(降压药),Prazosin,T44.6,X43.-,X63.-,Y13.-,Y51.6
1661,0,潘必啶[五甲哌啶](抗高血压药),Pempidine,T44.2,X43.-,X63.-,Y13.-,Y51.2
1661,0,潘生丁-现译名双嘧达莫,Dipyridamole,T46.3,X44.-,X64.-,Y14.-,Y52.3
1661,0,潘妥卡因-现译名丁卡因,Tetracaine,T41.3,X44.-,X64.-,Y14.-,Y48.3
1661,0,泮加酸|泛配子酸(利尿剂，,Pangamic acid,T45.2,X44.-,X64.-,Y14.-,Y57.7
1661,0,泮库溴铵,Pancuronium (bromide),T48.1,X44.-,X64.-,Y14.-,Y55.1
1662,0,抛光剂(汽车)(地板)(家具)(金属)(瓷器)(银器),Polish (car)(floor)(furniture)(metal) (porcelain)(silver),T65.8,X49.-,X69.-,Y19.-,
1662,0,培哚普利(降压药),Perindopril,T46.4,X44.-,X64.-,Y14.-,Y52.4
1662,0,培氟沙星[甲氟哌酸](抗菌药),Pefloxacin,T37.8,X44.-,X64.-,Y14.-,Y41.8
1662,0,培高利特(多巴胺兴奋药),Pergolide,T42.8,X41.-,X61.-,Y11.-,Y46.7
1662,0,培加酶,"Pegademase, bovine",T50.9,X44.-,X64.-,Y14.-,Y57.8
1662,0,培拉嗪(抗精神病药),Perazine,T43.3,X41.-,X61.-,Y11.-,Y49.3
1662,0,培洛霉素(抗生素),Peplomycin,T45.1,X44.-,X64.-,Y14.-,Y43.3
1662,0,培那西林(抗生素),Penamecillin,T36.0,X44.-,X64.-,Y14.-,Y40.0
1662,0,喷布洛尔[布洛尔](β受体阻滞药),Penbutolol,T44.7,X43.-,X63.-,Y13.-,Y51.7
1662,0,喷吉妥辛(强心药),Pengitoxin,T46.0,X44.-,X64.-,Y14.-,Y52.0
1662,0,喷噻溴铵,Penthienate bromide,T44.3,X43.-,X63.-,Y13.-,Y51.3
1662,0,喷沙西林[青霉素G氨乙酯],Penethamate,T36.0,X44.-,X64.-,Y14.-,Y40.0
1662,0,喷司他丁(酶抑制药),Pentostatin,T45.1,X44.-,X64.-,Y14.-,Y43.4
1662,0,喷他脒[戊双脒](抗感染药),Pentamidine,T37.3,X44.-,X64.-,Y14.-,Y41.3
1662,0,喷他佐辛(镇痛药),Pentazocine,T40.4,X42.-,X62.-,Y12.-,Y45.0
1662,0,喷替茶碱[己可可碱],Pentifylline,T46.7,X44.-,X64.-,Y14.-,Y52.7
1662,0,喷托维林[咳必清](镇咳药),Carbetapentane,T48.3,X44.-,X64.-,Y14.-,Y55.3
1662,0,喷雾(气雾剂),Spray (aerosol),T65.9,X49.-,X69.-,Y19.-,
1662,1,特指内含物 - 见特指的物质,specified content\n- see specific substance,,,,,
1662,0,硼,Boron,T57.8,X49.-,X69.-,Y19.-,
1662,1,氢化(硼)NEC,hydride NEC,T57.8,X49.-,X69.-,Y19.-,
1662,2,烟雾或气体,fumes or gas,T57.8,X47.-,X67.-,Y17.-,
1662,1,三氟化(硼),trifluoride,T59.8,X47.-,X67.-,Y17.-,
1662,0,硼砂(清洁剂),Borax (cleanser),T55,X49.-,X69.-,Y19.-,
1662,0,硼酸,Boric acid,T49.0,X44.-,X64.-,Y14.-,Y56.0
1662,0,硼酸盐,Borate(s),T57.8,X49.-,X69.-,Y19.-,
1662,1,缓冲剂,buffer,T50.9,X44.-,X64.-,Y14.-,Y57.4
1662,1,(硼酸)钠,sodium,T57.8,X49.-,X69.-,Y19.-,
1662,1,清洁剂,cleanser,T55,X49.-,X69.-,Y19.-,
1662,0,硼烷络合物,Borane complex,T57.8,X49.-,X69.-,Y19.-,
1662,0,膨胀充填剂,Bulk filler,T50.5,X44.-,X64.-,Y14.-,Y57.0
1662,0,砒霜[砷剂]NEC,Arsenic NEC,T57.0,X48.-,X68.-,Y18.-,
1662,0,皮质类固醇,Corticosteroid,,,,,
1662,1,无机物,mineral,T50.0,X44.-,X64.-,Y14.-,Y54.0
1662,1,眼药,ophthalmic,T49.5,X44.-,X64.-,Y14.-,Y56.5
1662,0,铍(化合物),Beryllium (compounds),T56.7,X49.-,X69.-,Y19.-,
1662,0,匹氨西林(抗生素),Pivampicillin,T36.0,X44.-,X64.-,Y14.-,Y40.0
1662,0,匹考哌林(镇咳药),Picoperine,T48.3,X44.-,X64.-,Y14.-,Y55.3
1662,0,匹拉米酮-现译名氨基比林,"Amidopyrine, Aminofenazone",T39.2,X40.-,X60.-,Y10.-,Y45.8
1662,0,匹鲁卡品-现译名毛果芸香碱,Pilocarpine,T44.1,X43.-,X63.-,Y13.-,Y51.1
1662,0,匹美噻吨,Pimethixene,T45.0,X44.-,X64.-,Y14.-,Y43.0
1662,0,匹美西林(抗生素),Pivmecillinam,T36.0,X44.-,X64.-,Y14.-,Y40.0
1662,0,匹莫林(精神兴奋药),Pemoline,T50.7,X44.-,X64.-,Y14.-,Y50.0
1663,0,匹莫齐特(抗精神病药),Pimozide,T43.5,X41.-,X61.-,Y11.-,Y49.5
1663,0,匹那西泮(抗抑郁药),Pinazepam,T42.4,X41.-,X61.-,Y11.-,Y47.1
1663,0,匹哌氮酯(镇咳药),Pipazetate,T48.3,X44.-,X64.-,Y14.-,Y55.3
1663,0,匹哌马嗪(镇吐药),Pipamazine,T45.0,X44.-,X64.-,Y14.-,Y43.0
1663,0,匹泮哌隆(抗精神病药),Pipamperone,T43.4,X41.-,X61.-,Y11.-,Y49.4
1663,0,匹维溴铵(解痉药),Pinaverium bromide,T44.3,X43.-,X63.-,Y13.-,Y51.3
1663,0,偏二氯乙烯,Vinylidene chloride,T65.8,X49.-,X69.-,Y19.-,
1663,0,漂白剂,Bleach,T54.9,X49.-,X69.-,Y19.-,
1663,0,漂白剂(药用),Bleaching agent (medicinal),T49.4,X44.-,X64.-,Y14.-,Y56.4
1663,0,嘌呤类似物(抗肿瘤的),Purine analogue,T45.1,X44.-,X64.-,Y14.-,Y43.1
1663,0,苹婆(属),Sterculia,T47.4,X44.-,X64.-,Y14.-,Y53.4
1663,0,泼尼卡酯(肾上腺皮质激素类),Prednicarbate,T49.0,X44.-,X64.-,Y14.-,Y56.0
1663,0,泼尼立定,Prednylidene,T38.0,X44.-,X64.-,Y14.-,Y42.0
1663,0,泼尼松[强的松],Prednisone,T38.0,X44.-,X64.-,Y14.-,Y42.0
1663,0,泼尼松龙[氢化泼尼松](口服),Prednisolone (oral),T38.0,X44.-,X64.-,Y14.-,Y42.0
1663,1,耳鼻喉科药物,ENT agent,T49.6,X44.-,X64.-,Y14.-,Y56.6
1663,1,局部NEC,topical NEC,T49.0,X44.-,X64.-,Y14.-,Y56.0
1663,1,司替酸酯(肾上腺皮质激素类),steaglate,T49.0,X44.-,X64.-,Y14.-,Y56.0
1663,1,眼科制剂,ophthalmic preparation,T49.5,X44.-,X64.-,Y14.-,Y56.5
1663,0,泼尼莫司汀(抗肿瘤药),Prednimustine,T45.1,X44.-,X64.-,Y14.-,Y43.3
1663,0,破伤风类毒素或疫苗,Tetanus toxoid or vaccine,T50.9,X44.-,X64.-,Y14.-,Y58.4
1663,0,扑尔敏- 现译名 氯苯那敏,Chlorpheniramine,T45.0,X44.-,X64.-,Y14.-,Y43.0
1663,0,扑米酮[普里米酮](镇癫疯药),Primidone,T42.6,X41.-,X61.-,Y11.-,Y46.6
1663,0,扑灭司林(抗寄生虫药),Permethrin,T60.1,X48.-,X68.-,Y18.-,
1663,0,扑蛲灵,Viprynium,T37.4,X44.-,X64.-,Y14.-,Y41.4
1663,0,扑热息痛-现译名对乙酰氨基酚,Acetaminophen,T39.1,X40.-,X60.-,Y10.-,Y45.5
1663,0,扑炎痛-现译名贝诺酯,Benorilate,T39.0,X40.-,X60.-,Y10.-,Y45.1
1663,0,葡甲胺(药用中间体),Meglumine,,,,,
1663,1,胆影葡胺,iodipamide,T50.8,X44.-,X64.-,Y14.-,Y57.5
1663,1,泛影葡胺,diatrizoate,T50.8,X44.-,X64.-,Y14.-,Y57.5
1663,1,锑酸盐,antimoniate,T37.8,X44.-,X64.-,Y14.-,Y41.8
1663,1,碘曲葡胺,iotroxate,T50.8,X44.-,X64.-,Y14.-,Y57.5
1663,0,葡聚糖（40）（70）（150）-现译名；右旋糖酐,Dextran (40)(70)(150),T45.8,X44.-,X64.-,Y14.-,Y44.7
1663,0,葡美辛(抗炎镇痛药),Glucametacin,T39.3,X40.-,X60.-,Y10.-,Y45.3
1663,0,葡醛内脂(保肝药),Glucurolactone,T47.8,X44.-,X64.-,Y14.-,Y53.8
1663,0,葡糖酸,Gluconic acid,T50.9,X44.-,X64.-,Y14.-,Y43.5
1663,0,葡萄糖(右旋糖),Glucose,T50.3,X44.-,X64.-,Y14.-,Y54.6
1663,1,伴有氯化钠,with sodium chloride,T50.3,X44.-,X64.-,Y14.-,Y54.6
1663,0,葡萄糖（右旋糖）,Dextrose,T50.3,X44.-,X64.-,Y14.-,Y54.6
1663,1,浓缩溶液，静脉内注射,"concentrated solution, intravenous",T46.8,X44.-,X64.-,Y14.-,Y52.8
1663,0,格隆铵,Glycopyrronium,T44.3,X43.-,X63.-,Y13.-,Y51.3
1663,1,溴化物[格隆溴铵](抗胆碱药),bromide,T44.3,X43.-,X63.-,Y13.-,Y51.3
1663,0,葡萄糖酸锑钠,Stibogluconate,T37.3,X44.-,X64.-,Y14.-,Y41.3
1663,0,葡烟腙(抗结核药),Glyconiazide,T37.1,X44.-,X64.-,Y14.-,Y41.1
1664,0,普伐他汀(降血脂药),Pravastatin,T46.6,X44.-,X64.-,Y14.-,Y52.6
1664,0,普环啶 -现译名 丙环定,Procyclidine,T44.3,X43.-,X63.-,Y13.-,Y51.3
1664,0,普卡霉素[光辉霉素],Plicamycin,T45.1,X44.-,X64.-,Y14.-,Y43.3
1664,0,普拉贝脲(降血脂药),Plafibride,T45.5,X44.-,X64.-,Y14.-,Y44.4
1664,0,普拉睾酮(雄激素，同化激素类),Prasterone,T38.7,X44.-,X64.-,Y14.-,Y42.7
1664,0,普拉洛尔(β受体阻滞药),Practolol,T44.7,X43.-,X63.-,Y13.-,Y51.7
1664,0,普拉洛芬(抗炎镇痛药,Pranoprofen,T39.3,X40.-,X60.-,Y10.-,Y45.2
1664,0,普拉莫星(局部麻醉剂),Pramoxine,T49.1,X44.-,X64.-,Y14.-,Y56.1
1664,0,普拉维林(解痉药),Pramiverine,T44.3,X43.-,X63.-,Y13.-,Y51.3
1664,0,普拉西泮(安定药),Prazepam,T42.4,X41.-,X61.-,Y11.-,Y47.1
1664,0,普里米酮 - 现译名 扑米酮,Primidone,T42.6,X41.-,X61.-,Y11.-,Y46.6
1664,0,普立地诺(解痉药),Pridinol,T44.3,X43.-,X63.-,Y13.-,Y51.3
1664,0,普鲁本辛-现译名溴丙胺太林,Propantheline bromide,T44.3,X43.-,X63.-,Y13.-,Y51.3
1664,0,普鲁黄-现译名原黄素,Proflavine,T49.0,X44.-,X64.-,Y14.-,Y56.0
1664,0,普鲁卡因(局部麻醉药),Procaine,T41.3,X44.-,X64.-,Y14.-,Y48.3
1664,1,青霉素[苄基青霉素],benzylpenicillin,T36.0,X44.-,X64.-,Y14.-,Y40.0
1664,1,区域(阻滞),regional,T41.3,X44.-,X64.-,Y14.-,Y48.3
1664,1,腰椎,spinal,T41.3,X44.-,X64.-,Y14.-,Y48.3
1664,0,普鲁卡因(酰)胺,Procainamide,T46.2,X44.-,X64.-,Y14.-,Y52.2
1664,0,普鲁士蓝,Prussian blue,,,,,
1664,1,商用,commercial,T65.8,X49.-,X69.-,Y19.-,
1664,1,治疗用,therapeutic,T50.6,X44.-,X64.-,Y14.-,Y57.2
1664,0,普罗布考(降血脂药),Probucol,T46.6,X44.-,X64.-,Y14.-,Y52.6
1664,0,普罗法朵(镇痛药，镇咳药),Profadol,T40.4,X42.-,X62.-,Y12.-,Y45.0
1664,0,普罗吩胺[爱普杷嗪],Ethopropazine,T44.3,X43.-,X63.-,Y13.-,Y51.3
1664,0,普罗喹宗(消炎药),Proquazone,T39.3,X40.-,X60.-,Y10.-,Y45.3
1664,0,普罗林坦(精神兴奋药),Prolintane,T43.6,X41.-,X61.-,Y11.-,Y49.7
1664,0,普罗帕脒(抗原虫药),Propamidine,T49.0,X44.-,X64.-,Y14.-,Y56.0
1664,0,普罗帕酮(抗心律失常药),Propafenone,T46.2,X44.-,X64.-,Y14.-,Y52.2
1664,0,普罗瑞林(促甲状腺素释放药),Protirelin,T38.8,X44.-,X64.-,Y14.-,Y42.8
1664,0,普罗替林(抗抑郁药),Protriptyline,T43.0,X41.-,X61.-,Y11.-,Y49.0
1664,0,普罗托醇(支气管扩张药),Protokylol,T48.6,X44.-,X64.-,Y14.-,Y55.6
1664,0,普洛加胺[氟柳双胺](镇癫疯药),Progabide,T42.6,X41.-,X61.-,Y11.-,Y46.6
1664,0,普马嗪-现译名 丙嗪,Promazine,T43.3,X41.-,X61.-,Y11.-,Y49.3
1664,0,普美孕酮(孕激素类),Promegestone,T38.5,X44.-,X64.-,Y14.-,Y42.5
1664,0,普莫卡因(局部麻醉药),Pramocaine,T49.1,X44.-,X64.-,Y14.-,Y56.1
1664,0,普那霉素,Pristinamycin,T36.3,X44.-,X64.-,Y14.-,Y40.3
1664,0,普萘洛尔(β受体阻滞药),Propranolol,T44.7,X43.-,X63.-,Y13.-,Y51.7
1664,0,普尼拉明-现译名 心可定,Prenylamine,T46.3,X44.-,X64.-,Y14.-,Y52.3
1664,0,普诺地嗪(镇咳药),Prenoxdiazine,T48.3,X44.-,X64.-,Y14.-,Y55.3
1664,0,普瑞特罗(支气管扩张药),Prenalterol,T44.5,X43.-,X63.-,Y13.-,Y51.5
1665,0,七氯(杀虫药),Heptachlor,T60.1,X48.-,X68.-,Y18.-,
1665,0,七叶苷,Esculin,T45.2,X44.-,X64.-,Y14.-,Y57.7
1665,0,七叶苷糖[马粟树皮苷],Esculoside,T45.2,X44.-,X64.-,Y14.-,Y57.7
1665,0,七叶素[七叶皂苷],Escin,T46.9,X44.-,X64.-,Y14.-,Y52.9
1665,0,七叶皂苷 - 现译名 七叶素,Escin,T46.9,X44.-,X64.-,Y14.-,Y52.9
1665,0,漆,Lacquer,T65.6,X49.-,X69.-,Y19.-,
1665,0,齐多夫定[叠氮胸腺嘧啶],Azidothymidine / AZT,T37.5,X44.-,X64.-,Y14.-,Y41.5
1665,0,(抗病毒药),Zidovudine,T37.5,X44.-,X64.-,Y14.-,Y41.5
1665,0,齐美定(抗抑郁药),Zimeldine,T43.2,X41.-,X61.-,Y11.-,Y49.2
1665,0,齐培丙醇(镇咳药),Zipeprol,T48.3,X44.-,X64.-,Y14.-,Y55.3
1665,0,奇霉素-现译名壮观霉素,Spectinomycin,T36.5,X44.-,X64.-,Y14.-,Y40.5
1665,0,气态物质 - 见气体,Gaseous substance - see Gas,,,,,
1665,0,气体,Gas,T59.9,X47.-,X67.-,Y17.-,
1665,1,氧化碳,carbon monoxide,T58,X47.-,X67.-,Y17.-,
1665,1,丙烷 - 见 丙烷,propane - see Propane,,,,,
1665,1,不完全燃烧，任何,"incomplete combustion, any",T58,X47.-,X67.-,Y17.-,
1665,1,车库,garage,T58,X47.-,X67.-,Y17.-,
1665,1,催泪的,lacrimogenic,T59.3,X47.-,X67.-,Y17.-,
1665,1,丁烷 - 见 丁烷,butane - see Butane,,,,,
1665,1,发生炉,producer,T58,X47.-,X67.-,Y17.-,
1665,1,废的,exhaust,T58,X47.-,X67.-,Y17.-,
1665,1,"公用设施产生的(为烹饪, 取暖,或照明)","from utility (for cooking, heating, or lighting)",T58,X47.-,X67.-,Y17.-,
1665,1,鼓风炉,blast furnace,T58,X47.-,X67.-,Y17.-,
1665,1,火炉,stove,T58,X47.-,X67.-,Y17.-,
1665,1,机动车辆排出的，非运输中,"motor exhaust, not",T58,X47.-,X67.-,Y17.-,
1665,1,家用的,domestic,T58,X47.-,X67.-,Y17.-,
1665,1,芥子，非战争中,"mustard, not in war",T59.8,X47.-,X67.-,Y17.-,
1665,1,"空气污染物, 未特指来源；或类型的","Air contaminants, source or type not specified",T59.9,X47.-,X67.-,Y17.-,
1665,1,冷冻的(含氯氟烃),refrigerant,T53.5,X47.-,X67.-,Y17.-,
1665,2,不含氯氟烃,not chlorofluorocarbon,T59.8,X47.-,X67.-,Y17.-,
1665,1,氯,chlorine,T59.4,X47.-,X67.-,Y17.-,
1665,1,麻醉的,anesthetic,T41.0,X44.-,X64.-,Y14.-,Y48.0
1665,1,煤,coal,T58,X47.-,X67.-,Y17.-,
1665,1,氢氰酸,hydrocyanic acid,T59.8,X47.-,X67.-,Y17.-,
1665,1,氰,dicyanogen,T65.0,X47.-,X67.-,Y17.-,
1665,1,氰化物,cyanide,T57.3,X47.-,X67.-,Y17.-,
1665,1,燃料(家庭用),fuel (domestic use),T58,X47.-,X67.-,Y17.-,
1665,1,神经，非战争中,"nerve, not in war",T59.9,X47.-,X67.-,Y17.-,
1665,1,水煤气,water,T58,X47.-,X67.-,Y17.-,
1665,1,特指的来源NEC,specified source NEC,T59.9,X47.-,X67.-,Y17.-,
1666,1,天然的,natural,T59.8,X47.-,X67.-,Y17.-,
1666,1,烃(碳氢化合物)NEC,hydrocarbon NEC,T59.8,X47.-,X67.-,Y17.-,
1666,2,液化 - 见丁烷,liquefied - see Butane,,,,,
1666,1,下水道,sewer,T59.9,X47.-,X67.-,Y17.-,
1666,1,窑(炉),kiln,T58,X47.-,X67.-,Y17.-,
1666,1,液化石油 - 见丁烷,liquefied petroleum - see Butane,,,,,
1666,1,乙炔,acetylene,T59.8,X47.-,X67.-,Y17.-,
1666,1,用木柴或煤燃烧的火炉或,from wood or coal-burning,T58,X47.-,X67.-,Y17.-,
1666,1,油,oil,T52.0,X46.-,X66.-,Y16.-,
1666,1,沼泽的,marsh,T59.8,X47.-,X67.-,Y17.-,
1666,1,照明,illuminating,T58,X47.-,X67.-,Y17.-,
1666,1,治疗性,therapeutic,T41.5,X44.-,X64.-,Y14.-,Y48.5
1666,0,气雾喷雾剂(用于空气消毒,Aerosol spray NEC,T65.9,X49.-,X69.-,Y19.-,
1666,0,汽车废气,Motor exhaust gas,T58,X47.-,X67.-,Y17.-,
1666,0,汽油,"Gasolene, gasoline,Petrol",T52.0,X46.-,X66.-,Y16.-,
1666,1,蒸气,vapor,T52.0,X46.-,X66.-,Y16.-,
1666,0,铅(粉尘)(烟雾)(蒸气)NEC,Lead (dust)(fumes)(vapor),T56.0,X49.-,X69.-,Y19.-,
1666,1,醋酸(铅),acetate,T49.2,X44.-,X64.-,Y14.-,Y56.2
1666,1,砷酸(铅)，亚砷酸(铅)(粉尘),"arsenate, arsenite (dust)",T57.0,X48.-,X68.-,Y18.-,
1666,1,烷基(燃料添加物),alkyl (fuel additive),T56.0,X46.-,X66.-,Y16.-,
1666,1,无机,inorganic,T56.0,X49.-,X69.-,Y19.-,
1666,1,有机,organic,T56.0,X49.-,X69.-,Y19.-,
1666,0,铅的 - 见 铅,Saturnine - see Lead,,,,,
1666,0,铅硬膏,Diachylon plaster,T49.4,X44.-,X64.-,Y14.-,Y56.4
1666,0,前列地尔[前列腺素E1],Alprostadil,T46.7,X44.-,X64.-,Y14.-,Y52.7
1666,0,前列环素,Prostacyclin,T45.5,X44.-,X64.-,Y14.-,Y44.4
1666,0,前列腺素(I2),Prostaglandin (I2),T45.5,X44.-,X64.-,Y14.-,Y44.4
1666,0,茜素-现译名二羟基蒽醌,Dihydroxyanthraquinone,T47.2,X44.-,X64.-,Y14.-,Y53.2
1666,0,强的松-现译名泼尼松,Prednisone,T38.0,X44.-,X64.-,Y14.-,Y42.0
1666,0,强筋松 - 现译名 苯丙氨酯,Phenprobamate,T42.8,X41.-,X61.-,Y11.-,Y46.8
1666,0,强力霉素-现译名多西环素,Doxycycline,T36.4,X44.-,X64.-,Y14.-,Y40.4
1666,0,强心苷,"Glycoside, cardiac-stimulant",T46.0,X44.-,X64.-,Y14.-,Y52.0
1666,0,强心药NEC,Cardiotonic (glycoside) NEC,T46.0,X44.-,X64.-,Y14.-,Y52.0
1666,0,羟-5α-孕烷二硐 - 现译名,"Alphaxalone, Alfaxalone",T41.1,X44.-,X64.-,Y14.-,Y48.1
1666,0,羟氨苄青霉素-现译名,Amoxicillin,T36.0,X44.-,X64.-,Y14.-,Y40.0
1667,0,羟苯丙胺,Hydroxyamphetamine,T49.5,X44.-,X64.-,Y14.-,Y56.5
1667,0,羟苯磺丙胺 -现译名 丙磺舒,Probenecid,T50.4,X44.-,X64.-,Y14.-,Y54.8
1667,0,羟苄利明(抗胆碱药),Oxyphencyclimine,T44.3,X43.-,X63.-,Y13.-,Y51.3
1667,0,羟丙甲纤维素(药用辅料),Hypromellose,T49.5,X44.-,X64.-,Y14.-,Y56.5
1667,0,羟丙哌嗪(镇吐药),Dropropizine,T48.3,X44.-,X64.-,Y14.-,Y55.3
1667,0,羟丙替林(抗抑郁药),Oxaprotiline,T43.0,X41.-,X61.-,Y11.-,Y49.0
1667,0,羟布宗(抗炎镇痛药),Oxyphenbutazone,T39.2,X40.-,X60.-,Y10.-,Y45.3
1667,0,羟雌酮,Hydroxyestrone,T38.5,X44.-,X64.-,Y14.-,Y42.5
1667,0,羟钴胺[维生素B12a],Hydroxocobalamin,T45.8,X44.-,X64.-,Y14.-,Y44.1
1667,0,羟基脲(抗肿瘤药),Hydroxycarbamide,T45.1,X44.-,X64.-,Y14.-,Y43.3
1667,0,羟甲睾酮(雄激素),Oxymesterone,T38.7,X44.-,X64.-,Y14.-,Y42.7
1667,0,羟甲基戊酮,Hydroxymethylpentanone,T52.4,X46.-,X66.-,Y16.-,
1667,0,羟甲烯龙(雄激素，同化激素类),Oxymetholone,T38.7,X44.-,X64.-,Y14.-,Y42.7
1667,0,羟甲雄酮- 现译名 屈他雄酮,Drostanolone,T38.7,X44.-,X64.-,Y14.-,Y42.7
1667,0,羟甲唑啉(血管收缩药),Oxymetazoline,T48.5,X44.-,X64.-,Y14.-,Y55.5
1667,0,羟考酮[二氢羟基可待酮],Dihydrohydroxycodeinone,T40.2,X42.-,X62.-,Y12.-,Y45.0
1667,0,羟喹啉(衍生物)NEC,Hydroxyquinoline,T37.8,X44.-,X64.-,Y14.-,Y41.8
1667,0,羟丙酮(抗寄生虫药),"Hydroxyquinoline (derivatives) NEC,",T37.8,X44.-,X64.-,Y14.-,Y41.8
1667,0,羟氯喹(抗疟药),Hydroxychloroquine,T37.8,X44.-,X64.-,Y14.-,Y41.8
1667,0,羟吗啡酮[氧吗啡酮](镇痛药),Oxymorphone,T40.2,X42.-,X62.-,Y12.-,Y45.0
1667,0,羟萘苄芬宁[灭虫宁](抗蠕虫药),Bephenium hydro-,T37.4,X44.-,X64.-,Y14.-,Y41.4
1667,0,羟哌氯丙嗪-现译名奋乃静,Perphenazine,T43.3,X41.-,X61.-,Y11.-,Y49.3
1667,0,羟芪巴脒(抗感染药),Hydroxystilbamidine,T37.3,X44.-,X64.-,Y14.-,Y41.3
1667,0,羟嗪(安定药),Hydroxyzine,T43.5,X41.-,X61.-,Y11.-,Y49.5
1667,0,羟色氨酸(抗抑郁药，镇癫痈药),Oxitriptan,T43.2,X41.-,X61.-,Y11.-,Y49.2
1667,0,羟脱水孕酮-现译名炔孕酮,Ethisterone,T38.5,X44.-,X64.-,Y14.-,Y42.5
1667,0,羟乙磷酸-现译名依替膦酸,"Etidronic acid, Etidronate",T50.9,X44.-,X64.-,Y14.-,Y54.7
1667,0,羟乙桂胺(肌肉松弛药),Idrocilamide,T42.8,X41.-,X61.-,Y11.-,Y46.8
1667,0,羟乙磺酸双溴丙脒,Dibrompropamidine,T49.0,X44.-,X64.-,Y14.-,Y56.0
1667,0,羟乙基淀粉(血容量补充药),Hetastarch,T45.8,X44.-,X64.-,Y14.-,Y44.7
1667,0,羟乙氧拉嗪-现译名地西拉嗪,Dixyrazine,T43.3,X41.-,X61.-,Y11.-,Y49.3
1667,0,羟孕酮(孕激素类),Hydroxyprogesterone,T38.5,X44.-,X64.-,Y14.-,Y42.5
1667,1,己酸盐,caproate,T38.5,X44.-,X64.-,Y14.-,Y42.5
1667,0,乔莫砜(抗麻风药),Chaulmosulfone,T37.1,X44.-,X64.-,Y14.-,Y41.1
1667,0,桥氧酞钠,Endothall,T60.3,X48.-,X68.-,Y18.-,
1667,0,茄碱[龙葵碱],Solanine,T62.2,X49.-,X69.-,Y19.-,
1667,0,茄属植物，致死的(茄属),"Nightshade, deadly",T62.2,X49.-,X69.-,Y19.-,
1667,0,青霉胺(解毒药),Penicillamine,T50.6,X44.-,X64.-,Y14.-,Y57.2
1667,0,青霉噻唑多聚赖氨酸,Penicilloyl polylysine,T50.8,X44.-,X64.-,Y14.-,Y57.6
1667,0,青霉素(任何的),Penicillin (any),T36.0,X44.-,X64.-,Y14.-,Y40.0
1667,0,青霉素G双酯[苄青霉素],Benzylpenicillin,T36.0,X44.-,X64.-,Y14.-,Y40.0
1668,0,青霉素 G 氨乙酯-现译名,Penethamate,T36.0,X44.-,X64.-,Y14.-,Y40.0
1668,0,青霉素 V[苯氧甲基青霉素],Phenoxymethylpenicillin,T36.0,X44.-,X64.-,Y14.-,Y40.0
1668,0,青霉素酶(抗过敏药),Penicillinase,T45.3,X44.-,X64.-,Y14.-,Y43.6
1668,0,青霉素烷砜酸-现译名 舒巴坦,Sulbactam,T36.0,X44.-,X64.-,Y14.-,Y40.0
1668,0,青哌环素(抗生素),Penimepicycline,T36.4,X44.-,X64.-,Y14.-,Y40.4
1668,0,轻粉[氯化亚汞],Calomel,T49.0,X44.-,X64.-,Y14.-,Y56.0
1668,0,轻泻药 NEC,Laxative NEC,T47.4,X44.-,X64.-,Y14.-,Y53.4
1668,1,刺激性,stimulant,T47.2,X44.-,X64.-,Y14.-,Y53.2
1668,1,渗透性,osmotic,T47.3,X44.-,X64.-,Y14.-,Y53.3
1668,1,盐水,saline,T47.3,X44.-,X64.-,Y14.-,Y53.3
1668,0,氢,Hydrogen,T59.8,X47.-,X67.-,Y17.-,
1668,1,氟化(氢),fluoride,T59.5,X47.-,X67.-,Y17.-,
1668,1,过氧化(氢),peroxide,T49.0,X44.-,X64.-,Y14.-,Y56.0
1668,1,硫化(氢),sulfide,T59.6,X47.-,X67.-,Y17.-,
1668,1,氯化(氢),chloride,T57.8,X49.-,X69.-,Y19.-,
1668,1,氰化(氢)(气体),cyanide(gas),T57.3,X48.-,X68.-,Y18.-,
1668,0,氢吡豆素-现译名维司那定,Visnadine,T46.3,X44.-,X64.-,Y14.-,Y52.3
1668,0,氢碘酸,Hydriodic acid,T48.4,X44.-,X64.-,Y14.-,Y55.4
1668,0,氢氟噻嗪(利尿剂),Hydroflumethiazide,T50.2,X44.-,X64.-,Y14.-,Y54.3
1668,0,氢氟酸(液体),Hydrofluoric acid (liquid),T54.2,X49.-,X69.-,Y19.-,
1668,1,蒸气,vapor,T59.8,X47.-,X67.-,Y17.-,
1668,0,氢化甲基吡啶,Hydromethylpyridine,T46.7,X44.-,X64.-,Y14.-,Y52.7
1668,1,钠硫酸盐,sodium sulfate,T45.7,X44.-,X64.-,Y14.-,Y44.3
1668,0,氢化可的松[可的索](衍生物),Hydrocortisone,T49.0,X44.-,X64.-,Y14.-,Y56.0
1668,0,(肾上腺皮质激素类),"(derivatives), Cortisol",T49.0,X44.-,X64.-,Y14.-,Y56.0
1668,1,醋丙酯,aceponate,T49.0,X44.-,X64.-,Y14.-,Y56.0
1668,0,氢化奎尼丁-现译名,Hydroquinidine,T46.2,X44.-,X64.-,Y14.-,Y52.2
1668,0,氢可酮(镇咳药),Hydrocodone,T40.2,X42.-,X62.-,Y12.-,Y45.0
1668,0,氢喹维林-现译名屈他维林,Drotaverine,T44.3,X43.-,X63.-,Y13.-,Y51.3
1668,0,氢醌[对苯二酚](脱色药),Hydroquinone,T52.2,X46.-,X66.-,Y16.-,
1668,1,蒸气,vapor,T59.8,X47.-,X67.-,Y17.-,
1668,0,氢醌苄醚-现译名莫诺苯宗,Monobenzone,T49.4,X44.-,X64.-,Y14.-,Y56.4
1668,0,氢硫酸(气体),Hydrosulfuric acid (gas),T59.8,X47.-,X67.-,Y17.-,
1668,0,氢氯噻嗪[双氢克尿噻](利尿剂),Hydrochlorothiazide,T50.2,X44.-,X64.-,Y14.-,Y54.3
1668,0,氢吗啡酮(镇痛药),Hydromorphone,T40.2,X42.-,X62.-,Y12.-,Y45.0
1668,0,氢氰酸,"HCN, Prussic acid",T57.3,X48.-,X68.-,Y18.-,
1668,1,蒸气,vapor,T57.3,X48.-,X68.-,Y18.-,
1668,0,氢溴酸盐,Bromide salts,T42.6,X41.-,X61.-,Y11.-,Y47.4
1668,0,氢氧化镁铝- 现译名 镁加铝,Magaldrate,T47.1,X44.-,X64.-,Y14.-,Y53.1
1668,0,氢氧化物，苛性的,"Hydroxide, caustic",T54.3,X49.-,X69.-,Y19.-,
1668,0,清洁剂 NEC,"Cleaner, cleansing agent NEC",T52.9,X49.-,X69.-,Y19.-,
1668,1,油漆或清漆,of paint or varnish,T52.9,X46.-,X66.-,Y16.-,
1668,0,鲭毒素,Scombrotoxin,T61.1,X49.-,X69.-,Y19.-,
1668,0,氰(氯化物)(气体)NEC,Cyanogen (chloride)(gas),T59.8,X47.-,X67.-,Y17.-,
1668,0,氰(气体),Dicyanogen (gas),T65.0,X47.-,X67.-,Y17.-,
1669,0,氰胺钙,"Calcium, carbimide",T50.6,X44.-,X64.-,Y14.-,Y57.3
1669,0,氰苯哌酯 - 现译名 地芬诺酯,Diphenoxylate,T47.6,X44.-,X64.-,Y14.-,Y53.6
1669,0,氰钴胺 - 现译名 维生素 B12,Cyanocobalamin,T45.8,X44.-,X64.-,Y14.-,Y44.1
1669,0,氰氢酸(杀虫药),Hydrocyanic acid,T57.3,X49.-,X69.-,Y19.-,
1669,1,气体,gas,T65.0,X47.-,X67.-,Y17.-,
1669,1,液体,liquid,T57.3,X49.-,X69.-,Y19.-,
1669,0,氰化物(化合物)(钾)(钠)NEC,Cyanide(s)(compounds),T65.0,X49.-,X69.-,Y19.-,
1669,1,氢,hydrogen,T57.3,X48.-,X68.-,Y18.-,
1669,0,氰基丙烯酸酯粘剂,Cyanoacrylate adhesive,T49.3,X44.-,X64.-,Y14.-,Y56.3
1669,0,氰美马嗪(抗精神病药),Cyamemazine,T43.3,X41.-,X61.-,Y11.-,Y49.3
1669,0,氰帕明(抗抑郁药),Cianopramine,T43.0,X41.-,X61.-,Y11.-,Y49.0
1669,0,氰酸(气体),Cyanic acid (gas),T59.8,X47.-,X67.-,Y17.-,
1669,0,氰溴甲苯,Brombenzylcyanide,T59.3,X47.-,X67.-,Y17.-,
1669,0,氰乙酰肼,Cyanacetyl hydrazide,T37.1,X44.-,X64.-,Y14.-,Y41.1
1669,0,庆大霉素[艮他霉素][正大霉素],Gentamicin,T36.5,X44.-,X64.-,Y14.-,Y40.5
1669,0,琼脂(用药辅料，培养基基质),Agar,T47.4,X44.-,X64.-,Y14.-,Y53.4
1669,0,秋水仙胺[地美可辛](抗肿瘤药),Demecolcine,T45.1,X44.-,X64.-,Y14.-,Y43.3
1669,0,秋水仙素,Colchicine,T50.4,X44.-,X64.-,Y14.-,Y54.8
1669,0,球蛋白,Globulin,,,,,
1669,1,抗Rh因子,antirhesus,T50.9,X44.-,X64.-,Y14.-,Y59.3
1669,1,抗病毒,antiviral,T50.9,X44.-,X64.-,Y14.-,Y59.3
1669,1,抗淋巴细胞,antilymphocytic,T50.9,X44.-,X64.-,Y14.-,Y59.3
1669,1,抗蛇毒素,antivenin,T50.9,X44.-,X64.-,Y14.-,Y59.3
1669,0,球孢菌素,Coccidioidin,T50.8,X44.-,X64.-,Y14.-,Y57.6
1669,0,巯汞林(利尿剂),Mercaptomerin,T50.2,X44.-,X64.-,Y14.-,Y54.5
1669,0,巯基苯并噻唑,Mercaptobenzothiazole salts,T49.0,X44.-,X64.-,Y14.-,Y56.0
1669,0,巯甲丙脯酸-现译名卡托普利,Captopril,T46.4,X44.-,X64.-,Y14.-,Y52.4
1669,0,巯嘌呤(抗肿瘤药),Mercaptopurine,T45.1,X44.-,X64.-,Y14.-,Y43.1
1669,0,巯乙胺[半胱胺](金属中毒解毒药),Cysteamine,T50.6,X44.-,X64.-,Y14.-,Y57.2
1669,0,巯乙酸,Thioglycolic acid,T65.8,X49.-,X69.-,Y19.-,
1669,0,巯乙酸盐,Thioglycolate,T49.4,X44.-,X64.-,Y14.-,Y56.4
1669,0,巯异嘌呤(抗痛风药),Tisopurine,T50.4,X44.-,X64.-,Y14.-,Y54.8
1669,0,曲安吡嗪(抗胆碱药),Triampyzine,T44.3,X43.-,X63.-,Y13.-,Y51.3
1669,0,曲安西龙[氟羟强的松龙],Triamcinolone,T49.0,X44.-,X64.-,Y14.-,Y56.0
1669,0,曲奥舒凡(抗肿瘤药),Treosulfan,T45.1,X44.-,X64.-,Y14.-,Y43.3
1669,0,曲比氯铵(消毒防腐剂),Triclobisonium chloride,T49.0,X44.-,X64.-,Y14.-,Y56.0
1669,0,曲吡那敏(抗组胺药),Tripelennamine,T45.0,X44.-,X64.-,Y14.-,Y43.0
1669,0,曲恩汀(抗威尔逊病药),Trientine,T45.8,X44.-,X64.-,Y14.-,Y57.2
1669,0,曲氟尿苷(抗病毒药),Trifluridine,T37.5,X44.-,X64.-,Y14.-,Y41.5
1669,0,曲古霉素(抗生素),Hachimycin,T36.7,X44.-,X64.-,Y14.-,Y40.7
1669,0,曲金刚胺(抗病毒药),Tromantadine,T37.5,X44.-,X64.-,Y14.-,Y41.5
1669,0,曲克芦丁[维生素P4],Troxerutin,T46.9,X44.-,X64.-,Y14.-,Y52.9
1669,0,曲磷胺(抗肿瘤药),Trofosfamide,T45.1,X44.-,X64.-,Y14.-,Y43.3
1669,0,曲硫嗪[三甲硫苯嗪][舒美吗啉],"Tritiozine, Trithiozine",T44.3,X43.-,X63.-,Y13.-,Y51.3
1670,0,曲洛司坦(肾上腺皮质激素类),Trilostane,T38.9,X44.-,X64.-,Y14.-,Y42.9
1670,0,曲马多(镇痛药),Tramadol,T40.4,X42.-,X62.-,Y12.-,Y45.0
1670,0,曲马唑啉(血管收缩药),Tramazoline,T48.5,X44.-,X64.-,Y14.-,Y55.5
1670,0,曲美苄胺(镇吐药),Trimethobenzamide,T45.0,X44.-,X64.-,Y14.-,Y43.0
1670,0,曲美布汀[三甲氧苯丁氨酯],Trimebutine,T44.3,X43.-,X63.-,Y13.-,Y51.3
1670,0,曲美芬[咪噻吩](降压药),Trimethaphan,T44.2,X43.-,X63.-,Y13.-,Y51.2
1670,0,曲美他嗪[三甲氧苄嗪],Trimetazidine,T46.7,X44.-,X64.-,Y14.-,Y52.7
1670,0,曲美替定,Trimethidinium,T44.2,X43.-,X63.-,Y13.-,Y51.2
1670,0,曲米帕明[三甲丙咪嗪](抗抑郁药),Trimipramine,T43.0,X41.-,X61.-,Y11.-,Y49.0
1670,0,曲尼司特(抗过敏药),Tranilast,T45.0,X44.-,X64.-,Y14.-,Y43.0
1670,0,"曲帕胺(利尿剂,降压药)",Tripamide,T50.2,X44.-,X64.-,Y14.-,Y54.5
1670,0,曲帕拉醇(降血脂药),Triparanol,T46.6,X44.-,X64.-,Y14.-,Y52.6
1670,0,曲帕替平(抗震颤麻痹药),Tropatepine,T44.3,X43.-,X63.-,Y13.-,Y51.3
1670,0,曲匹地尔(冠脉扩张药),Trapidil,T46.3,X44.-,X64.-,Y14.-,Y52.3
1670,0,曲普利啶(抗组胺药),Triprolidine,T45.0,X44.-,X64.-,Y14.-,Y43.0
1670,0,曲司氯铵(解痉药),Trospium chloride,T44.3,X43.-,X63.-,Y13.-,Y51.3
1670,0,曲他胺[三乙烯亚胺三嗪],Tretamine,T45.1,X44.-,X64.-,Y14.-,Y43.3
1670,0,曲托喹酚(平喘药),Tretoquinol,T48.6,X44.-,X64.-,Y14.-,Y55.6
1670,0,曲托喹啉[酞茂异喹](抗组胺药),Tritoqualine,T45.0,X44.-,X64.-,Y14.-,Y43.0
1670,0,曲张静脉复原药,Varicose reduction drug,T46.8,X44.-,X64.-,Y14.-,Y52.8
1670,0,曲唑酮(抗抑郁药),Trazodone,T43.2,X41.-,X61.-,Y11.-,Y49.2
1670,0,驱肠虫剂NEC,Anthelminthic NEC,T37.4,X44.-,X64.-,Y14.-,Y41.4
1670,0,驱风药,Carminative,T47.5,X44.-,X64.-,Y14.-,Y53.5
1670,0,驱蛔素[土荆芥油],Ascaridole,T37.4,X44.-,X64.-,Y14.-,Y41.4
1670,0,屈大麻酚(镇吐药),Dronabinol,T40.7,X42.-,X62.-,Y12.-,Y49.6
1670,0,屈他维林[氢喹维林](解痉药),Drotaverine,T44.3,X43.-,X63.-,Y13.-,Y51.3
1670,0,屈他雄酮[羟甲雄酮](雄激素类),Drostanolone,T38.7,X44.-,X64.-,Y14.-,Y42.7
1670,0,祛痰药NEC,Expectorant NEC,T48.4,X44.-,X64.-,Y14.-,Y55.4
1670,0,祛下呼吸道粘痰药,Sputum viscosity-lowering,T48.4,X44.-,X64.-,Y14.-,Y55.4
1670,0,去氨加压素(抗利尿剂),Desmopressin,T38.8,X44.-,X64.-,Y14.-,Y42.8
1670,0,去甘草甜素甘草浸膏,Deglycyrrhizinized extract,T48.4,X44.-,X64.-,Y14.-,Y55.4
1670,0,去甲氨基比林-现译名安乃近,Noramidopyrine,T39.2,X40.-,X60.-,Y10.-,Y45.8
1670,0,去甲苯福林(升压药),Norfenefrine,T44.4,X43.-,X63.-,Y13.-,Y51.4
1670,0,去甲丙咪嗪-现译名地昔帕明,Desmethylimipramine,T43.0,X41.-,X61.-,Y11.-,Y49.0
1670,0,去甲睾酮-现译名诺龙,Nortestosterone,T38.7,X44.-,X64.-,Y14.-,Y42.7
1670,0,去甲金霉素[地美环素](抗生素),Demethylchlortetracycline,T36.4,X44.-,X64.-,Y14.-,Y40.4
1670,0,去甲羟安定-现译名奥沙西泮,Oxazepam,T42.4,X41.-,X61.-,Y11.-,Y47.1
1670,0,去甲肾上腺素[降肾上腺素],"Levarterenol, Noradrenaline",T44.4,X43.-,X63.-,Y13.-,Y51.4
1670,0,去甲替林(抗抑郁药),Nortriptyline,T43.0,X41.-,X61.-,Y11.-,Y49.0
1670,0,去甲伪麻黄碱,Cathine,T50.5,X44.-,X64.-,Y14.-,Y57.0
1671,0,去甲西泮(安定药),Nordazepam,T42.4,X41.-,X61.-,Y11.-,Y47.1
1671,0,去甲氧基柔红霉素,Idarubicin,T45.1,X44.-,X64.-,Y14.-,Y43.3
1671,0,去甲氧利血平 -现译名 地舍平,Deserpidine,T46.5,X44.-,X64.-,Y14.-,Y52.5
1671,0,去钾树脂,Potassium-removing resin,T50.3,X44.-,X64.-,Y14.-,Y54.6
1671,0,去羟米松(肾上腺皮质激素类),Desoximetasone,T49.0,X44.-,X64.-,Y14.-,Y56.0
1671,0,去氢胆酸,Dehydrocholic acid,T47.5,X44.-,X64.-,Y14.-,Y53.5
1671,0,去氢土根碱- 现译名,"DHE, Dehydroemetine",T37.3,X44.-,X64.-,Y14.-,Y41.3
1671,0,去氢依米丁[去氢土根碱],"DHE, Dehydroemetine",T37.3,X44.-,X64.-,Y14.-,Y41.3
1671,0,去氢孕酮 - 现译名 地屈孕酮,Dydrogesterone,T38.5,X44.-,X64.-,Y14.-,Y42.5
1671,0,去铁胺(解毒药),Deferoxamine,T45.8,X44.-,X64.-,Y14.-,Y43.8
1671,0,去铁敏(解毒药),Desferrioxamine,T45.8,X44.-,X64.-,Y14.-,Y43.8
1671,0,去氧氟尿苷(抗肿瘤药),Doxifluridine,T45.1,X44.-,X64.-,Y14.-,Y43.1
1671,0,去氧核糖核酸酶-现译名脱氧,Deoxyribonuclease,T45.3,X44.-,X64.-,Y14.-,Y43.6
1671,0,去氧甲睾酮,Metandrostenolone,T38.7,X44.-,X64.-,Y14.-,Y42.7
1671,0,去氧麻黄碱[脱氧麻黄碱](中枢兴奋药),"Methylamphetamine, Methamphetamine, Metamfetamine, Desoxyephedrine",T43.6,X41.-,X61.-,Y11.-,
1671,0,去氧皮质甾类,Desoxycorticosteroid,T50.0,X44.-,X64.-,Y14.-,Y54.0
1671,0,去氧皮甾酮[脱氧皮质酮],Deoxycortone,T50.0,X44.-,X64.-,Y14.-,Y54.0
1671,0,去氧肾上腺素[苯福林](升压药),Phenylephrine,T44.4,X43.-,X63.-,Y13.-,Y51.4
1671,0,去氧孕烯[地索高诺酮](孕激素类),Desogestrel,T38.5,X44.-,X64.-,Y14.-,Y42.5
1671,0,去乙酰毛花苷[脱乙酰基,Deslanoside,T46.0,X44.-,X64.-,Y14.-,Y52.0
1671,0,去郁敏 - 现译名 地昔帕明,Desipramine,T43.0,X41.-,X61.-,Y11.-,Y49.0
1671,0,全氯五环癸烷 - 现译名 灭蚁灵,Mirex,T60.1,X48.-,X68.-,Y18.-,
1671,0,全血(人),Whole blood (human),T45.8,X44.-,X64.-,Y14.-,Y44.6
1671,0,醛甾酮[醛固酮](肾上腺,Aldosterone,T50.0,X44.-,X64.-,Y14.-,Y54.0
1671,0,炔雌醇，乙炔雌二醇,Ethinylestradiol,T38.5,X44.-,X64.-,Y14.-,Y42.5
1671,1,伴有,with,,,,,
1671,2,炔诺酮,norethisterone,T38.4,X44.-,X64.-,Y14.-,Y42.4
1671,2,左炔诺孕酮,levonorgestrel,T38.4,X44.-,X64.-,Y14.-,Y42.4
1671,0,炔己蚁胺(催眠药),Ethinamate,T42.6,X41.-,X61.-,Y11.-,Y47.8
1671,0,炔诺醇(孕激素类),"Ethynodiol, Etinodiol",T38.4,X44.-,X64.-,Y14.-,Y42.4
1671,1,伴有双醋美雌醇,with mestranol diacetate,T38.4,X44.-,X64.-,Y14.-,Y42.4
1671,0,炔诺孕酮(孕激素类),"Norgestrel, Norethindrone",T38.4,X44.-,X64.-,Y14.-,Y42.4
1671,1,伴有炔雌醇,with ethinylestradiol,T38.5,X44.-,X64.-,Y14.-,Y42.5
1671,0,炔孕酮(孕激素类),Ethisterone,T38.5,X44.-,X64.-,Y14.-,Y42.5
1672,0,燃料,Fuel,,,,,
1672,1,国际疾病分类,"industrial, incomplete combustion",T58,X47.-,X67.-,Y17.-,
1672,1,气体(家用),gas (domestic use),T58,X47.-,X67.-,Y17.-,
1672,1,汽车,automobile,T52.0,X46.-,X66.-,Y16.-,
1672,2,废气，非运输中,"exhaust gas, not in transit",T58,X47.-,X67.-,Y17.-,
1672,2,蒸气NEC,vapor NEC,T52.0,X46.-,X66.-,Y16.-,
1672,0,染剂 NEC,Dye NEC,T65.6,X49.-,X69.-,Y19.-,
1672,1,抗菌防腐药,antiseptic,T49.0,X44.-,X64.-,Y14.-,Y56.0
1672,0,壤虫磷(杀虫药),Trichloronat(e),T60.0,X48.-,X68.-,Y18.-,
1672,0,热量剂,Caloric agent,T50.3,X44.-,X64.-,Y14.-,Y54.6
1672,0,人,Human,,,,,
1672,1,白蛋白,albumin,T45.8,X44.-,X64.-,Y14.-,Y44.6
1672,1,免疫血清,immune serum,T50.9,X44.-,X64.-,Y14.-,Y59.3
1672,1,生长激素(HGH),growth hormone (HGH),T38.8,X44.-,X64.-,Y14.-,Y42.8
1672,0,人蛋氨生长素(垂体激素类),Somatrem,T38.8,X44.-,X64.-,Y14.-,Y42.8
1672,0,国际疾病分类,Immunoglobine human (intravenous)(normal),T50.9,X44.-,X64.-,Y14.-,
1672,1,不变的,unmodified,T50.9,X44.-,X64.-,Y14.-,Y59.3
1672,0,国际疾病分类,HGH (human growth hormone),T38.8,X44.-,X64.-,Y14.-,Y42.8
1672,0,壬苯醇醚(表面活性药),Nonoxinol,T49.8,X44.-,X64.-,Y14.-,Y56.8
1672,0,壬二酸[杜鹃花酸],Azelaic acid,T49.0,X44.-,X64.-,Y14.-,Y56.0
1672,0,壬基苯氧(聚乙氧基乙醇),Nonylphenoxy,T49.8,X44.-,X64.-,Y14.-,Y56.8
1672,0,溶剂，工业用NEC,"Solvent, industrial NEC",T52.9,X46.-,X66.-,Y16.-,
1672,0,溶解(结)石药,Stone-dissolvingdrug,T50.9,X44.-,X64.-,Y14.-,Y57.8
1672,0,溶菌酶(粘多糖分解酶),Lysozyme,T49.0,X44.-,X64.-,Y14.-,Y56.0
1672,0,溶炼物烟雾NEC,Smelter fumes NEC,T56.9,X49.-,X69.-,Y19.-,
1672,0,溶肉瘤素-现译名沙可来新,Sarcolysin,T45.1,X44.-,X64.-,Y14.-,Y43.3
1672,0,绒毛膜促性腺激素,Chorionic gonadotropin,T38.8,X44.-,X64.-,Y14.-,Y42.8
1672,0,柔红霉素[正定霉素],Daunorubicin,T45.1,X44.-,X64.-,Y14.-,Y43.3
1672,0,鞣酸,Tannic acid,T49.2,X44.-,X64.-,Y14.-,Y56.2
1672,0,鞣酸石榴碱,Pelletierine tannate,T37.4,X44.-,X64.-,Y14.-,Y41.4
1672,0,肉，有毒的,"Meat, noxious",T62.8,X49.-,X69.-,Y19.-,
1672,0,肉豆蔻醚,Myristicin,T65.8,X49.-,X69.-,Y19.-,
1672,0,肉毒杆菌抗毒素(甲、乙型),Botulinus antitoxin,T50.9,X44.-,X64.-,Y14.-,Y59.3
1672,0,乳果糖(导泻药),Lactulose,T47.3,X44.-,X64.-,Y14.-,Y53.3
1672,0,乳酸,Lactic acid,T49.8,X44.-,X64.-,Y14.-,Y56.8
1672,0,乳酸林格液,Ringer (lactate) solution,T50.3,X44.-,X64.-,Y14.-,Y54.6
1673,0,乳酸杆菌,Lactobacillus,,,,,
1673,1,孢子发生,sporogenes,T47.6,X44.-,X64.-,Y14.-,Y53.6
1673,1,保加利亚,bulgaricus,T47.6,X44.-,X64.-,Y14.-,Y53.6
1673,1,嗜酸,acidophilus,T47.6,X44.-,X64.-,Y14.-,Y53.6
1673,2,复合物,compound,T47.6,X44.-,X64.-,Y14.-,Y53.6
1673,1,双歧，冷冻干燥的,"bifidus, lyophilized",T47.6,X44.-,X64.-,Y14.-,Y53.6
1673,0,乳酸钾生理盐水,Lactated potassic saline,T50.3,X44.-,X64.-,Y14.-,Y54.9
1673,0,乳糖(药用辅料),Lactose (as excipient),T50.9,X44.-,X64.-,Y14.-,Y57.4
1673,0,软膏NEC,Ointment NEC,T49.3,X44.-,X64.-,Y14.-,Y56.3
1673,0,瑞莫必利(镇吐药),Remoxipride,T43.5,X41.-,X61.-,Y11.-,Y49.5
1673,0,瑞西那明(抗高血压药),Rescinnamine,T46.5,X44.-,X64.-,Y14.-,Y52.5
1673,0,润滑剂，眼,"Lubricant, eye",T49.5,X44.-,X64.-,Y14.-,Y56.5
1673,0,润滑药 NEC,Emollient NEC,T49.3,X44.-,X64.-,Y14.-,Y56.3
1673,0,润滑油 NEC,Lubricating oil NEC,T52.0,X46.-,X66.-,Y16.-,
1674,0,三氨苯喋啶 -现译名 氨苯蝶啶,Triamterene,T50.2,X44.-,X64.-,Y14.-,Y54.5
1674,0,三苯氧胺 - 现译名 他莫昔芬,Tamoxifen,T38.6,X44.-,X64.-,Y14.-,Y42.6
1674,0,三苄糖苷(毛细血管保护药),Tribenoside,T46.9,X44.-,X64.-,Y14.-,Y52.9
1674,0,三醋汀(抗真菌药),Triacetin,T49.0,X44.-,X64.-,Y14.-,Y56.0
1674,0,三醋酚丁(泻药),Phenisatin,T47.2,X44.-,X64.-,Y14.-,Y53.2
1674,0,三碘甲烷-现译名 碘仿,Iodoform,T49.0,X44.-,X64.-,Y14.-,Y56.0
1674,0,三碘甲状腺氨酸-现译名,Liothyronine,T38.1,X44.-,X64.-,Y14.-,Y42.1
1674,0,三氟丙嗪[三氟普马嗪](安定药),Triflupromazine,T43.3,X41.-,X61.-,Y11.-,Y49.3
1674,0,三氟拉嗪(安定药),Trifluoperazine,T43.3,X41.-,X61.-,Y11.-,Y49.3
1674,0,三氟柳(抗血栓药),Triflusal,T45.5,X44.-,X64.-,Y14.-,Y44.2
1674,0,三氟哌多(抗精神病药),Trifluperidol,T43.4,X41.-,X61.-,Y11.-,Y49.4
1674,0,三氟普马嗪-现译名三氟丙嗪,Triflupromazine,T43.3,X41.-,X61.-,Y11.-,Y49.3
1674,0,三氟噻吨(抗精神病药),Flupenthixol,T43.4,X41.-,X61.-,Y11.-,Y49.4
1674,0,三氟乙基乙烯醚(吸入麻痹药),Trifluoroethyl vinyl ether,T41.0,X44.-,X64.-,Y14.-,Y48.0
1674,0,三氟乙醚(中枢神经兴奋药),Hexafluorodiethyl ether,T43.2,X41.-,X61.-,Y11.-,Y49.2
1674,0,三合氯喹啉(局部抗感染药),Chlorquinol,T49.0,X44.-,X64.-,Y14.-,Y56.0
1674,0,三环己丙醇(抗帕金森病药),Triperiden,T44.3,X43.-,X63.-,Y13.-,Y51.3
1674,0,三环氯铵(抗胆碱药),Tricyclamol chloride,T44.3,X43.-,X63.-,Y13.-,Y51.3
1674,0,三磺嘧啶,Trisulfapyrimidines,T37.0,X44.-,X64.-,Y14.-,Y41.0
1674,0,三己芬迪-现译名苯海索,Trihexyphenidyl,T44.3,X43.-,X63.-,Y13.-,Y51.3
1674,0,三甲丙咪嗪-现译名曲米帕明,Trimipramine,T43.0,X41.-,X61.-,Y11.-,Y49.0
1674,0,三甲醇,Trimethylcarbinol,T51.3,X45.-,X65.-,Y15.-,
1674,0,三甲卡因(局部麻醉药),Trimecaine,T41.3,X44.-,X64.-,Y14.-,Y48.3
1674,0,三甲硫苯嗪-现译名曲硫嗪,"Tritiozine, Trithiozine",T44.3,X43.-,X63.-,Y13.-,Y51.3
1674,0,三甲泼拉嗪-现译名,Trimeprazine (tartrate),T44.3,X43.-,X63.-,Y13.-,Y51.3
1674,0,三甲曲沙(抗肿瘤药),Trimetrexate,T45.1,X44.-,X64.-,Y14.-,Y43.1
1674,0,三甲沙林(着色药),Trioxysalen,T49.4,X44.-,X64.-,Y14.-,Y56.4
1674,0,三甲双酮[三甲噁唑烷二酮],"Troxidone, Trimethadione",T42.2,X41.-,X61.-,Y11.-,Y46.1
1674,0,三甲噁唑烷二酮-现译名,Trimethadione,T42.2,X41.-,X61.-,Y11.-,Y46.1
1674,0,三甲烯-现译名环丙烷,Cyclopropane,T41.2,X44.-,X64.-,Y14.-,Y48.2
1674,0,三甲氧苯丁氨酯-现译名,Trimebutine,T44.3,X43.-,X63.-,Y13.-,Y51.3
1674,0,三甲氧苄嗪-现译名曲美他嗪,Trimetazidine,T46.7,X44.-,X64.-,Y14.-,Y52.7
1674,0,三聚乙醛-现译名副醛,"Paraldehyde, Paracetaldehyde",T42.6,X41.-,X61.-,Y11.-,Y47.3
1674,0,三联的,Triple,,,,,
1674,1,碳酸盐,carbonate,T47.1,X44.-,X64.-,Y14.-,Y53.1
1674,1,溴化物,bromides,T42.6,X41.-,X61.-,Y11.-,Y47.4
1674,1,疫苗，包括百日咳,"vaccine, including pertussis",T50.9,X44.-,X64.-,Y14.-,Y58.6
1674,0,三硫磷[卡波硫磷](杀虫药),Carbophenothion,T60.0,X48.-,X68.-,Y18.-,
1675,0,三氯丙烷,Trichloropropane,T53.6,X46.-,X66.-,Y16.-,
1675,0,三氯醋酸,Trichloroacetic acid,T54.2,X49.-,X69.-,Y19.-,
1675,1,药用,medicinal,T49.4,X44.-,X64.-,Y14.-,Y56.4
1675,0,三氯氮芥(抗肿瘤药),Trichlormethine,T45.1,X44.-,X64.-,Y14.-,Y43.3
1675,0,三氯氟甲烷[氟利昂11]NEC,Trichlorofluoromethane NEC,T53.5,X46.-,X66.-,Y16.-,
1675,0,三氯福司(镇静催眠药),Triclofos,T42.6,X41.-,X61.-,Y11.-,Y47.8
1675,0,三氯卡班(消毒防腐剂),Triclocarban,T49.0,X44.-,X64.-,Y14.-,Y56.0
1675,0,三氯噻嗪(利尿降压药),Trichlormethiazide,T50.2,X44.-,X64.-,Y14.-,Y54.3
1675,0,三氯生(消毒防腐剂),Triclosan,T49.0,X44.-,X64.-,Y14.-,Y56.0
1675,0,三氯叔丁醇[氯丁醇],Chlorbutol,T42.6,X41.-,X61.-,Y11.-,Y47.2
1675,0,三氯叔丁醇[氯丁醇](局麻药，,Chlorobutanol,T42.6,X41.-,X61.-,Y11.-,Y47.2
1675,0,三氯乙醛-现译名水合氯醛,Chloral,T42.6,X41.-,X61.-,Y11.-,Y47.2
1675,0,三氯乙烷,Trichloroethane,T53.2,X46.-,X66.-,Y16.-,
1675,0,三氯乙烯,Trichloroethylene,T53.2,X46.-,X66.-,Y16.-,
1675,1,蒸气NEC,vapor NEC,T41.0,X44.-,X64.-,Y14.-,
1675,0,三嗪(除草剂),Triazine (herbicide),T60.3,X48.-,X68.-,Y18.-,
1675,0,三氢化砷(气体)-现译名胂,Arsine (gas),T57.0,X49.-,X69.-,Y19.-,
1675,0,三硝基苯,Trinitrobenzol,T65.3,X49.-,X69.-,Y19.-,
1675,0,三硝基苯甲硝胺,Tetryl,T65.3,X49.-,X69.-,Y19.-,
1675,0,三硝基酚(防腐剂，收敛药),Trinitrophenol,T65.3,X49.-,X69.-,Y19.-,
1675,0,三硝基甲苯(烟雾),"Trinitrotoluene,TNT (fumes)",T65.3,X49.-,X69.-,Y19.-,
1675,0,三溴甲烷[溴仿],Bromoform,T42.6,X41.-,X61.-,Y11.-,Y47.4
1675,0,三溴乙醇，直肠给药,"Tribromoethanol, rectal",T41.2,X44.-,X64.-,Y14.-,Y48.2
1675,0,三硝乙醇胺NEC,Triethanolamine NEC,T54.3,X49.-,X69.-,Y19.-,
1675,1,二磷酸盐,trinitrate (biphosphate),T46.3,X44.-,X64.-,Y14.-,Y52.3
1675,1,洗涤剂,detergent,T54.3,X49.-,X69.-,Y19.-,
1675,0,三亚胺醌(抗肿瘤药),Triaziquone,T45.1,X44.-,X64.-,Y14.-,Y43.3
1675,0,三亚胺嗪(抗肿瘤药),Triethanomelamine,T45.1,X44.-,X64.-,Y14.-,Y43.3
1675,0,三氧化二砷,Trioxide of arsenic,T57.0,X48.-,X68.-,Y18.-,
1675,0,三乙烯亚胺三嗪-现译名,Tretamine,T45.1,X44.-,X64.-,Y14.-,Y43.3
1675,0,"三乙酰1,8,9-蒽三酚",Triacetoxyanthracene,T49.4,X44.-,X64.-,Y14.-,Y56.4
1675,0,三乙酰夹竹桃霉素-现译名,Triacetyloleandomycin,T36.3,X44.-,X64.-,Y14.-,Y40.3
1675,0,三唑[三唑苯二氮草](除草剂),Triazole (herbicide),T60.3,X48.-,X68.-,Y18.-,
1675,0,三唑仑(安定药),Triazolam,T42.4,X41.-,X61.-,Y11.-,Y47.1
1675,0,四环素,Tetracycline,T36.4,X44.-,X64.-,Y14.-,Y40.4
1675,0,四甲二胂-现译名卡可基,"Cacodyl, cacodylic acid",T57.0,X48.-,X68.-,Y18.-,
1675,0,四甲司林(杀虫药),Tetramethrin,T60.2,X48.-,X68.-,Y18.-,
1675,0,四价铵[季铵],Quarternary ammonium,,,,,
1675,1,副交感神经阻滞药,parasympatholytic,T44.3,X43.-,X63.-,Y13.-,Y51.3
1675,1,抗感染药,anti-infective,T49.0,X44.-,X64.-,Y14.-,Y56.0
1675,1,神经节阻滞药,ganglion blocking,T44.2,X43.-,X63.-,Y13.-,Y51.2
1676,0,四磷酸六乙酯[六乙基四磷酸],Hexaethyl tetraphosphate,T60.0,X48.-,X68.-,Y18.-,
1676,0,四氯二苯并-对-二噁英,TCDD,T65.8,X49.-,X69.-,Y19.-,
1676,0,四氯二苯砜(杀恙虫疥虫药),Tetradifon,T60.8,X48.-,X68.-,Y18.-,
1676,0,四氯二氰苯(杀菌药),Chlorothalonil,T60.3,X48.-,X68.-,Y18.-,
1676,0,"四氯化碳 - 见碳, 四氯化(碳)","Tetrachloromethane - see Carbon, Tetrachloride",,,,,
1676,0,四氯噻嗪(利尿剂),Teclothiazide,T50.2,X44.-,X64.-,Y14.-,Y54.3
1676,0,四氯乙烷,Tetrachloroethane,T53.3,X46.-,X66.-,Y16.-,
1676,1,蒸气,vapor,T53.3,X46.-,X66.-,Y16.-,
1676,0,四氯乙烯(液体),Tetrachloroethylene (liquid),T53.3,X46.-,X66.-,Y16.-,
1676,1,药用(抗蠕虫药),medicinal,T37.4,X44.-,X64.-,Y14.-,Y41.4
1676,1,蒸气,vapor,T53.3,X46.-,X66.-,Y16.-,
1676,0,四米唑(抗蠕虫药),Tetramisole,T37.4,X44.-,X64.-,Y14.-,Y41.4
1676,0,四喃唑嗪 -现译名 特拉唑嗪,Terazosin,T44.6,X43.-,X63.-,Y13.-,Y51.6
1676,0,四氢大麻酚,Tetrahydrocannabinol,T40.7,X42.-,X62.-,Y12.-,Y49.6
1676,0,四氢呋喃,Tetrahydrofuran,T52.8,X46.-,X66.-,Y16.-,
1676,0,四氢化萘,Tetrahydronaphthalene,T52.8,X46.-,X66.-,Y16.-,
1676,0,四氢西泮(安定药),Tetrazepam,T42.4,X41.-,X61.-,Y11.-,Y47.1
1676,0,四氢唑林(血管收缩药),"Tetrahydrozoline,Tetryzoline",T49.5,X44.-,X64.-,Y14.-,Y56.5
1676,0,四烯甲萘醌[维生素K2](止血药),"Menatetrenone,Menaquinone",T45.7,X44.-,X64.-,Y14.-,Y44.3
1676,0,四硝胺(冠脉扩张药),Tenitramine,T46.3,X44.-,X64.-,Y14.-,Y52.3
1676,0,四硝赤醇(冠脉扩张药),Eritrityl tetranitrate,T46.3,X44.-,X64.-,Y14.-,Y52.3
1676,0,四乙基,Tetraethyl,,,,,
1676,1,焦磷酸酯,pyrophosphate,T60.0,X48.-,X68.-,Y18.-,
1676,1,铅,lead,T56.0,X49.-,X69.-,Y19.-,
1676,0,四乙基二硫代焦磷酸酯,TEPP,T60.0,X48.-,X68.-,Y18.-,
1676,0,(有机磷杀虫药),Tetrylammonium chloride,T44.2,X43.-,X63.-,Y13.-,Y51.2
1676,0,四唑硫蒽酮(过敏介质阻释药),Doxantrazole,T48.6,X44.-,X64.-,Y14.-,Y55.6
1676,0,十氢化萘(萘烷),Decahydronaphthalene,T52.8,X46.-,X66.-,Y16.-,
1676,0,十烃季铵(溴化物),Decamethonium (bromide),T48.1,X44.-,X64.-,Y14.-,Y55.1
1676,0,十一烯酸(衍生物)(抗真菌药),Undecylenic [Undecenoic],T49.0,X44.-,X64.-,Y14.-,Y56.0
1676,0,撒利汞-现译名汞撒利,Mersalyl,T50.2,X44.-,X64.-,Y14.-,Y54.5
1676,0,萨罗[水杨酸苯酯],Salol,T49.3,X44.-,X64.-,Y14.-,Y56.3
1676,0,塞克硝唑(抗阿米巴药,Secnidazole,T37.3,X44.-,X64.-,Y14.-,Y41.3
1676,0,塞利洛尔(β受体阻滞药),Celiprolol,T44.7,X43.-,X63.-,Y13.-,Y51.7
1676,0,塞仑(抗感染药),Thiram,T60.3,X48.-,X68.-,Y18.-,
1676,0,塞罗卡因-现译名 利多卡因,Lidocaine,T41.3,X44.-,X64.-,Y14.-,Y48.3
1676,0,噻孢霉素-现译名头孢噻吩,Cefalotin,T36.1,X44.-,X64.-,Y14.-,Y40.1
1677,0,噻苯丙吗啉,Tiemonium,T44.3,X43.-,X63.-,Y13.-,Y51.3
1677,1,碘化物[替莫碘铵](解痉药),iodide,T44.3,X43.-,X63.-,Y13.-,Y51.3
1677,0,噻苯达唑(抗蠕虫药),"Thiabendazole, Tiabendazole",T37.4,X44.-,X64.-,Y14.-,Y41.4
1677,0,噻二西酸(保肝药),Tidiacic,T50.9,X44.-,X64.-,Y14.-,Y57.1
1677,0,噻吩甲酸(抗菌药),Thenoic acid,T49.6,X44.-,X64.-,Y14.-,Y56.6
1677,0,噻康唑(抗真菌药),Tioconazole,T49.0,X44.-,X64.-,Y14.-,Y56.0
1677,0,噻克索酮(抗真菌药,Tioxolone,T49.4,X44.-,X64.-,Y14.-,Y56.4
1677,0,噻拉米特(解热镇痛药),Tiaramide,T39.8,X40.-,X60.-,Y10.-,Y45.8
1677,0,噻氯匹定(血小板抑制药),Ticlopidine,T45.5,X44.-,X64.-,Y14.-,Y44.2
1677,0,噻氯香豆素(抗凝药),Tioclomarol,T45.5,X44.-,X64.-,Y14.-,Y44.2
1677,0,噻洛芬酸(抗炎镇痛药),Tiaprofenic acid,T39.3,X40.-,X60.-,Y10.-,Y45.2
1677,0,噻吗洛尔[噻吗心安],Timolol,T44.7,X43.-,X63.-,Y13.-,Y51.7
1677,0,噻嘧啶(抗蠕虫药),Pyrantel,T37.4,X44.-,X64.-,Y14.-,Y41.4
1677,0,噻萘普汀(抗抑郁药),Tianeptine,T43.0,X41.-,X61.-,Y11.-,Y49.0
1677,0,噻帕米(冠脉扩张药),Tiapamil,T46.1,X44.-,X64.-,Y14.-,Y52.1
1677,0,噻哌溴铵(抗胆碱药),Timepidium bromide,T44.3,X43.-,X63.-,Y13.-,Y51.3
1677,0,噻替派(抗肿瘤药),"Thiotepa, Triethylenethio-",T45.1,X44.-,X64.-,Y14.-,Y43.3
1677,0,赛庚啶(抗组胺药),Cyproheptadine,T45.0,X44.-,X64.-,Y14.-,Y43.0
1677,0,赛克立明(抗震颤麻痹药),Cycrimine,T44.3,X43.-,X63.-,Y13.-,Y51.3
1677,0,赛克力嗪(抗吐剂),Cyclizine,T45.0,X44.-,X64.-,Y14.-,Y43.0
1677,0,赛克罗奇-现译名环喷托酯,Cyclopentolate,T44.3,X43.-,X63.-,Y13.-,Y51.3
1677,0,赛洛西宾(致幻药),Psilocybine,T40.9,X42.-,X62.-,Y12.-,Y49.6
1677,0,赛洛唑啉[丁苄唑啉],Xylometazoline,T48.5,X44.-,X64.-,Y14.-,Y55.5
1677,0,伞菌[蕈状毒菌],Toadstool,T62.0,X49.-,X69.-,Y19.-,
1677,0,散瞳药,Mydriatic drug,T49.5,X44.-,X64.-,Y14.-,Y56.5
1677,0,色甘酸(抗过敏药),"Cromoglicic acid, Cromolyn",T48.6,X44.-,X64.-,Y14.-,Y55.6
1677,0,色霉素A3[阿布拉霉素B],Chromomycin A3,T45.1,X44.-,X64.-,Y14.-,Y43.3
1677,0,杀虫药(粉尘)(烟雾)(蒸气)NEC,"Insecticide, Pesticide (dust)",T60.9,X48.-,X68.-,Y18.-,
1677,1,氨基甲酸酯,carbamate,T60.0,X48.-,X68.-,Y18.-,
1677,1,混合的,mixed,T60.9,X48.-,X68.-,Y18.-,
1677,1,氯化,chlorinated,T60.1,X48.-,X68.-,Y18.-,
1677,1,有机磷,organophosphorus,T60.0,X48.-,X68.-,Y18.-,
1677,1,有机氯,organochlorine,T60.1,X48.-,X68.-,Y18.-,
1677,0,杀精子剂,Spermicide,T49.8,X44.-,X64.-,Y14.-,Y56.8
1677,0,杀裂殖体剂(血)(组织),Schizontozide (blood)(tissue),T37.2,X44.-,X64.-,Y14.-,Y41.2
1677,0,杀真菌剂 NEC(非药用),Fungicide NEC,T60.3,X48.-,X68.-,Y18.-,
1677,0,沙丁胺醇[舒喘灵],"Salbutamol, Albuterol",T48.6,X44.-,X64.-,Y14.-,Y55.6
1677,0,沙可来新[溶肉瘤素](抗肿瘤药),Sarcolysin,T45.1,X44.-,X64.-,Y14.-,Y43.3
1677,0,沙拉新(降压药),Saralasin,T46.5,X44.-,X64.-,Y14.-,Y52.5
1677,0,沙利度胺(镇静催眠药),Thalidomide,T45.1,X44.-,X64.-,Y14.-,Y43.4
1677,0,沙美特罗(支气管扩张药),Salmeterol,T48.6,X44.-,X64.-,Y14.-,Y55.6
1678,0,山道年（抗蠕虫药）,Santonin,T37.4,X44.-,X64.-,Y14.-,Y41.4
1678,0,山梗菜碱 - 现译名 洛贝林,Lobeline,T50.7,X44.-,X64.-,Y14.-,Y50.0
1678,0,山梨醇(药用辅料),Sorbitol,T47.4,X44.-,X64.-,Y14.-,Y53.4
1678,0,山楂浸膏,Crataegus extract,T46.0,X44.-,X64.-,Y14.-,Y52.0
1678,0,伤寒-副伤寒疫苗,Typhoid-paratyphoid vaccine,T50.9,X44.-,X64.-,Y14.-,Y58.1
1678,0,商陆(任何部分)(中药),Pokeweed (any part),T62.2,X49.-,X69.-,Y19.-,
1678,0,烧窑气体或蒸气(一氧化碳),Kiln gas or vapor,T58,X47.-,X67.-,Y17.-,
1678,0,蛇毒液或咬伤,Snake venom or bite,T63.0,,,,
1678,1,血凝酶,hemocoagulase,T45.7,X44.-,X64.-,Y14.-,Y44.3
1678,0,蛇根混合碱 - 现译名 阿舍西隆,Alseroxylon,T46.5,X44.-,X64.-,Y14.-,Y52.5
1678,0,蛇根碱 - 现译名 利血平,Reserpin(e),T46.5,X44.-,X64.-,Y14.-,Y52.5
1678,0,舍雷肽酶(蛋白分解酶),Serrapeptase,T45.3,X44.-,X64.-,Y14.-,Y43.6
1678,0,舍莫瑞林(生长素释放素),Sermorelin,T38.8,X44.-,X64.-,Y14.-,Y42.8
1678,0,麝香草酚(抗菌、抗真菌驱虫药),Thymol,T49.0,X44.-,X64.-,Y14.-,Y56.0
1678,0,砷[砒霜]，砷剂(化合物)(粉尘),"Arsenic, arsenicals NEC",T57.0,X48.-,X68.-,Y18.-,
1678,0,砷酸铅,Arsenate of lead,T57.0,X48.-,X68.-,Y18.-,
1678,0,神经毒气，非战争中,"Nerve gas, not in war",T59.9,X47.-,X67.-,Y17.-,
1678,0,神经肌肉阻断药,Neuromuscular blocking,T48.1,X44.-,X64.-,Y14.-,Y55.1
1678,0,神经节阻断药NEC,Ganglionic blocking,T44.2,X43.-,X63.-,Y13.-,Y51.2
1678,1,特指的NEC,specified NEC,T44.2,X43.-,X63.-,Y13.-,Y51.2
1678,0,肾上腺色素（止血药）,Adrenochrome,,,,,
1678,1,(单)缩氨基脲,(mono) semicarbazone,T46.9,X44.-,X64.-,Y14.-,Y52.9
1678,1,衍生物,derivative,T46.9,X44.-,X64.-,Y14.-,Y52.9
1678,0,肾上腺素(升压药),"Adrenaline,Epinephrine",T44.5,X43.-,X63.-,Y13.-,Y51.5
1678,0,肾上腺素能药NEC,Adrenergic NEC,T44.9,X43.-,X63.-,Y13.-,Y51.9
1678,1,特指的NEC,specified NEC,T44.9,X43.-,X63.-,Y13.-,Y51.9
1678,1,阻断剂NEC,blocking agent NEC,T44.8,X43.-,X63.-,Y13.-,Y51.8
1678,2,β，心脏,"beta, heart",T44.7,X43.-,X63.-,Y13.-,Y51.7
1678,0,胂[三氢化砷](气体),Arsine (gas),T57.0,X49.-,X69.-,Y19.-,
1678,0,胂噻醇(抗原虫药),Arsthinol,T37.3,X44.-,X64.-,Y14.-,Y41.3
1678,0,生石灰[氧化钙],Quicklime,T54.3,X49.-,X69.-,Y19.-,
1678,0,生胃酮-现译名 甘珀酸,Carbenoxolone,T47.1,X44.-,X64.-,Y14.-,Y53.1
1678,0,生物黄酮类,Bioflavonoid(s),T46.9,X44.-,X64.-,Y14.-,Y52.9
1678,0,生物素[维生素H],Biotin,T45.2,X44.-,X64.-,Y14.-,Y57.7
1678,0,生物制品NEC,Biological substance NEC,T50.9,X44.-,X64.-,Y14.-,Y59.9
1678,0,生育酚-现译名维生素E,"Tocoferol, Tocopherol",T45.2,X44.-,X64.-,Y14.-,Y57.7
1678,1,乙酸盐,acetate,T45.2,X44.-,X64.-,Y14.-,Y57.7
1678,0,生长释素(生长激素释放药),Somatorelin,T38.8,X44.-,X64.-,Y14.-,Y42.8
1678,0,生长素,"Somatotropin, Somatropin",T38.8,X44.-,X64.-,Y14.-,Y42.8
1678,0,生长抑素(垂体激素释放抑制药),Somatostatin,T38.9,X44.-,X64.-,Y14.-,Y42.9
1678,0,石灰(氯化物),Lime (chloride),T54.3,X49.-,X69.-,Y19.-,
1678,0,石蜡(药用辅料),Paraffin(s) (wax),T52.0,X46.-,X66.-,Y16.-,
1678,1,液体(药用),liquid (medicinal),T47.4,X44.-,X64.-,Y14.-,Y53.4
1678,2,非药用,nonmedicinal,T52.0,X46.-,X66.-,Y16.-,
1679,0,石棉,Asbestos,T57.8,X49.-,X69.-,Y19.-,
1679,0,石脑油(油漆匠)(石油),Naphtha (painters'),T52.0,X46.-,X66.-,Y16.-,
1679,1,溶剂,solvent,T52.0,X46.-,X66.-,Y16.-,
1679,1,蒸气,vapor,T52.0,X46.-,X66.-,Y16.-,
1679,0,石炭酸（见苯酚）,Carbolic acid (see Phenol),T54.0,X49.-,X69.-,Y19.-,
1679,0,石炭酸品红,Carbol fuchsin,T49.0,X44.-,X64.-,Y14.-,Y56.0
1679,0,石油(产品)NEC,Petroleum (products) NEC,T52.0,X46.-,X66.-,Y16.-,
1679,1,凝胶-见凡士林油,jelly-see Petrolatum,,,,,
1679,1,杀虫药,pesticide,T60.8,X48.-,X68.-,Y18.-,
1679,1,石油精-见石油英,"benzine(s), naphtha-see Ligroin",,,,,
1679,1,乙醚-见石油英,ether-see Ligroin,,,,,
1679,1,蒸气,vapor,T52.0,X46.-,X66.-,Y16.-,
1679,0,石油精,Benzin(e),T52.0,X46.-,X66.-,Y16.-,
1679,0,石油英(溶剂),Ligroin(e)(solvent),T52.0,X46.-,X66.-,Y16.-,
1679,1,蒸气,vapor,T59.8,X47.-,X67.-,Y17.-,
1679,0,食入物质NEC,Ingested substance NEC,T65.9,X49.-,X69.-,Y19.-,
1679,0,食物，食品，有毒的，,"Food, foodstuffs, noxious",T62.9,X49.-,X69.-,Y19.-,
1679,0,食欲抑制剂(中枢的),Anorexiant (central),T50.5,X44.-,X64.-,Y14.-,Y57.0
1679,0,莳罗子(中药),Dill,T47.5,X44.-,X64.-,Y14.-,Y53.5
1679,0,士的宁(非药用)(杀虫药)(盐),Strychnine (nonmedicinal),T65.1,X49.-,X69.-,Y19.-,
1679,1,药用,medicinal,T48.2,X44.-,X64.-,Y14.-,Y55.2
1679,0,视黄醇- 现译名 维生素A,"Retinol, Axerophthol",T45.2,X44.-,X64.-,Y14.-,Y57.7
1679,0,视黄酸(角质溶解药),Retinoic acid,T49.0,X44.-,X64.-,Y14.-,Y56.0
1679,0,收敛药(局部),Astringent (local),T49.2,X44.-,X64.-,Y14.-,Y56.2
1679,1,特指的NEC,specified NEC,T49.2,X44.-,X64.-,Y14.-,Y56.2
1679,0,兽脂,Grease,T65.8,X49.-,X69.-,Y19.-,
1679,0,叔丁喘宁素- 现译名特布他林,Terbutaline,T48.6,X44.-,X64.-,Y14.-,Y55.6
1679,0,舒巴坦[青霉素烷砜酸],Sulbactam,T36.0,X44.-,X64.-,Y14.-,Y40.0
1679,0,舒苯汀(消毒防腐剂),Sulbentine,T49.0,X44.-,X64.-,Y14.-,Y56.0
1679,0,舒必利(抗精神病药，镇吐药),Sulpiride,T43.5,X41.-,X61.-,Y11.-,Y49.5
1679,0,舒喘灵-现译名沙丁胺醇,Salbutamol,T48.6,X44.-,X64.-,Y14.-,Y55.6
1679,0,舒非仑(抗疥螨药),"Monosulfiram, Sulfiram",T49.0,X44.-,X64.-,Y14.-,Y56.0
1679,0,舒芬太尼(镇痛药),Sufentanil,T40.4,X42.-,X62.-,Y12.-,Y45.0
1679,0,舒拉明(钠)(抗锥虫药，抗丝虫药),Suramin (sodium),T37.4,X44.-,X64.-,Y14.-,Y41.4
1679,0,舒利苯酮(防晒药),Sulisobenzone,T49.3,X44.-,X64.-,Y14.-,Y56.3
1679,0,舒林酸(抗炎镇痛药),Sulindac,T39.3,X40.-,X60.-,Y10.-,Y45.3
1679,0,舒洛地尔(血管扩张药),Suloctidil,T46.7,X44.-,X64.-,Y14.-,Y52.7
1679,0,舒洛芬(消炎药),Suprofen,T39.3,X40.-,X60.-,Y10.-,Y45.2
1679,0,舒马普坦(偏头痛特效药),Sumatriptan,T39.8,X40.-,X60.-,Y10.-,Y45.8
1679,0,舒美吗啉-现译名曲硫嗪,Sulmetozine,T44.3,X43.-,X63.-,Y13.-,Y51.3
1679,0,舒噻美[硫噻嗪](抗惊厥药),"Sulthiame, Sultiame",T42.6,X41.-,X61.-,Y11.-,Y46.6
1679,0,舒他西林(抗生素),Sultamicillin,T36.0,X44.-,X64.-,Y14.-,Y40.0
1680,0,舒替兰酶[枯草菌酶],Sutilains,T45.3,X44.-,X64.-,Y14.-,Y43.6
1680,0,舒托必利(抗精神病药),Sultopride,T43.5,X41.-,X61.-,Y11.-,Y49.5
1680,0,蔬菜浸膏，收敛的,"Vegetable extract, astringent",T49.2,X44.-,X64.-,Y14.-,Y56.2
1680,0,鼠毒药 NEC,Rat poison NEC,T60.4,X48.-,X68.-,Y18.-,
1680,0,鼠立死,Crimidine,T60.4,X48.-,X68.-,Y18.-,
1680,0,鼠脑抗原-现译名 弗赖抗原,Frei antigen,T50.8,X44.-,X64.-,Y14.-,Y57.6
1680,0,鼠特灵,Norbormide,T60.4,X48.-,X68.-,Y18.-,
1680,0,鼠疫疫苗(生物制品),Plague vaccine,T50.9,X44.-,X64.-,Y14.-,Y58.3
1680,0,鼠源 CD3 单克隆抗体,Muromonab-CD3,T45.1,X44.-,X64.-,Y14.-,Y43.4
1680,0,漱口药(抗菌的)(氯化锌),Mouthwash (antiseptic),T49.6,X44.-,X64.-,Y14.-,Y56.6
1680,0,双胺噻唑-现译名 地马唑,"Diamthazole, Dimazole",T49.0,X44.-,X64.-,Y14.-,Y56.0
1680,0,双贝特(降血脂药),Simfibrate,T46.6,X44.-,X64.-,Y14.-,Y52.6
1680,0,双苯哌啶(抗组胺药),Benzperidin,T43.5,X41.-,X61.-,Y11.-,Y49.5
1680,0,双苯他胂(抗阿米巴药),Difetarsone,T37.3,X44.-,X64.-,Y14.-,Y41.3
1680,0,双苯酰硫胺(维生素类),Bisbentiamine,T45.2,X44.-,X64.-,Y14.-,Y57.7
1680,0,双苯乙硫酯(解痉药),Thiphenamil,T44.3,X43.-,X63.-,Y13.-,Y51.3
1680,0,双苯茚酮 - 现译名 二苯茚酮,"Diphenadione, Diphacinone",T45.5,X44.-,X64.-,Y14.-,Y44.2
1680,0,双丙酮醇,Diacetone alcohol,T52.4,X46.-,X66.-,Y16.-,
1680,0,双丙戊酸钠(抗惊厥药),Divalproex,T42.6,X41.-,X61.-,Y11.-,Y46.5
1680,0,双醋苯啶-现译名比沙可啶,Bisacodyl,T47.2,X44.-,X64.-,Y14.-,Y53.2
1680,0,双醋瑞因(解热镇痛药),Diacerein,T39.3,X40.-,X60.-,Y10.-,Y45.3
1680,0,双碘喹啉[二碘羟基喹啉],Diiodohydroxyquinoline,T37.8,X44.-,X64.-,Y14.-,Y41.8
1680,0,双碘酪氨酸(甲状腺激素类),Diiodotyrosine,T38.2,X44.-,X64.-,Y14.-,Y42.2
1680,0,双丁硫胺(维生素B₁衍生物),Bisbutiamine,T45.2,X44.-,X64.-,Y14.-,Y57.7
1680,0,双酚沙丁(泻药),Bisoxatin,T47.2,X44.-,X64.-,Y14.-,Y53.2
1680,0,双氟拉松 - 现译名 二氟拉松,Diflorasone,T49.0,X44.-,X64.-,Y14.-,Y56.0
1680,0,双氟尼酸-现译名二氟尼柳,Diflunisal,T39.0,X40.-,X60.-,Y10.-,Y45.1
1680,0,双复磷(解毒药),Obidoxime chloride,T50.6,X44.-,X64.-,Y14.-,Y57.2
1680,0,双环己乙烯哌啶-现译名,Hexadylamine,T46.3,X44.-,X64.-,Y14.-,Y52.3
1680,0,双环维林(解痉药),"Dicyclomine, Dicycloverine",T44.3,X43.-,X63.-,Y13.-,Y51.3
1680,0,双肼,Dihydrazine,T46.5,X44.-,X64.-,Y14.-,Y52.5
1680,0,双肼屈嗪[二肼苯哒嗪](降压药),Dihydralazine,T46.5,X44.-,X64.-,Y14.-,Y52.5
1680,0,双喹醋铵(盐)(消毒防腐剂),Bisdequalinium,T49.6,X44.-,X64.-,Y14.-,Y56.6
1680,0,双硫仑[戒酒硫](抗乙醇中毒药),Disulfiram,T50.6,X44.-,X64.-,Y14.-,Y57.3
1680,0,双硫氰苯(抗蠕虫药),Bitoscanate,T37.4,X44.-,X64.-,Y14.-,Y41.4
1680,0,双氯醇胺- 现译名 克仑特罗,Clenbuterol,T48.6,X44.-,X64.-,Y14.-,Y55.6
1680,0,双氯非那胺,Diclofenamide,T50.2,X44.-,X64.-,Y14.-,Y54.2
1680,0,双氯芬酸钠[双氯高灭酸],Diclofenac,T39.3,X40.-,X60.-,Y10.-,Y45.3
1680,0,双氯酚[二氯芬](抗蠕虫药),Dichlorophen,T37.4,X44.-,X64.-,Y14.-,Y41.4
1681,0,双氯麝酚,Biclotymol,T49.6,X44.-,X64.-,Y14.-,Y56.6
1681,0,双氯西林,Dicloxacillin,T36.0,X44.-,X64.-,Y14.-,Y40.0
1681,0,双吗啉胺-现译名地莫拉明,Dimorpholamine,T50.7,X44.-,X64.-,Y14.-,Y50.0
1681,0,双霉素-现译名 安福霉素,Amfomycin,T36.8,X44.-,X64.-,Y14.-,Y40.8
1681,0,双嘧达莫[潘生丁](冠脉扩张药),Dipyridamole,T46.3,X44.-,X64.-,Y14.-,Y52.3
1681,0,双氢除虫菌素-现译名,Ivermeetin,T37.4,X44.-,X64.-,Y14.-,
1681,0,双氢睾酮(雄激素，同化激素类),Stanolone,T38.7,X44.-,X64.-,Y14.-,Y42.7
1681,0,双氢可待因(酮),"Drocode, Dihydrocodeine",T40.2,X42.-,X62.-,Y12.-,Y45.0
1681,0,双氢克尿噻-现译名氢氯噻嗪,Hydrochlorothiazide,T50.2,X44.-,X64.-,Y14.-,Y54.3
1681,0,双氢链霉素[二氢链霉素](抗生素),Dihydrostreptomycin,T36.5,X44.-,X64.-,Y14.-,Y40.5
1681,0,双氢吗啡酮,Dihydromorphinone,T40.2,X42.-,X62.-,Y12.-,Y45.0
1681,0,双氢麦角胺(抗偏头痛药),"Dihydroergotamine, DHE45",T46.5,X44.-,X64.-,Y14.-,Y52.5
1681,0,双氢麦角考宁[二氢麦角科尔宁],Dihydroergocornine,T46.7,X44.-,X64.-,Y14.-,Y52.7
1681,0,双氢麦角汀(甲磺酸)(交感神经阻滞药),Dihydroergocristine (mesilate),T46.7,X44.-,X64.-,Y14.-,Y52.7
1681,0,双氢麦角隐亭,Dihydroergokryptine,T46.7,X44.-,X64.-,Y14.-,Y52.7
1681,0,双氢速甾醇(维生素类),Dihydrotachysterol,T45.2,X44.-,X64.-,Y14.-,Y54.7
1681,0,双去氧胞苷-现译名扎西他滨,Dideoxycytidine,T37.5,X44.-,X64.-,Y14.-,Y41.5
1681,0,双水杨酯(抗炎镇痛药),Salsalate,T39.0,X40.-,X60.-,Y10.-,Y45.1
1681,0,双脱氧肌苷(抗人体免疫缺陷,Dideoxyinosine,T37.5,X44.-,X64.-,Y14.-,Y41.5
1681,0,双戊烯-又称松油精,Dipentene,T52.8,X46.-,X66.-,Y16.-,
1681,0,双香豆素(抗凝药),"Dicoumarol, dicoumarin",T45.5,X44.-,X64.-,Y14.-,Y44.2
1681,0,双溴丙脒,Dibrompropamidine,T49.0,X44.-,X64.-,Y14.-,Y56.0
1681,0,双异丙酚 -现译名 丙泊酚,Propofol,T41.2,X44.-,X64.-,Y14.-,Y48.2
1681,0,水[水剂],Water,,,,,
1681,1,纯净(水),purified,T50.3,X44.-,X64.-,Y14.-,Y54.6
1681,1,平衡药,balance drug,T50.3,X44.-,X64.-,Y14.-,Y54.6
1681,1,气体,gas,T58,X47.-,X67.-,Y17.-,
1681,1,蒸溜(水),distilled,T50.3,X44.-,X64.-,Y14.-,Y54.6
1681,0,水飞蓟宾(保肝药),Silibinin,T50.9,X44.-,X64.-,Y14.-,Y57.1
1681,0,水飞蓟素[奶蓟素][西利马林],Silymarin,T50.9,X44.-,X64.-,Y14.-,Y57.1
1681,0,水合丁氯醛(安眠药),Butylchloral hydrate,T42.6,X41.-,X61.-,Y11.-,Y47.2
1681,0,水合氢氧化铝(抗酸药),Algeldrate,T47.1,X44.-,X64.-,Y14.-,Y53.1
1681,0,水合氯醛[三氯乙醛],Chloral,T42.6,X41.-,X61.-,Y11.-,Y47.2
1681,0,水杨酸(角质溶解药),Salicylic acid,T49.4,X44.-,X64.-,Y14.-,Y56.4
1681,1,伴有苯甲酸,with benzoic acid,T49.4,X44.-,X64.-,Y14.-,Y56.4
1681,1,衍生物,derivative,T39.0,X40.-,X60.-,Y10.-,Y45.1
1681,0,水杨酸苯酯-现译名萨罗,Salol,T49.3,X44.-,X64.-,Y14.-,Y56.3
1681,0,水杨酸盐NEC,Salicylate NEC,T39.0,X40.-,X60.-,Y10.-,Y45.1
1681,0,水杨酰胺(抗炎镇痛药),Salicylamide,T39.0,X40.-,X60.-,Y10.-,Y45.1
1682,0,水杨酰偶氮磺胺吡啶 - 现译名,Salicylazosulfapyridine,T37.0,X44.-,X64.-,Y14.-,Y41.0
1682,0,水杨烟肼(抗结核药),Salinazid,T37.1,X44.-,X64.-,Y14.-,Y41.1
1682,0,顺铂(抗肿瘤药),Cisplatin,T45.1,X44.-,X64.-,Y14.-,Y43.3
1682,0,司巴丁[金雀花碱](抗心律失常药),Sparteine,T48.0,X44.-,X64.-,Y14.-,Y55.0
1682,0,司可巴比妥[速可眠][西可巴比妥](催眠药),"Meballymal, Quinalbarbital, Secobarbital",T42.3,X41.-,X61.-,Y11.-,
1682,0,司可巴比妥钠,Quinalbarbitone sodium,T42.3,X41.-,X61.-,Y11.-,Y47.0
1682,0,司来吉兰(食欲抑制药),"Deprenyl, Selegiline",T42.8,X41.-,X61.-,Y11.-,Y46.7
1682,0,司莫司汀(抗肿瘤药),Semustine,T45.1,X44.-,X64.-,Y14.-,Y43.3
1682,0,司他斯汀(抗组胺药),Setastine,T45.0,X44.-,X64.-,Y14.-,Y43.0
1682,0,司坦唑醇(雄激素，同化激素类),Stanozolol,T38.7,X44.-,X64.-,Y14.-,Y42.7
1682,0,司替氨酯(解痉药),Styramate,T42.8,X41.-,X61.-,Y11.-,Y46.8
1682,0,司替罗宁(保肝药),Stepronin,T48.4,X44.-,X64.-,Y14.-,Y55.4
1682,0,司托哌隆(抗精神病药),Setoperone,T43.5,X41.-,X61.-,Y11.-,Y49.5
1682,0,丝拉克肽(促皮质激素类),Seractide,T38.8,X44.-,X64.-,Y14.-,Y42.8
1682,0,丝裂霉素(抗肿瘤药),Mitomycin,T45.1,X44.-,X64.-,Y14.-,Y43.3
1682,0,"松弛药, 肌肉","Relaxant, muscle",,,,,
1682,1,骨骼(肌)NEC,skeletal NEC,T48.1,X44.-,X64.-,Y14.-,Y55.1
1682,1,麻醉,anesthetic,T48.1,X44.-,X64.-,Y14.-,Y55.1
1682,1,平滑(肌)NEC,smooth NEC,T44.3,X43.-,X63.-,Y13.-,Y51.3
1682,0,松达氯铵[氯化氯异吲哚铵],Chlorisondamine chloride,T46.9,X44.-,X64.-,Y14.-,Y52.9
1682,0,松节油(醑剂),Turpentine (spirits of),T52.8,X46.-,X66.-,Y16.-,
1682,1,蒸气,vapor,T52.8,X46.-,X66.-,Y16.-,
1682,0,松齐拉敏(全身性)(抗组胺药),Thonzylamine (systemic),T45.0,X44.-,X64.-,Y14.-,Y43.0
1682,1,粘膜减充血剂,mucosal decongestant,T48.5,X44.-,X64.-,Y14.-,Y55.5
1682,0,松香粘剂,Colophony adhesive,T49.3,X44.-,X64.-,Y14.-,Y56.3
1682,0,松油(消毒剂),Pine oil (disinfectant),T65.8,X49.-,X69.-,Y19.-,
1682,0,松油精-现译名 双戊烯,Dipentene,T52.8,X46.-,X66.-,Y16.-,
1682,0,苏打(苛性),Soda (caustic),T54.3,X49.-,X69.-,Y19.-,
1682,0,苏木精-现译名 正铁血红素,Hematin,T45.8,X44.-,X64.-,Y14.-,Y44.9
1682,0,速可眠-现译名 司可巴比妥,Meballymal,T42.3,X41.-,X61.-,Y11.-,Y47.0
1682,0,速灭磷[磷君],Mevinphos,T60.0,X48.-,X68.-,Y18.-,
1682,0,塑料敷料,Plastic dressing,T49.3,X44.-,X64.-,Y14.-,Y56.3
1682,0,酸(腐蚀剂)NEC,Acid (corrosive) NEC,T54.2,X49.-,X69.-,Y19.-,
1682,0,酸化剂 NEC,Acidifying agent NEC,T50.9,X44.-,X64.-,Y14.-,Y43.5
1682,0,酸性蓝(诊断用药),Sulphan blue,T50.8,X44.-,X64.-,Y14.-,Y57.6
1682,0,髓(牙),Pulp,,,,,
1682,1,敷料,dressing,T49.7,X44.-,X64.-,Y14.-,Y56.7
1682,1,失活糊剂,devitalizing paste,T49.7,X44.-,X64.-,Y14.-,Y56.7
1682,0,羧苄青霉素-现译名羧苄西林,Carbenicillin,T36.0,X44.-,X64.-,Y14.-,Y40.0
1682,0,羧苄青霉素苯酯- 现译名,Carfecillin,T36.0,X44.-,X64.-,Y14.-,Y40.0
1682,0,羧苄西林[羧苄青霉素](抗生素),Carbenicillin,T36.0,X44.-,X64.-,Y14.-,Y40.0
1682,0,羧丙烯胺-现译名卡巴明树脂,Carbacrylamine (resin),T50.3,X44.-,X64.-,Y14.-,Y54.6
1682,0,羧甲司坦(祛痰药),S-Carboxymethylcysteine,T48.4,X44.-,X64.-,Y14.-,Y55.4
1683,0,羧甲纤维素(导泻药),Carmellose,T47.4,X44.-,X64.-,Y14.-,Y53.4
1683,0,羧茚青霉素- 现译名 卡茚西林,Carindacillin,T36.0,X44.-,X64.-,Y14.-,Y40.0
1683,0,缩宫素[催产素](合成的),Oxytocin (synthetic),T48.0,X44.-,X64.-,Y14.-,Y55.0
1683,0,缩醛(安眠药),Acetal,T52.8,X46.-,X66.-,Y16.-,
1683,0,缩瞳药,Miotic drug,T49.5,X44.-,X64.-,Y14.-,Y56.5
1683,0,索布瑞醇(粘液溶解药),Sobrerol,T48.4,X44.-,X64.-,Y14.-,Y55.4
1683,0,索他洛尔(β受体阻滞药),Sotalol,T44.7,X43.-,X63.-,Y13.-,Y51.7
1684,0,他布比妥(镇静催眠药),Talbutal,T42.3,X41.-,X61.-,Y11.-,Y47.0
1684,0,他克林(箭毒拮抗药),Tacrine,T44.0,X43.-,X63.-,Y13.-,Y51.0
1684,0,他莫昔芬[三苯氧胺],Tamoxifen,T38.6,X44.-,X64.-,Y14.-,Y42.6
1684,0,胎盘激素,Placental hormone,T38.8,X44.-,X64.-,Y14.-,Y42.8
1684,0,肽磺胺噻唑[邻苯二甲酰,Phthalylsulfathiazole,T37.0,X44.-,X64.-,Y14.-,Y41.0
1684,0,肽酸酐 - 现译名 邻苯二甲酸酐,Phthalic anhydride,T65.8,X49.-,X69.-,Y19.-,
1684,0,肽酸盐-现译名邻苯二甲酸酯,Phthalates,T65.8,X49.-,X69.-,Y19.-,
1684,0,钛(化合物)(蒸气),Titanium (compounds),T56.8,X49.-,X69.-,Y19.-,
1684,1,二氧化(钛),dioxide,T49.3,X44.-,X64.-,Y14.-,Y56.3
1684,1,四氯化(钛),tetrachloride,T65.8,X49.-,X69.-,Y19.-,
1684,1,氧化(钛),oxide,T49.3,X44.-,X64.-,Y14.-,Y56.3
1684,0,泰巴氨酯(安定药),Tybamate,T43.5,X41.-,X61.-,Y11.-,Y49.5
1684,0,泰洛沙泊(表面活性药),Tyloxapol,T48.4,X44.-,X64.-,Y14.-,Y55.4
1684,0,泰马唑啉(血管收缩药),Tymazoline,T48.5,X44.-,X64.-,Y14.-,Y55.5
1684,0,酞氨西林(抗生素),Talampicillin,T36.0,X44.-,X64.-,Y14.-,Y40.0
1684,0,弹性酶,Elastase,T47.5,X44.-,X64.-,Y14.-,Y53.5
1684,0,痰易净 - 现译名 乙酰半胱氨酸,Acetylcysteine,T48.4,X44.-,X64.-,Y14.-,Y55.4
1684,0,碳,Carbon,,,,,
1684,1,氧化(碳)(由于不完全燃烧),monoxide (from incomplete,T58,X47.-,X67.-,Y17.-,
1684,1,二氧化(碳)(气体),dioxide (gas),T59.7,X47.-,X67.-,Y17.-,
1684,2,非药用,nonmedicinal,T59.7,X47.-,X67.-,Y17.-,
1684,2,雪,snow,T49.4,X44.-,X64.-,Y14.-,Y56.4
1684,1,二硫化(碳)(液体),"disulfide,bisulfide (liquid)",T65.4,X49.-,X69.-,Y19.-,
1684,2,蒸气,vapor,T65.4,X47.-,X67.-,Y17.-,
1684,2,药用,medicinal,T41.5,X44.-,X64.-,Y14.-,Y48.5
1684,1,四氯化(碳)(蒸气)NEC,tetrachloride (vapor) NEC,T53.0,X46.-,X66.-,Y16.-,
1684,2,溶剂,solvent,T53.0,X46.-,X66.-,Y16.-,
1684,2,液体(清洁剂)NEC,liquid(cleansing agent),T53.0,X46.-,X66.-,Y16.-,
1684,0,碳氯灵(杀虫药),Isobenzan,T60.1,X48.-,X68.-,Y18.-,
1684,0,碳酸气体,Carbonic acid gas,T59.7,X47.-,X67.-,Y17.-,
1684,1,脱水酶抑制剂NEC,anhydrase inhibitor NEC,T50.2,X44.-,X64.-,Y14.-,Y54.2
1684,0,碳酰胆碱- 现译名卡巴胆碱,Carbachol,T44.1,X43.-,X63.-,Y13.-,Y51.1
1684,0,碳酰氯 -现译名 光气,Phosgene (gas),T59.8,X47.-,X67.-,Y17.-,
1684,0,糖精,Saccharin,T50.9,X44.-,X64.-,Y14.-,Y57.4
1684,0,糖皮质激素,Glucocorticoid,T38.0,X44.-,X64.-,Y14.-,Y42.0
1684,0,糖皮质类固醇,Glucocorticosteroid,T38.0,X44.-,X64.-,Y14.-,Y42.0
1684,0,特布他林[叔丁喘宁素],Terbutaline,T48.6,X44.-,X64.-,Y14.-,Y55.6
1684,0,特丁磷,Terbufos,T60.0,X48.-,X68.-,Y18.-,
1684,0,特非那定(抗组胺药),Terfenadine,T45.0,X44.-,X64.-,Y14.-,Y43.0
1685,0,特康唑(抗真菌药),Terconazole,T49.0,X44.-,X64.-,Y14.-,Y56.0
1685,0,特拉唑嗪[四喃唑嗪](降压药),Terazosin,T44.6,X43.-,X63.-,Y13.-,Y51.6
1685,0,特立齐酮(抗感染药),Terizidone,T37.1,X44.-,X64.-,Y14.-,Y41.1
1685,0,特利加压素(抗利尿剂，,Terlipressin,T38.8,X44.-,X64.-,Y14.-,Y42.8
1685,0,特罗地林(冠脉扩张药),Terodiline,T46.3,X44.-,X64.-,Y14.-,Y52.3
1685,0,特他洛尔(β受体阻滞药),Tertatolol,T44.7,X43.-,X63.-,Y13.-,Y51.7
1685,0,特戊酰茚二酮(杀鼠药),Pindone,T60.4,X48.-,X68.-,Y18.-,
1685,0,滕喜隆(抗胆碱酯酶药),Edrophonium,T44.0,X43.-,X63.-,Y13.-,Y51.0
1685,1,氯化物[依酚氯铵](箭毒拮抗药),chloride,T44.0,X43.-,X63.-,Y13.-,Y51.0
1685,0,惕各酰莨菪碱 - 现译名,Tigloidine,T44.3,X43.-,X63.-,Y13.-,Y51.3
1685,0,锑(化合物)(蒸气)NEC,Antimony(compounds),T56.8,X49.-,X69.-,Y19.-,
1685,1,二巯基琥珀酸(锑),dimercaptosuccinate,T37.3,X44.-,X64.-,Y14.-,Y41.3
1685,1,二巯基琥珀酸(锑)钠,sodium dimercapto-,T37.3,X44.-,X64.-,Y14.-,Y41.3
1685,1,酒石酸(锑)甲(钠),potassium (sodium),T50.3,X44.-,X64.-,Y14.-,Y54.9
1685,1,氢化(锑),hydride,T56.8,X49.-,X69.-,Y19.-,
1685,1,杀虫药(蒸气),pesticide (vapor),T60.8,X48.-,X68.-,Y18.-,
1685,0,锑化氢,Stibine,T56.8,X49.-,X69.-,Y19.-,
1685,0,替苯丙胺(中枢兴奋药),Tenamfetamine,T43.6,X41.-,X61.-,Y11.-,Y49.7
1685,0,替芬那米(解痉药),Tifenamil,T44.3,X43.-,X63.-,Y13.-,Y51.3
1685,0,替格洛定[惕各酰莨菪碱],Tigloidine,T44.3,X43.-,X63.-,Y13.-,Y51.3
1685,0,替加氟[喃氟啶](抗肿瘤药),"Tegafur, Ftorafur",T45.1,X44.-,X64.-,Y14.-,Y43.1
1685,0,替卡西林(抗生素),Ticarcillin,T36.0,X44.-,X64.-,Y14.-,Y40.0
1685,0,替考拉宁(抗生素),Teicoplanin,T36.8,X44.-,X64.-,Y14.-,Y40.8
1685,0,替可克肽(促皮质素类),"Cosyntropin, Tetracosactide",T38.8,X44.-,X64.-,Y14.-,Y42.8
1685,0,替克拉酮(抗真菌药),Ticlatone,T49.0,X44.-,X64.-,Y14.-,Y56.0
1685,0,替克洛占(抗阿米巴药),Teclozan,T37.3,X44.-,X64.-,Y14.-,Y41.3
1685,0,替喹溴铵(抗胆碱药),Tiquizium bromide,T44.3,X43.-,X63.-,Y13.-,Y51.3
1685,0,替拉曲考(甲状腺激素类),Tiratricol,T38.1,X44.-,X64.-,Y14.-,Y42.1
1685,0,替来他明(麻醉药，抗惊厥药),Tiletamine,T41.2,X44.-,X64.-,Y14.-,Y48.2
1685,0,替利定(麻醉药),Tilidine,T40.4,X42.-,X62.-,Y12.-,Y45.0
1685,0,替马西泮(安定药),Temazepam,T42.4,X41.-,X61.-,Y11.-,Y47.1
1685,0,替米哌隆(抗精神病药),Timiperone,T43.4,X41.-,X61.-,Y11.-,Y49.4
1685,0,替莫西林(抗感染药),Temocillin,T36.0,X44.-,X64.-,Y14.-,Y40.0
1685,0,替尼泊苷[鬼臼噻吩苷](抗肿瘤药),Teniposide,T45.1,X44.-,X64.-,Y14.-,Y43.3
1685,0,替尼酸(利尿剂，降压药),"Ticrynafen, Tienilic acid",T50.1,X44.-,X64.-,Y14.-,Y54.4
1685,0,替诺立定(抗炎镇痛药),Tinoridine,T39.8,X40.-,X60.-,Y10.-,Y45.8
1685,0,替诺尼唑(抗感染药),Tenonitrozole,T37.3,X44.-,X64.-,Y14.-,Y41.3
1685,0,替诺昔康(抗炎镇痛药),Tenoxicam,T39.3,X40.-,X60.-,Y10.-,Y45.3
1685,0,替培啶(镇咳药),Tipepidine,T48.3,X44.-,X64.-,Y14.-,Y55.3
1685,0,替普罗肽(降压药),Teprotide,T46.5,X44.-,X64.-,Y14.-,Y52.5
1686,0,替索激酶(血栓溶解药),Tisokinase,T45.5,X44.-,X64.-,Y14.-,Y44.2
1686,0,替托尼定(解痉药),Tizanidine,T42.8,X41.-,X61.-,Y11.-,Y46.8
1686,0,替沃噻吨(抗精神病药),"Thiothixene, Tiotixene",T43.4,X41.-,X61.-,Y11.-,Y49.4
1686,0,替硝唑(抗滴虫药),Tinidazole,T37.3,X44.-,X64.-,Y14.-,Y41.3
1686,0,天花疫苗,Smallpox vaccine,T50.9,X44.-,X64.-,Y14.-,Y59.0
1686,0,天青树脂(诊断用药),Azuresin,T50.8,X44.-,X64.-,Y14.-,Y57.6
1686,0,天然气,Natural gas,T59.8,X47.-,X67.-,Y17.-,
1686,1,不完全燃烧,incomplete combustion,T58,X47.-,X67.-,Y17.-,
1686,0,田乐磷(农药),Demephion -O and -S,T60.0,X48.-,X68.-,Y18.-,
1686,0,甜菜碱(利胆药),Betaine,T47.5,X44.-,X64.-,Y14.-,Y53.5
1686,0,甜硝酒(心脏兴奋药),Sweet niter spirit,T46.3,X44.-,X64.-,Y14.-,Y52.3
1686,0,萜品醇(祛痰药),Terpin(cis) hydrate,T48.4,X44.-,X64.-,Y14.-,Y55.4
1686,0,铁(化合物)(药用)NEC,"Iron, Ferrum (compounds)",T45.4,X44.-,X64.-,Y14.-,Y44.0
1686,1,铵,ammonium,T45.4,X44.-,X64.-,Y14.-,Y44.0
1686,1,非药用,nonmedicinal,T56.8,X49.-,X69.-,Y19.-,
1686,1,右旋糖酐(铁)注射液,dextran injection,T45.4,X44.-,X64.-,Y14.-,Y44.0
1686,1,山黎醇(铁),sorbitex,T45.4,X44.-,X64.-,Y14.-,Y44.0
1686,1,山黎糖醇(铁)柠檬酸复合物,sorbitol citric acid complex,T45.4,X44.-,X64.-,Y14.-,Y44.0
1686,1,盐,salts,T45.4,X44.-,X64.-,Y14.-,Y44.0
1686,0,铁胆盐(抗贫血药),Ferrocholinate,T45.4,X44.-,X64.-,Y14.-,Y44.0
1686,0,铁蛋白,Ferritin,T45.4,X44.-,X64.-,Y14.-,Y44.0
1686,0,铜(粉尘)(烟雾)(非药用)NEC,Copper (dust)(fumes),T56.4,X49.-,X69.-,Y19.-,
1686,1,硫酸(铜),sulfate,T56.4,X49.-,X69.-,Y19.-,
1686,2,药用,medicinal,T49.6,X44.-,X64.-,Y14.-,Y56.6
1686,3,眼,eye,T49.5,X44.-,X64.-,Y14.-,Y56.5
1686,1,葡萄糖酸(铜),gluconate,T49.0,X44.-,X64.-,Y14.-,Y56.0
1686,1,砷酸(铜)，亚砷酸(铜),"arsenate, arsenite",T57.0,X48.-,X68.-,Y18.-,
1686,2,杀虫药,insecticide,T60.2,X48.-,X68.-,Y18.-,
1686,1,药用(微量),medicinal (trace),T45.8,X44.-,X64.-,Y14.-,Y44.1
1686,1,油酸(铜),oleate,T49.0,X44.-,X64.-,Y14.-,Y56.0
1686,0,铜绿,Verdigris,T60.3,X48.-,X68.-,Y18.-,
1686,0,酮醇,Ketols,T52.4,X46.-,X66.-,Y16.-,
1686,0,酮康唑(抗真菌药),Ketoconazole,T49.0,X44.-,X64.-,Y14.-,Y56.0
1686,0,酮洛芬(抗炎镇痛药),Ketoprofen,T39.3,X40.-,X60.-,Y10.-,Y45.2
1686,0,酮洛酸(抗炎镇痛药),Ketorolac,T39.8,X40.-,X60.-,Y10.-,Y45.8
1686,0,"酮替芬(抗组胺药,平喘药)",Ketotifen,T45.0,X44.-,X64.-,Y14.-,Y43.0
1686,0,酮油,Ketone oils,T52.4,X46.-,X66.-,Y16.-,
1686,0,头孢氨苄[苯甘孢霉素],Cefalexin,T36.1,X44.-,X64.-,Y14.-,Y40.1
1686,0,头孢呋辛(抗生素),Cefuroxime,T36.1,X44.-,X64.-,Y14.-,Y40.1
1686,0,头孢磺啶(抗生素),Cefsulodin,T36.1,X44.-,X64.-,Y14.-,Y40.1
1686,0,头孢甲肟(抗生素),Cefmenoxime,T36.1,X44.-,X64.-,Y14.-,Y40.1
1686,0,头孢菌素类(抗生素),Cefalosporins,T36.1,X44.-,X64.-,Y14.-,Y40.1
1686,0,头孢克洛(抗生素),Cefaclor,T36.1,X44.-,X64.-,Y14.-,Y40.1
1686,0,头孢克肟(抗生素),Cefixime,T36.1,X44.-,X64.-,Y14.-,Y40.1
1687,0,头孢拉定[头孢雷定](抗生素),"Cefradine, Cephradine",T36.1,X44.-,X64.-,Y14.-,Y40.1
1687,0,头孢拉宗(抗生素),Cefbuperazone,T36.1,X44.-,X64.-,Y14.-,Y40.1
1687,0,头孢来星(抗生素),Cefaloglycin,T36.1,X44.-,X64.-,Y14.-,Y40.1
1687,0,头孢雷定 - 现译名 头孢拉定,Cephradine,T36.1,X44.-,X64.-,Y14.-,Y40.1
1687,0,头孢雷特(抗生素),Ceforanide,T36.1,X44.-,X64.-,Y14.-,Y40.1
1687,0,头孢立新 - 现译名 头孢氨苄,Cefalexin,T36.1,X44.-,X64.-,Y14.-,Y40.1
1687,0,头孢美唑(抗生素),Cefmetazole,T36.1,X44.-,X64.-,Y14.-,Y40.1
1687,0,头孢孟多(抗生素),Cefamandole,T36.1,X44.-,X64.-,Y14.-,Y40.1
1687,0,头孢咪唑(抗生素),"Cefpimizole, Cefazolin",T36.1,X44.-,X64.-,Y14.-,Y40.1
1687,0,头孢米诺(抗生素),Cefminox,T36.1,X44.-,X64.-,Y14.-,Y40.1
1687,0,头孢尼西(抗生素),Cefonicid,T36.1,X44.-,X64.-,Y14.-,Y40.1
1687,0,头孢哌酮(抗生素),Cefoperazone,T36.1,X44.-,X64.-,Y14.-,Y40.1
1687,0,头孢匹胺(抗生素),Cefpiramide,T36.1,X44.-,X64.-,Y14.-,Y40.1
1687,0,头孢匹林(抗生素),Cefapirin,T36.1,X44.-,X64.-,Y14.-,Y40.1
1687,0,头孢羟氨苄(抗生素),Cefadroxil,T36.1,X44.-,X64.-,Y14.-,Y40.1
1687,0,头孢曲秦(抗生素),Cefatrizine,T36.1,X44.-,X64.-,Y14.-,Y40.1
1687,0,头孢曲松(抗生素),Ceftriaxone,T36.1,X44.-,X64.-,Y14.-,Y40.1
1687,0,头孢噻啶(抗生素),"Cefaloridine, Cephaloridine",T36.1,X44.-,X64.-,Y14.-,Y40.1
1687,0,头孢噻吩[噻孢霉素](抗生素),"Cephalothin, Cephalotin",T36.1,X44.-,X64.-,Y14.-,Y40.1
1687,0,头孢噻肟(抗生素),Cefotaxime,T36.1,X44.-,X64.-,Y14.-,Y40.1
1687,0,头孢沙定(抗生素),Cefroxadine,T36.1,X44.-,X64.-,Y14.-,Y40.1
1687,0,头孢他啶(抗生素),Ceftazidime,T36.1,X44.-,X64.-,Y14.-,Y40.1
1687,0,头孢他美(抗生素),Cefetamet,T36.1,X44.-,X64.-,Y14.-,Y40.1
1687,0,头孢特仑(抗生素),Cefteram,T36.1,X44.-,X64.-,Y14.-,Y40.1
1687,0,头孢替安(抗生素),Cefotiam,T36.1,X44.-,X64.-,Y14.-,Y40.1
1687,0,头孢替坦(抗生素),Cefotetan,T36.1,X44.-,X64.-,Y14.-,Y40.1
1687,0,头孢替唑(抗生素),Ceftezole,T36.1,X44.-,X64.-,Y14.-,Y40.1
1687,0,头孢西丁(抗生素),Cefoxitin,T36.1,X44.-,X64.-,Y14.-,Y40.1
1687,0,头孢西酮(抗生素),Cefazedone,T36.1,X44.-,X64.-,Y14.-,Y40.1
1687,0,头孢乙腈(抗生素),Cefacetrile,T36.1,X44.-,X64.-,Y14.-,Y40.1
1687,0,头孢唑南(抗生素),Cefuzonam,T36.1,X44.-,X64.-,Y14.-,Y40.1
1687,0,头孢唑肟(抗生素),Ceftizoxime,T36.1,X44.-,X64.-,Y14.-,Y40.1
1687,0,头发,Hair,,,,,
1687,1,染剂,dye,T49.4,X44.-,X64.-,Y14.-,Y56.4
1687,1,制剂 NEC,preparation NEC,T49.4,X44.-,X64.-,Y14.-,Y56.4
1687,0,头霉素抗生素,Cefamycin antibiotic,T36.1,X44.-,X64.-,Y14.-,Y40.1
1687,0,透析溶液(腹膜内的),Dialysis solution,T50.3,X44.-,X64.-,Y14.-,Y54.6
1687,0,土荆芥,Chenopodium,T37.4,X44.-,X64.-,Y14.-,Y41.4
1687,0,土荆芥油-现译名驱蛔素,Ascaridole,T37.4,X44.-,X64.-,Y14.-,Y41.4
1687,0,土霉素[氧四环素],Oxytetracycline,T36.4,X44.-,X64.-,Y14.-,Y40.4
1687,0,土木香粉-现译名 菊糖,Inulin,T50.8,X44.-,X64.-,Y14.-,Y57.6
1687,0,吐根,"Ipecacuanha, ipecac",T48.4,X44.-,X64.-,Y14.-,Y55.4
1687,0,吐根碱-现译名依米丁,Emetine,T37.3,X44.-,X64.-,Y14.-,Y41.3
1687,0,吐酒石-现译名酒石酸锑钾,Tartar emetic,T37.8,X44.-,X64.-,Y14.-,Y41.8
1688,0,托巴辛[二苯乙酸莨菪酯],Tropacine,T44.3,X43.-,X63.-,Y13.-,Y51.3
1688,0,托吡卡胺(抗胆碱药，散瞳药),Tropicamide,T44.3,X43.-,X63.-,Y13.-,Y51.3
1688,0,托非索泮(抗抑郁药，抗焦虑药),Tofisopam,T42.4,X41.-,X61.-,Y11.-,Y47.1
1688,0,托芬那酸[托灭酸],Tolfenamic acid,T39.3,X40.-,X60.-,Y10.-,Y45.3
1688,0,托喹嗪(抗胆碱药),Toquizine,T44.3,X43.-,X63.-,Y13.-,Y51.3
1688,0,托洛尼定(降压药),Tolonidine,T46.5,X44.-,X64.-,Y14.-,Y52.5
1688,0,托洛沙酮[甲苯噁酮],Toloxatone,T42.6,X41.-,X61.-,Y11.-,Y47.8
1688,0,托美丁(抗炎镇痛药),Tolmetin,T39.3,X40.-,X60.-,Y10.-,Y45.3
1688,0,托米多林- 现译名依托多林,Etomidoline,T44.3,X43.-,X63.-,Y13.-,Y51.3
1688,0,托萘酯(抗真菌药),Tolnaftate,T49.0,X44.-,X64.-,Y14.-,Y56.0
1688,0,托哌酮(解痉药),Tolperisone,T44.3,X43.-,X63.-,Y13.-,Y51.3
1688,0,托屈嗪(降压药),Todralazine,T46.5,X44.-,X64.-,Y14.-,Y52.5
1688,0,托瑞米芬(雌激素拮抗药),Toremifene,T38.6,X44.-,X64.-,Y14.-,Y42.6
1688,0,托西拉酯(抗真菌药),Tolciclate,T49.0,X44.-,X64.-,Y14.-,Y56.0
1688,0,托西硝乙胺(冠脉扩张药),Itramin tosilate,T46.3,X44.-,X64.-,Y14.-,Y52.3
1688,0,托西溴苄铵(抗心律失常药),Bretylium tosilate,T46.2,X44.-,X64.-,Y14.-,Y52.2
1688,0,拖拉机燃料NEC,Tractor fuel NEC,T52.0,X46.-,X66.-,Y16.-,
1688,0,脱氨-D-精氨酸后叶加压素,Deamino-D-arginine,T38.8,X44.-,X64.-,Y14.-,Y42.8
1688,0,脱甲丙咪嗪-现译名地昔帕明,Desipramine,T43.0,X41.-,X61.-,Y11.-,Y49.0
1688,0,脱甲金霉素-现译名地美环素,Demeclocycline,T36.4,X44.-,X64.-,Y14.-,Y40.4
1688,0,脱甲氧利血平-现译名地舍平,Deserpidine,T46.5,X44.-,X64.-,Y14.-,Y52.5
1688,0,脱毛(发)药,Depilatory,T49.4,X44.-,X64.-,Y14.-,Y56.4
1688,0,脱氧核糖核酸酶(胰的),"Deoxyribonuclease, Dornase",T45.3,X44.-,X64.-,Y14.-,Y43.6
1688,0,脱氧麻黄碱-现译名,Desoxyephedrine,T43.6,X41.-,X61.-,Y11.-,Y49.7
1688,0,脱氧皮质酮-现译名,Desoxycortone,T50.0,X44.-,X64.-,Y14.-,Y54.0
1688,0,脱氧巴比妥类,Deoxybarbiturates,T42.3,X41.-,X61.-,Y11.-,Y46.3
1688,0,脱氧肾上腺素,Oxedrine,T44.4,X43.-,X63.-,Y13.-,Y51.4
1688,0,脱乙酰基毛花洋地黄苷C,Deslanoside,T46.0,X44.-,X64.-,Y14.-,Y52.0
1688,0,铊(化合物)(粉尘)NEC,Thallium (compounds),T60.4,X48.-,X68.-,Y18.-,
1688,1,杀虫药,pesticide,T60.4,X48.-,X68.-,Y18.-,
1688,0,妥布霉素,Tobramycin,T36.5,X44.-,X64.-,Y14.-,Y40.5
1688,0,妥卡尼(抗心律失常药),Tocainide,T46.2,X44.-,X64.-,Y14.-,Y52.2
1688,0,妥拉磺脲(降血糖药),Tolazamide,T38.3,X44.-,X64.-,Y14.-,Y42.3
1688,0,妥拉洛尔(β受体阻滞药),Tolamolol,T44.7,X43.-,X63.-,Y13.-,Y51.7
1688,0,妥拉唑林(血管扩张药),Tolazoline,T46.7,X44.-,X64.-,Y14.-,Y52.7
1688,0,妥洛特罗(支气管扩张药),Tulobuterol,T48.6,X44.-,X64.-,Y14.-,Y55.6
1689,0,五氟利多(抗精神病药),Penfluridol,T43.5,X41.-,X61.-,Y11.-,Y49.5
1689,0,五甲哌啶 - 现译名 潘必啶,Pempidine,T44.2,X43.-,X63.-,Y13.-,Y51.2
1689,0,五甲溴铵,Pentamethonium bromide,T44.2,X43.-,X63.-,Y13.-,Y51.2
1689,0,五氯苯酚(杀虫药),Pentachlorophenol,T60.3,X48.-,X68.-,Y18.-,
1689,0,五氯萘,Pentachloronaphthalene,T53.7,X46.-,X66.-,Y16.-,
1689,0,五氯乙烷,"Pentachloroethane,Pentalin",T53.6,X46.-,X66.-,Y16.-,
1689,0,五肽胃泌素(诊断用药),Pentagastrin,T50.8,X44.-,X64.-,Y14.-,Y57.6
1689,0,哇巴因 - 现译名 毒毛花苷 G,Ouabain(e),T46.0,X44.-,X64.-,Y14.-,Y52.0
1689,0,外用酒精,Rubbing alcohol,T51.2,X45.-,X65.-,Y15.-,
1689,0,烷基化药NEC,Alkylating drug NEC,T45.1,X44.-,X64.-,Y14.-,Y43.3
1689,1,抗骨髓组织增殖的,antimyeloproliferative,T45.1,X44.-,X64.-,Y14.-,Y43.3
1689,1,淋巴的,lymphatic,T45.1,X44.-,X64.-,Y14.-,Y43.3
1689,0,万古霉素(抗生素),Vancomycin,T36.8,X44.-,X64.-,Y14.-,Y40.8
1689,0,王水,Nitrohydrochloric acid,T54.2,X49.-,X69.-,Y19.-,
1689,0,微量元素NEC,Trace element NEC,T45.8,X44.-,X64.-,Y14.-,Y57.8
1689,0,维A酸(皮肤科用药),Tretinoin,T49.0,X44.-,X64.-,Y14.-,Y56.0
1689,0,维尔烯酸盐 - 现译名 依地酸盐,Versenate,T50.6,X44.-,X64.-,Y14.-,Y57.2
1689,0,维吉霉素,Virginiamycin,T36.8,X44.-,X64.-,Y14.-,Y40.8
1689,0,维库溴铵(神经肌肉阻断药),Vecuronium bromide,T48.1,X44.-,X64.-,Y14.-,Y55.1
1689,0,维喹地尔(血管扩张药),Viquidil,T46.7,X44.-,X64.-,Y14.-,Y52.7
1689,0,维拉帕米[异搏定][戊脉安],"Verapamil, Iproveratril",T46.1,X44.-,X64.-,Y14.-,Y52.1
1689,0,维洛沙秦(抗抑郁药),Viloxazine,T43.2,X41.-,X61.-,Y11.-,Y49.2
1689,0,维米醇(镇痛药),Viminol,T39.8,X40.-,X60.-,Y10.-,Y45.8
1689,0,维曲布汀(子宫松弛药),Vetrabutine,T48.0,X44.-,X64.-,Y14.-,Y55.0
1689,0,维生素A[视黄醇][抗干眼醇],"Retinol, Axerophthol",T45.2,X44.-,X64.-,Y14.-,Y57.7
1689,0,维生素 A 油剂,Oleovitamin A,T45.2,X44.-,X64.-,Y14.-,Y57.7
1689,0,维生素B₁[抗神经炎素][硫胺],"Aneurine, Thiamine",T45.2,X44.-,X64.-,Y14.-,Y57.7
1689,0,维生素B2[核黄素],Riboflavin,T45.2,X44.-,X64.-,Y14.-,Y57.7
1689,0,维生素B4-现译名 腺嘌呤,Adenine,T45.2,X44.-,X64.-,Y14.-,Y57.7
1689,0,维生素B6[吡多辛],Pyridoxine,T45.2,X44.-,X64.-,Y14.-,Y57.7
1689,0,维生素B12[氰钴胺],Cyanocobalamin,T45.8,X44.-,X64.-,Y14.-,Y44.1
1689,0,维生素B12a--现译名羟钴胺,Hydroxocobalamin,T45.8,X44.-,X64.-,Y14.-,Y44.1
1689,0,维生素C-现译名抗坏血酸,Ascorbic acid,T45.2,X44.-,X64.-,Y14.-,Y57.7
1689,0,维生素D2[骨化醇][麦角钙化醇],"Calciferol, Ergocalciferol",T45.2,X44.-,X64.-,Y14.-,Y54.7
1689,0,维生素D3[胆骨化醇],Cholecalciferol,T45.2,X44.-,X64.-,Y14.-,Y54.7
1689,0,维生素E[生育酚],"Tocoferol, Tocopherol",T45.2,X44.-,X64.-,Y14.-,Y57.7
1689,1,乙酸盐,acetate,T45.2,X44.-,X64.-,Y14.-,Y57.7
1689,0,维生素H-现译名生物素,Biotin,T45.2,X44.-,X64.-,Y14.-,Y57.7
1689,0,维生素K1[叶绿醌][植物甲萘醌],Phytomenadione,T45.7,X44.-,X64.-,Y14.-,Y44.3
1689,0,维生素K2-现译名四烯甲萘醌,"Menatetrenone, Menaquinone",T45.7,X44.-,X64.-,Y14.-,Y44.3
1690,0,维生素 K₃- 现译名 甲萘醌,"Menaphthone, Menadione",T45.7,X44.-,X64.-,Y14.-,Y44.3
1690,0,维生素 NEC,Vitamin NEC,T45.2,X44.-,X64.-,Y14.-,Y57.7
1690,1,维生素B NEC,B NEC,T45.2,X44.-,X64.-,Y14.-,Y57.7
1690,2,烟酸,nicotinic acid,T46.7,X44.-,X64.-,Y14.-,Y52.7
1690,1,E乙酸盐,E acetate,T45.2,X44.-,X64.-,Y14.-,Y57.7
1690,1,抗溃疡的[维生素U],ulceroprotectant,T47.1,X44.-,X64.-,Y14.-,Y53.1
1690,1,烟酸[抗糙皮病维生素],PP,T45.2,X44.-,X64.-,Y14.-,Y57.7
1690,0,维生素P4-现译名曲克芦丁,Troxerutin,T46.9,X44.-,X64.-,Y14.-,Y52.9
1690,0,维司那定[氢吡豆素](冠脉扩张药),Visnadine,T46.3,X44.-,X64.-,Y14.-,Y52.3
1690,0,维也纳,Vienna,,,,,
1690,1,红,red,T57.0,X49.-,X69.-,Y19.-,
1690,1,绿,green,T57.0,X49.-,X69.-,Y19.-,
1690,2,杀虫药,insecticide,T60.2,X48.-,X68.-,Y18.-,
1690,0,伪麻黄碱[假麻黄碱],Pseudoephedrine,T44.9,X43.-,X63.-,Y13.-,Y51.9
1690,0,卫生间除臭剂,Toilet deodorizer,T65.8,X49.-,X69.-,Y19.-,
1690,0,胃肠药,Gastrointestinal drug,T47.9,X44.-,X64.-,Y14.-,Y53.9
1690,1,生物学的,biological,T47.8,X44.-,X64.-,Y14.-,Y53.8
1690,1,特指的NEC,specified NEC,T47.8,X44.-,X64.-,Y14.-,Y53.8
1690,0,胃蛋白酶,Pepsin,T47.5,X44.-,X64.-,Y14.-,Y53.5
1690,1,助消化的,digestant,T47.5,X44.-,X64.-,Y14.-,Y53.5
1690,0,胃复康-现译名贝那替秦,Benactyzine,T44.3,X43.-,X63.-,Y13.-,Y51.3
1690,0,胃酶抑素(胃蛋白酶抑制药),Pepstatin,T47.1,X44.-,X64.-,Y14.-,Y53.1
1690,0,胃舒平-现译名铝，氢氧化(铝),"Alumin(i)um, hydroxide(gel)",T47.1,X44.-,X64.-,Y14.-,Y53.1
1690,0,蜗牛捕杀药NEC,Snail killer NEC,T60.8,X48.-,X68.-,Y18.-,
1690,0,乌芬那酯(抗炎镇痛药),Ufenamate,T39.3,X40.-,X60.-,Y10.-,Y45.3
1690,0,乌拉地尔(血管扩张药),Urapidil,T46.5,X44.-,X64.-,Y14.-,Y52.5
1690,0,乌拉莫司汀[尿嘧啶氮芥],"Uramustine, Uracil mustard",T45.1,X44.-,X64.-,Y14.-,Y43.3
1690,0,(抗肿瘤药),Urethane,T45.1,X44.-,X64.-,Y14.-,Y43.3
1690,0,乌拉坦(镇静催眠药),"Hexamine, Methenamine",T37.8,X44.-,X64.-,Y14.-,Y41.8
1690,0,(治尿路感染药),Aconitine,T46.9,X44.-,X64.-,Y14.-,Y52.9
1691,0,无环鸟苷 -现译名 阿昔洛韦,"Acyclovir, Aciclovir",T37.5,X44.-,X64.-,Y14.-,Y41.5
1691,0,无机[矿物质],Mineral,,,,,
1691,1,酸,acids,T54.2,X49.-,X69.-,Y19.-,
1691,1,盐NEC,salt NEC,T50.3,X44.-,X64.-,Y14.-,Y54.9
1691,1,油(轻泻药)(药用),oil (laxative)(medicinal),T47.4,X44.-,X64.-,Y14.-,Y53.4
1691,2,非药用,nonmedicinal,T52.0,X46.-,X66.-,Y16.-,
1691,2,乳剂,emulsion,T47.2,X44.-,X64.-,Y14.-,Y53.2
1691,0,无钠盐,Sodium-free salt,T50.9,X44.-,X64.-,Y14.-,Y57.8
1691,0,戊(基),Amyl,,,,,
1691,1,甲酸(戊酯),formate,T52.8,X46.-,X66.-,Y16.-,
1691,1,乙酸(戊酯),acetate,T52.8,X46.-,X66.-,Y16.-,
1691,2,蒸气,vapor,T59.8,X47.-,X67.-,Y17.-,
1691,1,丙酸(戊酯),propionate,T65.8,X49.-,X69.-,Y19.-,
1691,1,醇,alcohol,T51.3,X45.-,X65.-,Y15.-,
1691,1,氯,chloride,T53.6,X46.-,X66.-,Y16.-,
1691,1,亚硝酸(戊酯),nitrite,T46.3,X44.-,X64.-,Y14.-,Y52.3
1691,0,戊巴比妥(镇静催眠药),"Pentobarbital, Pento-",T42.3,X41.-,X61.-,Y11.-,Y47.0
1691,1,钠,sodium,T42.3,X41.-,X61.-,Y11.-,Y47.0
1691,0,戊醇,Pentanol,T51.3,X45.-,X65.-,Y15.-,
1691,0,戊二醛(药用),Glutaral (medicinal),T49.0,X44.-,X64.-,Y14.-,Y56.0
1691,1,非药用(消毒防腐剂，,nonmedicinal,T65.8,X49.-,X69.-,Y19.-,
1691,0,戊氟噻嗪(利尿剂),Penflutizide,T50.2,X44.-,X64.-,Y14.-,Y54.3
1691,0,戊间甲酚(消毒防腐剂),Amylmetacresol,T49.6,X44.-,X64.-,Y14.-,Y56.6
1691,0,戊聚糖多硫酸脂(钠),Pentosan polysulfate,T45.5,X44.-,X64.-,Y14.-,Y44.2
1691,0,戊脉安-现译名维拉帕米,Iproveratril,T46.1,X44.-,X64.-,Y14.-,Y52.1
1691,0,戊诺酰胺(镇静催眠药),Valnoctamide,T42.6,X41.-,X61.-,Y11.-,Y47.8
1691,0,戊沙溴铵(解痉药),Valethamate bromide,T44.3,X43.-,X63.-,Y13.-,Y51.3
1691,0,戊双脒-现译名喷他脒,Pentamidine,T37.3,X44.-,X64.-,Y14.-,Y41.3
1691,0,戊四氮[卡地阿唑](中枢兴奋药),"Leptazol, Pentylenetetrazole",T50.7,X44.-,X64.-,Y14.-,Y50.0
1691,0,戊四硝酯(血管扩张药),Pentaerythrityl tetranitrate,T46.3,X44.-,X64.-,Y14.-,Y52.3
1691,0,戊烯,Amylene,,,,,
1691,1,二氯化物,dichloride,T53.6,X46.-,X66.-,Y16.-,
1691,1,水化物[叔戊醇](安眠药),hydrate,T51.3,X45.-,X65.-,Y15.-,
1691,0,戊氧苯硫脲-现译名硫卡利特,Thiocarlide,T37.1,X44.-,X64.-,Y14.-,Y41.1
1692,0,西阿尼醇[右旋儿茶素](保肝药),Cianidanol,T50.9,X44.-,X64.-,Y14.-,Y57.1
1692,0,西苯唑啉(抗心律失常药),Cibenzoline,T46.2,X44.-,X64.-,Y14.-,Y52.2
1692,0,西吡氯铵(消毒防腐剂),Cetylpyridinium chloride,T49.0,X44.-,X64.-,Y14.-,Y56.0
1692,0,西地兰D-现译名 去乙酰毛花苷,Deslanoside,T46.0,X44.-,X64.-,Y14.-,Y52.0
1692,0,西伐他停-现译名辛伐他汀,Simvastatin,T46.6,X44.-,X64.-,Y14.-,Y52.6
1692,0,西甲硅油[消疮净],Simethicone,T47.1,X44.-,X64.-,Y14.-,Y53.1
1692,0,西可巴比妥-现译名 司可巴比妥,Quinalbarbital,T42.3,X41.-,X61.-,Y11.-,Y47.0
1692,0,西利马林-现译名水飞蓟素,Silymarin,T50.9,X44.-,X64.-,Y14.-,Y57.1
1692,0,西萝芙木碱- 现译名阿义马林,Ajmaline,T46.2,X44.-,X64.-,Y14.-,Y52.2
1692,0,西马嗪,Simazine,T60.3,X48.-,X68.-,Y18.-,
1692,0,西咪替丁[甲氰咪胍],Cimetidine,T47.0,X44.-,X64.-,Y14.-,Y53.0
1692,0,西尼二胺(抗组胺药),Thenyldiamine,T45.0,X44.-,X64.-,Y14.-,Y43.0
1692,0,西诺沙星(抗生素),Cinoxacin,T37.8,X44.-,X64.-,Y14.-,Y41.8
1692,0,西曲酸酯(抗炎镇痛药),Cetraxate,T47.1,X44.-,X64.-,Y14.-,Y53.1
1692,0,西曲溴铵[溴棕二甲铵](消毒防腐剂),"Cetrimide, Cetrimonium bromide",T49.0,X44.-,X64.-,Y14.-,
1692,0,西塞氯铵,Cethexonium chloride,T49.0,X44.-,X64.-,Y14.-,Y56.0
1692,0,西沙必利(镇吐药),Cisapride,T47.8,X44.-,X64.-,Y14.-,Y53.8
1692,0,西索米星[紫苏霉素](抗生素),Sisomicin,T36.5,X44.-,X64.-,Y14.-,Y40.5
1692,0,西他氯铵(消毒防腐剂),Cetalkonium chloride,T49.0,X44.-,X64.-,Y14.-,Y56.0
1692,0,西酞普兰(抗抑郁药),Citalopram,T43.2,X41.-,X61.-,Y11.-,Y49.2
1692,0,西替地尔(血管扩张药),Cetiedil,T46.7,X44.-,X64.-,Y14.-,Y52.7
1692,0,西替利嗪(抗过敏药),Cetirizine,T45.0,X44.-,X64.-,Y14.-,Y43.0
1692,0,西托硫胺(维生素类),Cetotiamine,T45.2,X44.-,X64.-,Y14.-,Y57.7
1692,0,西托溴胺(抗胆碱药),Cimetropium bromide,T44.3,X43.-,X63.-,Y13.-,Y51.3
1692,0,希波酚(抗感染药),Xibornol,T37.8,X44.-,X64.-,Y14.-,Y41.8
1692,0,希帕胺(升压药),Xipamide,T50.2,X44.-,X64.-,Y14.-,Y54.5
1692,0,昔洛舍平[乙酯利血平](降压药),Syrosingopine,T46.5,X44.-,X64.-,Y14.-,Y52.5
1692,0,息疟定-现译名 乙胺嘧啶,Pyrimethamine,T37.2,X44.-,X64.-,Y14.-,Y41.2
1692,0,硒NEC,Selenium NEC,T56.8,X49.-,X69.-,Y19.-,
1692,1,烟雾,fumes,T59.8,X47.-,X67.-,Y17.-,
1692,1,硫化物,sulfide,T49.4,X44.-,X64.-,Y14.-,Y56.4
1692,0,硒代甲硫氨酸(75硒)(诊断用药),Selenomethionine (75Se),T50.8,X44.-,X64.-,Y14.-,Y57.6
1692,0,烯丙基,Allyl,,,,,
1692,1,(二烯丙基)二硫化物,disulfide,T46.6,X44.-,X64.-,Y14.-,Y52.6
1692,1,(烯丙)醇,alcohol,T51.8,X45.-,X65.-,Y15.-,
1692,0,烯丙雌醇(孕激素类),Allylestrenol,T38.5,X44.-,X64.-,Y14.-,Y42.5
1692,0,烯丙硫脲(瘢痕组织软解药),Thiosinamine,T49.3,X44.-,X64.-,Y14.-,Y56.3
1692,0,烯丙吗啡[纳洛芬](吗啡拮抗药),Nalorphine,T50.7,X44.-,X64.-,Y14.-,Y50.1
1692,0,烯丙哌三嗪-现译名 阿米三嗪,Almitrine,T50.7,X44.-,X64.-,Y14.-,Y50.0
1692,0,阿普比妥,Allypropymal,T42.3,X41.-,X61.-,Y11.-,Y47.0
1692,0,烯睾丙内酯 -现译名坎利酮,Canrenone,T50.0,X44.-,X64.-,Y14.-,Y54.1
1693,0,锡(氯化锡)(粉尘)(氧化锡)NEC,Tin (chloride) (dust),T56.6,X49.-,X69.-,Y19.-,
1693,0,洗必泰 -现译名 氯己定,Chlorhexidine,T49.0,X44.-,X64.-,Y14.-,Y56.0
1693,0,洗涤剂(局部)(药用)NEC,Detergent (local),T49.2,X44.-,X64.-,Y14.-,Y56.2
1693,1,非药用,nonmedicinal,T55,X49.-,X69.-,Y19.-,
1693,1,特指的NEC,specified NEC,T49.2,X44.-,X64.-,Y14.-,Y56.2
1693,0,洗发剂[香波],Shampoo,T55,X49.-,X69.-,Y19.-,
1693,0,系统性[全身性]药,Systemic drug,T45.9,X44.-,X64.-,Y14.-,Y43.9
1693,1,特指的NEC,specified NEC,T45.8,X44.-,X64.-,Y14.-,Y43.8
1693,0,细胞色素C(细胞呼吸激活药),Cytochrome C,T47.5,X44.-,X64.-,Y14.-,Y53.5
1693,0,下水道气体,Sewer gas,T59.8,X47.-,X67.-,Y17.-,
1693,0,仙人球毒碱-现译名美司卡林,Mescaline,T40.9,X42.-,X62.-,Y12.-,Y49.6
1693,0,仙人球膏-现译名拍约他,Peyote,T40.9,X42.-,X62.-,Y12.-,Y49.6
1693,0,纤溶酶原(组织)活化因子,Plasminogen (tissue),T45.6,X44.-,X64.-,Y14.-,Y44.5
1693,0,纤维，饮食的,"Fiber, dietary",T47.4,X44.-,X64.-,Y14.-,Y53.4
1693,0,纤维蛋白酶,Brinase,T45.3,X44.-,X64.-,Y14.-,Y43.6
1693,0,纤维蛋白溶解药,Fibrinolytic drug,T45.6,X44.-,X64.-,Y14.-,Y44.5
1693,0,纤维蛋白溶解抑制剂NEC,Fibrinolysis inhibitor NEC,T45.6,X44.-,X64.-,Y14.-,Y44.3
1693,0,纤维蛋白溶酶(人),Fibrinolysin (human),T45.6,X44.-,X64.-,Y14.-,Y44.5
1693,0,纤维蛋白原(人),Fibrinogen (human),T45.8,X44.-,X64.-,Y14.-,Y44.6
1693,0,纤维素,Cellulose,,,,,
1693,1,导泻药,cathartic,T47.4,X44.-,X64.-,Y14.-,Y53.4
1693,1,羟乙基,hydroxyethyl,T47.4,X44.-,X64.-,Y14.-,Y53.4
1693,1,氧化,oxidized,T49.4,X44.-,X64.-,Y14.-,Y56.4
1693,0,显效药(剂)- 现译名激动药(剂),Xenon(²Xe)(Xe),T50.8,X44.-,X64.-,Y14.-,Y57.6
1693,0,显效药(剂) - 现译名 激动药(剂),Agonist,,,,,
1693,0,线状无烟火药,Cordite,T65.8,X49.-,X69.-,Y19.-,
1693,1,蒸气,vapor,T59.8,X47.-,X67.-,Y17.-,
1693,0,腺嘌呤[维生素B4],Adenine,T45.2,X44.-,X64.-,Y14.-,Y57.7
1693,0,相思豆碱,Abrine,T62.2,X49.-,X69.-,Y19.-,
1693,0,香波-现译名洗发剂,Shampoo,T55,X49.-,X69.-,Y19.-,
1693,0,香草二乙胺(中枢兴奋药),"Etamivan, Ethamivan",T50.7,X44.-,X64.-,Y14.-,Y50.0
1693,0,香豆素[氧杂萘邻酮](调味剂),Coumarin,T45.5,X44.-,X64.-,Y14.-,Y44.2
1693,0,香柑脑-现译名香柑内酯,Bergapten,T50.9,X44.-,X64.-,Y14.-,Y57.8
1693,0,香柑内酯|香柑脑],Bergapten,T50.9,X44.-,X64.-,Y14.-,Y57.8
1693,0,香烟打火机的液体,Cigarette lighter fluid,T52.0,X46.-,X66.-,Y16.-,
1693,0,向日葵籽油,Sunflower seed oil,T46.6,X44.-,X64.-,Y14.-,Y52.6
1693,0,消疮净-现译名西甲硅油,Simethicone,T47.1,X44.-,X64.-,Y14.-,Y53.1
1693,0,消胆胺-现译名考来烯胺,Cholestyramine (resin),T46.6,X44.-,X64.-,Y14.-,Y52.6
1693,0,消毒剂,Disinfectant,T65.8,X49.-,X69.-,Y19.-,
1693,1,肠道,intestinal,T37.8,X44.-,X64.-,Y14.-,Y41.8
1693,1,碱性,alkaline,T54.3,X49.-,X69.-,Y19.-,
1693,0,消旋肾上腺素(拟肾上腺素药),Racepinefrin,T44.5,X43.-,X63.-,Y13.-,Y51.5
1693,0,消炎剂NEC,Antiphlogistic NEC,T39.4,X40.-,X60.-,Y10.-,Y45.4
1693,0,硝(基)胺,Nitramine,T65.3,X49.-,X69.-,Y19.-,
1693,0,硝苯吡啶-现译名硝苯地平,Nifedipine,T46.1,X44.-,X64.-,Y14.-,Y52.1
1694,0,硝苯地平[硝苯吡啶],Nifedipine,T46.1,X44.-,X64.-,Y14.-,Y52.1
1694,0,硝法唑(抗乙醇中毒药),Nitrefazole,T50.6,X44.-,X64.-,Y14.-,Y57.3
1694,0,硝呋太尔(抗滴虫药),Nifuratel,T37.8,X44.-,X64.-,Y14.-,Y41.8
1694,0,硝呋替莫(抗锥虫药),Nifurtimox,T37.3,X44.-,X64.-,Y14.-,Y41.3
1694,0,硝呋妥因醇(抗感染药),Nifurtoinol,T37.8,X44.-,X64.-,Y14.-,Y41.8
1694,0,硝化甘醇,Nitroglycol,T52.3,X46.-,X66.-,Y16.-,
1694,0,硝基(苯)酚,Nitrophenol,T54.0,X49.-,X69.-,Y19.-,
1694,0,硝基苯,"Nitrobenzene, nitrobenzol",T65.3,X49.-,X69.-,Y19.-,
1694,1,蒸气,vapor,T65.3,X47.-,X67.-,Y17.-,
1694,0,硝基苯胺,Nitroaniline,T65.3,X49.-,X69.-,Y19.-,
1694,1,蒸气,vapor,T59.8,X47.-,X67.-,Y17.-,
1694,0,硝基丙烷,Nitropropane,T52.8,X46.-,X66.-,Y16.-,
1694,0,硝基甲苯,"Nitrotoluene, nitrotoluol",T65.3,X49.-,X69.-,Y19.-,
1694,1,蒸气,vapor,T65.3,X47.-,X67.-,Y17.-,
1694,0,硝基联苯,Nitrodiphenyl,T65.3,X49.-,X69.-,Y19.-,
1694,0,硝基氯苯,Chloronitrobenzene,T53.7,X49.-,X69.-,Y19.-,
1694,1,粉尘或蒸气,dust or vapor,T53.7,X46.-,X66.-,Y16.-,
1694,0,硝基萘,Nitronaphthalene,T65.8,X49.-,X69.-,Y19.-,
1694,0,硝甲酚汞[米他芬](消毒防腐剂),Nitromersol,T49.0,X44.-,X64.-,Y14.-,Y56.0
1694,0,硝普钠[硝基氢氰酸盐],Nitroprusside,T46.5,X44.-,X64.-,Y14.-,Y52.5
1694,0,硝羟喹啉(尿路抗菌药),Nitroxoline,T37.8,X44.-,X64.-,Y14.-,Y41.8
1694,0,硝酸,Aqua fortis,T54.2,X49.-,X69.-,Y19.-,
1694,0,"硝酸甘油(药用)(血管扩张药, 抗心绞痛药)","Nitroglycerin, nitroglycerol (medicinal), Trinitrine",T46.3,X44.-,X64.-,Y14.-,
1694,1,非药用,nonmedicinal,T65.5,X49.-,X69.-,Y19.-,
1694,0,硝酸纤维素[火棉],Nitrocellulose,T65.8,X49.-,X69.-,Y19.-,
1694,1,漆,lacquer,T65.8,X49.-,X69.-,Y19.-,
1694,0,硝酸盐，有机的,"Nitrate, organic",T46.3,X44.-,X64.-,Y14.-,Y52.3
1694,0,硝酸异山梨酯[二硝酸,Isosorbide dinitrate,T46.3,X44.-,X64.-,Y14.-,Y52.3
1694,0,硝西泮[硝基安定](镇静催眠药),Nitrazepam,T42.4,X41.-,X61.-,Y11.-,Y47.1
1694,0,硝唑吗唑-现译名尼莫唑,Nitrimidazine,T37.3,X44.-,X64.-,Y14.-,Y41.3
1694,0,小颠茄,Deadly nightshade,T62.2,X49.-,X69.-,Y19.-,
1694,0,小诺霉素(抗生素),Micronomicin,T36.5,X44.-,X64.-,Y14.-,Y40.5
1694,0,笑气-现译名氧化亚氮,Laughing gas,T41.0,X44.-,X64.-,Y14.-,Y48.0
1694,0,缬草属植物,Valerian,,,,,
1694,1,根,root,T42.6,X41.-,X61.-,Y11.-,Y47.8
1694,1,酊剂,tincture,T42.6,X41.-,X61.-,Y11.-,Y47.8
1694,0,泻根属,Bryonia,T47.2,X44.-,X64.-,Y14.-,Y53.2
1694,0,泻药NEC,"Cathartic, Purgative NEC",T47.4,X44.-,X64.-,Y14.-,Y53.4
1694,1,刺激性NEC,irritant NEC,T47.2,X44.-,X64.-,Y14.-,Y53.2
1694,1,蒽衍生物,anthacene derivative,T47.2,X44.-,X64.-,Y14.-,Y53.2
1694,1,胶浆剂,mucilage,T47.4,X44.-,X64.-,Y14.-,Y53.4
1694,1,软化剂NEC,emollient NEC,T47.4,X44.-,X64.-,Y14.-,Y53.4
1694,1,蔬菜,vegetable,T47.2,X44.-,X64.-,Y14.-,Y53.2
1694,1,增量性,bulk,T47.4,X44.-,X64.-,Y14.-,Y53.4
1695,0,谢勒绿[亚砷酸铜],Scheele's green,T57.0,X49.-,X69.-,Y19.-,
1695,1,杀虫药,insecticide,T57.0,X48.-,X68.-,Y18.-,
1695,0,心得舒 -现译名 阿普洛尔,Alprenolol,T44.7,X43.-,X63.-,Y13.-,Y51.7
1695,0,心可定[普尼拉明](冠脉扩张药),Prenylamine,T46.3,X44.-,X64.-,Y14.-,Y52.3
1695,0,心律调节药NEC,Cardiac rhythm regulator,T46.2,X44.-,X64.-,Y14.-,Y52.2
1695,1,特指的NEC,specified NEC,T46.2,X44.-,X64.-,Y14.-,Y52.2
1695,0,心舒宁[马来酸哌克昔林],Perhexiline (maleate),T46.3,X44.-,X64.-,Y14.-,Y52.3
1695,0,心血管药NEC,Cardiovascular drug NEC,T46.9,X44.-,X64.-,Y14.-,Y52.9
1695,0,辛胺醇(强心药，抗心绞痛药),Heptaminol,T46.3,X44.-,X64.-,Y14.-,Y52.3
1695,0,辛苯昔醇(药用辅料),Octoxinol (9),T49.8,X44.-,X64.-,Y14.-,Y56.8
1695,0,辛伐他汀[西伐他停](降血脂药),Simvastatin,T46.6,X44.-,X64.-,Y14.-,Y52.6
1695,0,辛可芬[阿托方][2-苯基-4-,"Cinchophen, Phenoquin",T50.4,X44.-,X64.-,Y14.-,Y54.8
1695,0,锌(化合物)(烟雾)(蒸气)NEC,Zinc (compounds),T56.5,X49.-,X69.-,Y19.-,
1695,1,铬酸(锌)(收敛药),chromate,T56.5,X49.-,X69.-,Y19.-,
1695,1,磷化(锌)(杀鼠药),phosphide,T60.4,X48.-,X68.-,Y18.-,
1695,1,硫酸(锌),sulfate,T49.5,X44.-,X64.-,Y14.-,Y56.5
1695,1,氯化(锌)(漱口药)(收敛药，,chloride(mouthwash),T49.6,X44.-,X64.-,Y14.-,Y56.6
1695,1,巯氧吡啶,pyrithionate,T49.4,X44.-,X64.-,Y14.-,Y56.4
1695,1,氧化(锌),oxide,T49.3,X44.-,X64.-,Y14.-,Y56.3
1695,2,硬膏,plaster,T49.3,X44.-,X64.-,Y14.-,Y56.3
1695,1,硬脂酸(锌),stearate,T49.3,X44.-,X64.-,Y14.-,Y56.3
1695,0,新抗凝-现译名 醋硝香豆素,Acenocoumarol,T45.5,X44.-,X64.-,Y14.-,Y44.2
1695,0,新霉素B(抗生素),Framycetin,T36.5,X44.-,X64.-,Y14.-,Y40.5
1695,0,新霉素(衍生物),Neomycin (derivatives),T36.5,X44.-,X64.-,Y14.-,Y40.5
1695,1,伴有,with,,,,,
1695,2,杆菌肽,bacitracin,T49.0,X44.-,X64.-,Y14.-,Y56.0
1695,2,新斯的明,neostigmine,T44.0,X44.-,X64.-,Y14.-,Y51.0
1695,0,新胂凡纳明[九一四],Neoarsphenamine,T37.8,X44.-,X64.-,Y14.-,Y41.8
1695,0,新生霉素,"Novobiocin, Streptonivicin",T36.5,X44.-,X64.-,Y14.-,Y40.5
1695,0,兴奋剂 NEC,"Analeptic, Stimulant NEC",T50.7,X44.-,X64.-,Y14.-,Y50.0
1695,1,呼吸,respiratory,T48.7,X44.-,X64.-,Y14.-,Y55.7
1695,1,中枢神经系统,central nervous system,T50.9,X44.-,X64.-,Y14.-,Y50.9
1695,2,特指的NEC,specified NEC,T50.9,X44.-,X64.-,Y14.-,Y50.8
1695,0,性病淋巴肉芽肿抗原,Lymphogranuloma venereum,T50.8,X44.-,X64.-,Y14.-,Y57.6
1695,0,胸腺喷丁(免疫调节药),Thymopentin,T37.5,X44.-,X64.-,Y14.-,Y41.5
1695,0,雄激素(类),Androgen,T38.7,X44.-,X64.-,Y14.-,Y42.7
1695,0,雄激素-雌激素合剂,Androgen-estrogen mixture,T38.7,X44.-,X64.-,Y14.-,Y42.7
1695,0,雄蕨浸膏,Male fern extract,T37.4,X44.-,X64.-,Y14.-,Y41.4
1695,0,雄绵马,Filix mas,T37.4,X44.-,X64.-,Y14.-,Y41.4
1695,0,雄诺龙(雄激素，同化激素类),Androstanolone,T38.7,X44.-,X64.-,Y14.-,Y42.7
1696,0,熊去氧胆酸,Ursodeoxycholic acid,T50.9,X44.-,X64.-,Y14.-,Y57.8
1696,0,溴,Bromine,,,,,
1696,1,镇静剂,sedative,T42.6,X41.-,X61.-,Y11.-,Y47.4
1696,1,蒸气,vapor,T59.8,X47.-,X67.-,Y17.-,
1696,0,溴苯海拉明 - 现译名 溴马秦,Bromodiphenhydramine,T45.0,X44.-,X64.-,Y14.-,Y43.0
1696,0,溴苯甲腈,Bromobenzylcyanide,T59.3,X47.-,X67.-,Y17.-,
1696,0,溴苯磷[对溴磷](杀虫药),Leptophos,T60.0,X48.-,X68.-,Y18.-,
1696,0,溴苯腈(除草剂),Bromoxynil,T60.3,X48.-,X68.-,Y18.-,
1696,0,溴苯那敏[溴苯吡胺](抗组胺药),Brompheniramine,T45.0,X44.-,X64.-,Y14.-,Y43.0
1696,0,溴苯辛(抗胆碱药),Methanthelinium bromide,T44.3,X43.-,X63.-,Y13.-,Y51.3
1696,0,溴吡斯的明(拟胆碱药),Pyridostigmine bromide,T44.0,X43.-,X63.-,Y13.-,Y51.0
1696,0,溴必利(止吐药),Bromopride,T47.8,X44.-,X64.-,Y14.-,Y53.8
1696,0,溴丙胺太林(普鲁本辛](抗胆碱药),Propantheline bromide,T44.3,X43.-,X63.-,Y13.-,Y51.3
1696,0,溴长春胺(血管扩张药),Brovincamine,T46.7,X44.-,X64.-,Y14.-,Y52.7
1696,0,溴地斯的明(胆碱酯酶抑制药),Distigmine (bromide),T44.0,X43.-,X63.-,Y13.-,Y51.0
1696,0,溴丁托品-现译名布托溴铵,Butropium bromide,T44.3,X43.-,X63.-,Y13.-,Y51.3
1696,0,溴仿[三溴甲烷],Bromoform,T42.6,X41.-,X61.-,Y11.-,Y47.4
1696,0,溴化己芴铵- 现译名 己芴溴铵,Hexafluronium (bromide),T48.1,X44.-,X64.-,Y14.-,Y55.1
1696,0,溴化异丙托品 - 现译名,Ipratropium (bromide),T48.6,X44.-,X64.-,Y14.-,Y55.6
1696,0,溴环扁吡酯 - 现译名 格隆溴铵,Glycopyrrolate,T44.3,X43.-,X63.-,Y13.-,Y51.3
1696,0,溴己氨胆碱(解痉药),Carbolonium (bromide),T48.1,X44.-,X64.-,Y14.-,Y55.1
1696,0,溴己双铵-现译名六甲溴铵,Hexamethonium bromide,T44.2,X43.-,X63.-,Y13.-,Y51.2
1696,0,溴己新[必嗽平],Bromhexine,T48.4,X44.-,X64.-,Y14.-,Y55.4
1696,0,溴甲胺太林[乙胺太林],Methantheline,T44.3,X43.-,X63.-,Y13.-,Y51.3
1696,0,溴甲贝那替秦[溴双苯酯铵],Methylbenactyzium bromide,T44.3,X43.-,X63.-,Y13.-,Y51.3
1696,0,溴甲苯海拉明-现译名,Embramine,T45.0,X44.-,X64.-,Y14.-,Y43.0
1696,0,溴联苯杀鼠萘,Brodifacoum,T60.4,X48.-,X68.-,Y18.-,
1696,0,溴柳氯苯胺(抗真菌，抗菌药),Bromochlorosalicylanilide,T49.0,X44.-,X64.-,Y14.-,Y56.0
1696,0,溴马秦[溴苯海拉明](安定药),Bromodiphenhydramine,T45.0,X44.-,X64.-,Y14.-,Y43.0
1696,0,溴米那-现译名溴米索伐,Bromvaletone,T42.6,X41.-,X61.-,Y11.-,Y47.4
1696,0,溴米索伐[溴米那](镇静催眠药),"Bromisoval, Bromvaletone",T42.6,X41.-,X61.-,Y11.-,Y47.4
1696,0,溴尿苷(抗肿瘤药),Broxuridine,T45.1,X44.-,X64.-,Y14.-,Y43.1
1696,0,溴哌利多(抗精神病药),Bromperidol,T43.4,X41.-,X61.-,Y11.-,Y49.4
1696,0,溴哌喷酯(抗胆碱药),Pipenzolate bromide,T44.3,X43.-,X63.-,Y13.-,Y51.3
1696,0,溴羟喹啉(消毒防腐剂),Broxyquinoline,T37.8,X44.-,X64.-,Y14.-,Y41.8
1696,0,溴氰菊酯(卤化杀虫药),Deltamethrin,T60.1,X48.-,X68.-,Y18.-,
1696,0,溴沙特罗(β2受体兴奋药),Broxaterol,T48.6,X44.-,X64.-,Y14.-,Y55.6
1696,0,溴鼠胺(杀啮齿类剂),Bromethalin,T60.4,X48.-,X68.-,Y18.-,
1696,0,溴双苯酯铵- 现译名,Methylbenactyzium bromide,T44.3,X43.-,X63.-,Y13.-,Y51.3
1697,0,溴替唑仑(安定药),Brotizolam,T42.4,X41.-,X61.-,Y11.-,Y47.1
1697,0,溴西泮(安定药),Bromazepam,T42.4,X41.-,X61.-,Y11.-,Y47.1
1697,0,溴烯比妥(镇静催眠药),Brallobarbital,T42.3,X41.-,X61.-,Y11.-,Y47.0
1697,0,溴新斯的明(抗胆碱药),Neostigmine bromide,T44.0,X43.-,X63.-,Y13.-,Y51.0
1697,0,溴隐亭[溴麦角隐亭],Bromocriptine,T42.8,X41.-,X61.-,Y11.-,Y46.7
1697,0,溴茚二酮(抗凝药),Bromindione,T45.5,X44.-,X64.-,Y14.-,Y44.2
1697,0,溴棕二甲铵-现译名西曲溴铵,Cetrimide,T49.0,X44.-,X64.-,Y14.-,Y56.0
1697,0,嗅剂,Snuff,T65.2,X49.-,X69.-,Y19.-,
1697,0,醑剂(中性)NEC-现译名酒精,Spirit(s)(neutral) NEC,T51.0,X45.-,X65.-,Y15.-,
1697,0,蓄电池组(电池)(酸),Storage battery (cells) (acid),T65.8,X49.-,X69.-,Y19.-,
1697,0,血,Blood,T45.8,X44.-,X64.-,Y14.-,Y44.6
1697,1,成分NEC,fraction NEC,T45.8,X44.-,X64.-,Y14.-,Y44.6
1697,1,干燥的,dried,T45.8,X44.-,X64.-,Y14.-,Y44.6
1697,1,膨胀剂NEC,expander NEC,T45.8,X44.-,X64.-,Y14.-,Y44.7
1697,1,药物影响的NEC,drug affecting NEC,T45.9,X44.-,X64.-,Y14.-,Y44.9
1697,0,血管紧张素胺[增压素],Angiotensinamide,T44.9,X43.-,X63.-,Y13.-,Y51.9
1697,0,血管扩张药,Vasodilator,,,,,
1697,1,冠状NEC,coronary NEC,T46.3,X44.-,X64.-,Y14.-,Y52.3
1697,1,周围NEC,peripheral NEC,T46.7,X44.-,X64.-,Y14.-,Y52.7
1697,0,血管舒缓素,Kallidinogenase,T46.7,X44.-,X64.-,Y14.-,Y52.7
1697,0,血浆,Plasma,T45.8,X44.-,X64.-,Y14.-,Y44.6
1697,1,蛋白成分(人),protein fraction (human),T45.8,X44.-,X64.-,Y14.-,Y44.6
1697,1,膨胀剂NEC,expander NEC,T45.8,X44.-,X64.-,Y14.-,Y44.7
1697,0,血清,Serum,,,,,
1697,1,保护性NEC,protective NEC,T50.9,X44.-,X64.-,Y14.-,Y59.3
1697,1,补体(抑制剂),complement (inhibitor),T45.8,X44.-,X64.-,Y14.-,Y44.6
1697,1,促性腺激素(激素类),gonadotrophin,T38.8,X44.-,X64.-,Y14.-,Y42.8
1697,1,恢复期病人,convalescent,T50.9,X44.-,X64.-,Y14.-,Y59.3
1697,1,抗Rh因子,anti-Rh,T50.9,X44.-,X64.-,Y14.-,Y59.3
1697,1,抗白喉,antidiphtheria,T50.9,X44.-,X64.-,Y14.-,Y59.3
1697,1,抗毒素,antitoxic,T50.9,X44.-,X64.-,Y14.-,Y59.3
1697,1,抗脑膜炎球菌,antimeningococcus,T50.9,X44.-,X64.-,Y14.-,Y59.3
1697,1,抗破伤风,antitetanic,T50.9,X44.-,X64.-,Y14.-,Y59.3
1697,1,抗肉毒,antibotulinus,T50.9,X44.-,X64.-,Y14.-,Y59.3
1697,1,抗蛇毒,anti-snake-bite,T50.9,X44.-,X64.-,Y14.-,Y59.3
1697,1,抗细胞毒素,anticytotoxic,T50.9,X44.-,X64.-,Y14.-,Y59.3
1697,1,人免疫,immune (human),T50.9,X44.-,X64.-,Y14.-,Y59.3
1697,1,溶血补体,hemolytic complement,T45.8,X44.-,X64.-,Y14.-,Y44.6
1697,0,血液制剂,Hematological agent,T45.9,X44.-,X64.-,Y14.-,Y44.9
1697,1,特指的NEC,specified NEC,T45.8,X44.-,X64.-,Y14.-,Y44.9
1697,0,熏剂 NEC,Fumigant NEC,T60.9,X48.-,X68.-,Y18.-,
1697,0,蕈状毒菌 - 现译名 伞菌,Toadstool,T62.0,X49.-,X69.-,Y19.-,
1698,0,氯苯,Monochlorobenzene,T53.7,X46.-,X66.-,Y16.-,
1698,0,氯乙酸[一氯醋酸],Monochloroacetic acid,T60.3,X48.-,X68.-,Y18.-,
1698,0,氧化二氮-现译名氧化亚氮,Laughing gas,T41.0,X44.-,X64.-,Y14.-,Y48.0
1698,0,氧化碳,"Monoxide, carbon",T58,X47.-,X67.-,Y17.-,
1698,0,鸦胆子苦素,Bruceine,T48.2,X44.-,X64.-,Y14.-,Y55.2
1698,0,牙粉,Dentifrice,T49.7,X44.-,X64.-,Y14.-,Y56.7
1698,0,牙科药，局部应用NEC,"Dental drug, topical",T49.7,X44.-,X64.-,Y14.-,Y56.7
1698,0,牙买加姜,Jamaica ginger,T62.2,X49.-,X69.-,Y19.-,
1698,0,牙本质脱敏剂-现译名,Hartmann's solution,T50.3,X44.-,X64.-,Y14.-,Y54.6
1698,0,芽孢杆菌属,Bacillus,,,,,
1698,1,枯草,subtilis,T47.6,X44.-,X64.-,Y14.-,Y53.6
1698,1,乳酸,lactobacillus,T47.8,X44.-,X64.-,Y14.-,Y53.8
1698,0,亚氨基二苯乙烯,Iminostilbene,T42.1,X41.-,X61.-,Y11.-,Y46.4
1698,0,亚胺培南[伊米配能](抗生素),Imipenem,T36.0,X44.-,X64.-,Y14.-,Y40.0
1698,0,亚苄基丁酰胺,Benzalbutyramide,T46.6,X44.-,X64.-,Y14.-,Y52.6
1698,0,亚德里亚霉素-现译名阿霉素,Adriamycin,T45.1,X44.-,X64.-,Y14.-,Y43.3
1698,0,亚甲蓝[甲烯基],Methylene,,,,,
1698,1,蓝(解毒药),blue,T50.6,X44.-,X64.-,Y14.-,Y57.2
1698,1,氯化物或二氯化物(溶剂)NEC,chloride or dichloride(solvent) NEC,T53.4,X46.-,X66.-,Y16.-,
1698,0,亚甲蓝[美蓝](解毒药),Methylthionine chloride,T50.6,X44.-,X64.-,Y14.-,Y57.2
1698,0,亚麻酸,Linolenic acid,T46.6,X44.-,X64.-,Y14.-,Y52.6
1698,0,亚麻子,Linseed,T47.4,X44.-,X64.-,Y14.-,Y53.4
1698,0,亚砷酸铜-现译名谢勒绿,Scheele's green,T57.0,X49.-,X69.-,Y19.-,
1698,0,亚铁-另见铁,Ferrous-see also Iron,,,,,
1698,1,磷酸(亚铁),phosphate,T45.4,X44.-,X64.-,Y14.-,Y44.0
1698,1,盐,salt,T45.4,X44.-,X64.-,Y14.-,Y44.0
1698,2,伴有叶酸,with folic acid,T45.4,X44.-,X64.-,Y14.-,Y44.0
1698,0,亚硝,Nitrous,,,,,
1698,1,酸(液体),acid (liquid),T54.2,X49.-,X69.-,Y19.-,
1698,2,烟雾,fumes,T59.8,X47.-,X67.-,Y17.-,
1698,1,氧化物,oxide,T41.0,X44.-,X64.-,Y14.-,Y48.0
1698,1,乙醚醑剂,ether spirit,T46.3,X44.-,X64.-,Y14.-,Y52.3
1698,0,亚硝基二甲胺,Nitrosodimethylamine,T65.3,X49.-,X69.-,Y19.-,
1698,0,亚硝脲氮芥-现译名,Karmustine,T45.1,X44.-,X64.-,Y14.-,
1698,0,亚叶酸[甲酰四氢叶酸],Folinic acid,T45.8,X44.-,X64.-,Y14.-,Y44.1
1698,0,亚叶酸钙(叶酸拮抗药，解毒药),Citrovorum (factor),T45.8,X44.-,X64.-,Y14.-,Y44.1
1698,0,亚乙基-又称,Ethylidene,,,,,
1698,0,亚油酸,Linoleic acid,T46.6,X44.-,X64.-,Y14.-,Y52.6
1698,0,咽喉药NEC,Throat drugNEC,T49.6,X44.-,X64.-,Y14.-,Y56.6
1698,0,胭脂虫,Cochineal,T65.6,X49.-,X69.-,Y19.-,
1699,0,烟 NEC,Smoke NEC,T59.8,X47.-,X67.-,Y17.-,
1699,0,烟草NEC,Tobacco NEC,T65.2,X49.-,X69.-,Y19.-,
1699,0,烟草(植物)(口嚼的),Nicotiana (plant),T62.2,X49.-,X69.-,Y19.-,
1699,0,烟尘(产生自),Fumes (from),T59.9,X47.-,X67.-,Y17.-,
1699,1,氧化碳,carbon monoxide,T58,X47.-,X67.-,Y17.-,
1699,1,腐蚀性NEC,corrosive NEC,T59.8,X47.-,X67.-,Y17.-,
1699,1,焦炭(家庭用火炉、壁炉),coke (in domestic stoves,T58,X47.-,X67.-,Y17.-,
1699,2,金属——见金属，或特指的金属,"metal - see Metals, or the specified metal",,,,,
1699,1,木炭(家庭用),charcoal (domestic use),T58,X47.-,X67.-,Y17.-,
1699,2,铅——见铅,lead - see Lead,,,,,
1699,1,特指来源NEC的,specified source NEC,T59.9,X47.-,X67.-,Y17.-,
1699,2,乙醚——见乙醚,ether - see Ether,,,,,
1699,0,烟醇(血管扩张药),Nicotinyl alcohol,T46.7,X44.-,X64.-,Y14.-,Y52.7
1699,0,烟呋果糖(周围血管扩张药),Tetranicotinoyl fructose,T46.7,X44.-,X64.-,Y14.-,Y52.7
1699,0,烟卡酯(血管扩张药),Nicametate,T46.7,X44.-,X64.-,Y14.-,Y52.7
1699,0,烟酸(维生素类),"Niacin, Nicotinic acid",T46.7,X44.-,X64.-,Y14.-,Y52.7
1699,0,烟酸占替诺(周围血管扩张药),Xanthinol nicotinate,T46.7,X44.-,X64.-,Y14.-,Y52.7
1699,0,烟雾(二氧化硫),Smog,T59.1,X47.-,X67.-,Y17.-,
1699,0,烟酰胺[尼克酰胺](维生素类),"Niacinamide, Nicotinamide",T45.2,X44.-,X64.-,Y14.-,Y57.7
1699,0,烟酰二乙胺-现译名尼可刹米,Nikethamide,T50.7,X44.-,X64.-,Y14.-,Y50.0
1699,0,烟酰呋酯(血管扩张药),Thurfyl nicotinate,T46.7,X44.-,X64.-,Y14.-,Y52.7
1699,0,延通心-现译名卡波罗孟,Carbocromen,T46.3,X44.-,X64.-,Y14.-,Y52.3
1699,0,炎痛静-现译名苄达明,Benzydamine,T49.0,X44.-,X64.-,Y14.-,Y56.0
1699,0,盐-保留的盐(肾上腺)皮质素类,Salt-retaining,T50.0,X44.-,X64.-,Y14.-,Y54.0
1699,0,盐-替换药,Salt-replacing drug,T50.9,X44.-,X64.-,Y14.-,Y57.8
1699,0,盐代用品,Salt substitute,T50.9,X44.-,X64.-,Y14.-,Y57.8
1699,0,盐皮质类固醇,Mineralocorticosteroid,T50.0,X44.-,X64.-,Y14.-,Y54.0
1699,0,盐酸(液体),Hydrochloric acid (liquid),T54.2,X49.-,X69.-,Y19.-,
1699,1,药用(助消化药),medicinal (digestant),T47.5,X44.-,X64.-,Y14.-,Y53.5
1699,1,蒸气,vapor,T59.8,X47.-,X67.-,Y17.-,
1699,0,盐酸阿柔比星-现译名,Aclarubicin,T45.1,X44.-,X64.-,Y14.-,Y43.3
1699,0,盐酸匹西卡胺 - 现译名,Pilsicainide (hydrochloride),T46.2,X44.-,X64.-,Y14.-,Y52.2
1699,0,眼泪,Tear,,,,,
1699,1,气体[催泪气],gas,T59.3,X47.-,X67.-,Y17.-,
1699,1,溶液,solution,T49.5,X44.-,X64.-,Y14.-,Y56.5
1699,0,眼科用药 NEC,Ophthalmological drug NEC,T49.5,X44.-,X64.-,Y14.-,Y56.5
1699,0,眼药NEC,Eye drug NEC,T49.5,X44.-,X64.-,Y14.-,Y56.5
1699,0,羊毛脂(含水的),"Wool fat (hydrous),Lanolin",T49.3,X44.-,X64.-,Y14.-,Y56.5
1699,0,阳离子交换树脂,Cation exchange resin,T50.3,X44.-,X64.-,Y14.-,Y54.6
1700,0,洋地黄,Foxglove,T62.2,X49.-,X69.-,Y19.-,
1700,0,洋地黄(叶)(糖苷),Digitalis (leaf)(glycoside),T46.0,X44.-,X64.-,Y14.-,Y52.0
1700,1,毛花,lanata,T46.0,X44.-,X64.-,Y14.-,Y52.0
1700,1,紫花,purpurea,T46.0,X44.-,X64.-,Y14.-,Y52.0
1700,0,洋地黄毒苷(强心药),Digitoxin,T46.0,X44.-,X64.-,Y14.-,Y52.0
1700,0,洋地黄毒糖,Digitoxose,T46.0,X44.-,X64.-,Y14.-,Y52.0
1700,0,洋甘菊[白花母菊],"Camomile, Chamomile",T49.0,X44.-,X64.-,Y14.-,Y56.0
1700,0,氧,Oxygen,T41.5,X44.-,X64.-,Y14.-,Y48.5
1700,0,氧阿米替林(抗抑郁药),Amitriptylinoxide,T43.0,X41.-,X61.-,Y11.-,Y49.0
1700,0,氧芬胂[氨酚氧胂](抗感染药),Oxophenarsine,T37.3,X44.-,X64.-,Y14.-,Y41.3
1700,0,氧氟沙星[氟嗪酸](抗菌药),Ofloxacin,T36.8,X44.-,X64.-,Y14.-,Y40.8
1700,0,氧化钙 - 现译名 生石灰,Quicklime,T54.3,X49.-,X69.-,Y19.-,
1700,0,氧化剂NEC,Oxidizing agent NEC,T54.9,X49.-,X69.-,Y19.-,
1700,0,氧化镁糊剂-现译名苦土糊剂,Magnesia magma,T47.1,X44.-,X64.-,Y14.-,Y53.1
1700,0,氧化气体,Combustion gas,T58,X47.-,X67.-,Y17.-,
1700,0,氧化亚氮[笑气][一氧化二氮],Laughing gas,T41.0,X44.-,X64.-,Y14.-,Y48.0
1700,0,氧基聚明胶,Oxypolygelatin,T45.8,X44.-,X64.-,Y14.-,Y44.7
1700,0,氧甲吡嗪-现译名阿昔莫司,Acipimox,T46.6,X44.-,X64.-,Y14.-,Y52.6
1700,0,氧吗啡酮-现译名羟吗啡酮,Oxymorphone,T40.2,X42.-,X62.-,Y12.-,Y45.0
1700,0,氧米帕明[丙米嗪氧化物],Imipraminoxide,T43.0,X41.-,X61.-,Y11.-,Y49.0
1700,0,氧四环素-现译名土霉素,Oxytetracycline,T36.4,X44.-,X64.-,Y14.-,Y40.4
1700,0,氧托溴铵(抗胆碱药),Oxitropium bromide,T48.6,X44.-,X64.-,Y14.-,Y55.6
1700,0,氧烯洛尔(β受体阻滞药),Oxprenolol,T44.7,X43.-,X63.-,Y13.-,Y51.7
1700,0,氧雄龙,Oxandrolone,T38.7,X44.-,X64.-,Y14.-,Y42.7
1700,0,氧杂萘邻酮-现译名香豆素,Coumarin,T45.5,X44.-,X64.-,Y14.-,Y44.2
1700,0,药喇叭(泻药),Jalap,T47.2,X44.-,X64.-,Y14.-,Y53.2
1700,0,药物[药剂]NEC,"Medicament, Pharmaceutical",T50.9,X44.-,X64.-,Y14.-,Y57.9
1700,1,赋形剂NEC,excipient NEC,T50.9,X44.-,X64.-,Y14.-,Y57.4
1700,1,粘剂,viscous agent,T50.9,X44.-,X64.-,Y14.-,Y57.4
1700,1,添加剂NEC,adjunct NEC,T50.9,X44.-,X64.-,Y14.-,Y57.4
1700,1,甜料,sweetener,T50.9,X44.-,X64.-,Y14.-,Y57.4
1700,0,药用软皂-现译名肥皂,Soft soap,T55,X44.-,X64.-,Y14.-,Y53.4
1700,0,药用炭,"Charcoal, Carbo medicinalis",T47.6,X44.-,X64.-,Y14.-,Y53.6
1700,1,活化,activated,T47.6,X44.-,X64.-,Y14.-,Y53.6
1700,1,烟雾(一氧化碳),fumes (carbon monoxide),T58,X47.-,X67.-,Y17.-,
1700,2,工业用,industrial,T58,X47.-,X67.-,Y17.-,
1700,0,要素膳,Elemental diet,T50.9,X44.-,X64.-,Y14.-,Y57.8
1700,0,叶绿醌 - 现译名 维生素 K1,Phytomenadione,T45.7,X44.-,X64.-,Y14.-,Y44.3
1700,0,叶绿素,Chlorophyll,T50.9,X44.-,X64.-,Y14.-,Y57.4
1700,0,叶酸[蝶酰谷氨酸],Folic acid,T45.8,X44.-,X64.-,Y14.-,Y44.1
1700,1,伴有亚铁盐,with ferrous salt,T45.2,X44.-,X64.-,Y14.-,Y44.1
1700,1,拮抗剂,antagonist,T45.1,X44.-,X64.-,Y14.-,Y43.1
1701,0,液体,Liquid,,,,,
1701,1,石蜡,paraffin,T47.4,X44.-,X64.-,Y14.-,Y53.4
1701,1,物质NEC,substance NEC,T65.9,X49.-,X69.-,Y19.-,
1701,0,伊巴他滨(抗肿瘤药),Ibacitabine,T37.5,X44.-,X64.-,Y14.-,Y41.5
1701,0,伊达比星[去甲氧基柔红霉素],Idarubicin,T45.1,X44.-,X64.-,Y14.-,Y43.3
1701,0,伊维菌素[双氢除虫菌素],Ivermeetin,T37.4,X44.-,X64.-,Y14.-,
1701,0,伊拉地平(血管扩张药),Isradipine,T46.1,X44.-,X64.-,Y14.-,Y52.1
1701,0,伊洛前列素(前列腺素类),Iloprost,T46.7,X44.-,X64.-,Y14.-,Y52.7
1701,0,伊米配能 - 现译名 亚胺培南,Imipenem,T36.0,X44.-,X64.-,Y14.-,Y40.0
1701,0,伊普吲哚(抗偏头痛药),Iprindole,T43.0,X41.-,X61.-,Y11.-,Y49.0
1701,0,伊索昔康(消炎药),Isoxicam,T39.3,X40.-,X60.-,Y10.-,Y45.3
1701,0,伊文思蓝[偶氮蓝](诊断用药),Evans blue,T50.8,X44.-,X64.-,Y14.-,Y57.6
1701,0,依比青霉素- 现译名 依匹西林,Epicillin,T36.0,X44.-,X64.-,Y14.-,Y40.0
1701,0,依泊二醇(利尿剂),Epomediol,T50.9,X44.-,X64.-,Y14.-,Y57.1
1701,0,依地酸[乙二胺四乙酸],"EDTA, Ethylenediamine-",T50.6,X44.-,X64.-,Y14.-,Y57.2
1701,0,依地酸二钠,Disodium edetate,T50.6,X44.-,X64.-,Y14.-,Y57.2
1701,0,依地酸三钠,Trisodium hydrogen edetate,T50.6,X44.-,X64.-,Y14.-,Y57.2
1701,0,依地酸盐[维尔烯酸盐],Versenate,T50.6,X44.-,X64.-,Y14.-,Y57.2
1701,0,依度尿苷(抗病毒药),Edoxudine,T49.5,X44.-,X64.-,Y14.-,Y56.5
1701,0,依凡诺-现译名氨磺丁脲,Carbutamide,T38.3,X44.-,X64.-,Y14.-,Y42.3
1701,0,依氟鸟氨酸(抗原虫药),Eflornithine,T37.2,X44.-,X64.-,Y14.-,Y41.2
1701,0,依降钙素[益钙灵],Elcatonin,T50.9,X44.-,X64.-,Y14.-,Y54.7
1701,0,依克替脲(安定药),Ectylurea,T42.6,X41.-,X61.-,Y11.-,Y47.8
1701,0,依利醋铵(抗肿瘤药),Elliptinium acetate,T45.1,X44.-,X64.-,Y14.-,Y43.3
1701,0,依米氨酯[氨甲酸叔己酯],Emylcamate,T43.5,X41.-,X61.-,Y11.-,Y49.5
1701,0,依美溴铵(盐),Emepronium (salts),T44.3,X43.-,X63.-,Y13.-,Y51.3
1701,1,溴化物[依美溴铵](抗胆碱药),bromide,T44.3,X43.-,X63.-,Y13.-,Y51.3
1701,0,依米丁[吐根碱](抗阿米巴药),Emetine,T37.3,X44.-,X64.-,Y14.-,Y41.3
1701,0,依莫法宗(镇痛药),Emorfazone,T39.8,X40.-,X60.-,Y10.-,Y45.8
1701,0,依那普利[苯丁酯脯酸](降压药),Enalapril,T46.4,X44.-,X64.-,Y14.-,Y52.4
1701,0,依那普利拉(降压药),Enalaprilat,T46.4,X44.-,X64.-,Y14.-,Y52.4
1701,0,依诺肝素(钠)(抗凝药),Enoxaparin (sodium),T45.5,X44.-,X64.-,Y14.-,Y44.2
1701,0,依诺沙星[氟啶酸](抗菌药),Enoxacin,T36.8,X44.-,X64.-,Y14.-,Y40.8
1701,0,依诺他滨(抗肿瘤药),Enocitabine,T45.1,X44.-,X64.-,Y14.-,Y43.1
1701,0,依匹噻嗪(利尿剂),Epitizide,T50.2,X44.-,X64.-,Y14.-,Y54.3
1701,0,依匹西林[依比青霉素](抗生素),Epicillin,T36.0,X44.-,X64.-,Y14.-,Y40.0
1701,0,依普黄酮[异丙氧黄酮],Epirizole,T39.3,X40.-,X60.-,Y10.-,Y45.3
1701,0,(动物用蛋白同化药),Ipriflavone,T46.3,X44.-,X64.-,Y14.-,Y52.3
1701,0,依前列醇(前列腺素类),Eprazinone,T48.4,X44.-,X64.-,Y14.-,Y55.4
1701,0,依曲康唑(抗真菌药),Epoprostenol,T45.5,X44.-,X64.-,Y14.-,Y44.4
1701,0,依塞罗酯(降血脂药),Itraconazole,T37.8,X44.-,X64.-,Y14.-,Y41.8
1701,0,依色林- 现译名 毒扁豆碱,Etiroxate,T46.6,X44.-,X64.-,Y14.-,Y52.6
1701,0,依沙双酮(镇癫疯药),"Physostigmine, Eserine",T49.5,X44.-,X64.-,Y14.-,Y52.6
1701,0,依沙双酮（镇痛药）,Ethadione,T42.2,X41.-,X61.-,Y11.-,Y46.1
1702,0,依沙维林(解痉药),Ethaverine,T44.3,X43.-,X63.-,Y13.-,Y51.3
1702,0,依沙酰胺(抗真菌药),Exalamide,T49.0,X44.-,X64.-,Y14.-,Y56.0
1702,0,依沙吖啶(消毒防腐剂),Ethacridine,T49.0,X44.-,X64.-,Y14.-,Y56.0
1702,0,依索庚嗪[爱庚嗪](镇痛药),Ethoheptazine,T40.4,X42.-,X62.-,Y12.-,Y45.0
1702,0,依索唑胺(利尿剂),Ethoxzolamide,T50.2,X44.-,X64.-,Y14.-,Y54.2
1702,0,依他苯酮(抗心绞痛药),Etafenone,T46.3,X44.-,X64.-,Y14.-,Y52.3
1702,0,依他尼钠,Etacrynate sodium,T50.1,X44.-,X64.-,Y14.-,Y54.4
1702,0,依他尼酸[利尿酸],Etacrynic acid,T50.1,X44.-,X64.-,Y14.-,Y54.4
1702,0,依他佐辛(镇痛药),Eptazocine,T40.4,X42.-,X62.-,Y12.-,Y45.0
1702,0,依特柳酯(抗炎镇痛药),"Etersalate, Eterylate",T39.0,X40.-,,Y10.-,Y45.1
1702,0,依替福林(升压药),Etilefrine,T44.4,X43.-,X63.-,Y13.-,Y51.4
1702,0,依替福嗪[氯乙苯噁嗪](安定药),Etifoxine,T42.6,X41.-,X61.-,Y11.-,Y47.8
1702,0,依替卡因(局部麻醉药),Etidocaine,T41.3,X44.-,X64.-,Y14.-,Y48.3
1702,0,依替膦酸[羟乙磷酸](二钠盐),Etidronic acid,T50.9,X44.-,X64.-,Y14.-,Y54.7
1702,0,依替唑仑(安定药),Etizolam,T42.4,X41.-,X61.-,Y11.-,Y47.1
1702,0,依托贝特(降血脂药),Etofibrate,T46.6,X44.-,X64.-,Y14.-,Y52.6
1702,0,依托泊苷[鬼臼乙叉苷](抗肿瘤药),Etoposide,T45.1,X44.-,X64.-,Y14.-,Y43.3
1702,0,依托度酸(抗炎镇痛药),Etodolac,T39.3,X40.-,X60.-,Y10.-,Y45.3
1702,0,依托多林[托米多林](肌肉松弛药),Etomidoline,T44.3,X43.-,X63.-,Y13.-,Y51.3
1702,0,依托法胺(抗阿米巴药),Etofamide,T37.3,X44.-,X64.-,Y14.-,Y41.3
1702,0,依托格鲁(抗肿瘤药),Etoglucid,T45.1,X44.-,X64.-,Y14.-,Y43.3
1702,0,依托柳胺(抗炎镇痛药),Etosalamide,T39.0,X40.-,X60.-,Y10.-,Y45.1
1702,0,"依托咪酯(催眠药,麻醉药)",Etomidate,T41.1,X44.-,X64.-,Y14.-,Y48.1
1702,0,依托唑啉(利尿剂),Etozolin,T50.1,X44.-,X64.-,Y14.-,Y54.4
1702,0,依西司替巴脒(抗原虫药),Stilbamidine (isetionate),T37.3,X44.-,X64.-,Y14.-,Y41.3
1702,0,胰,Pancreatic,,,,,
1702,1,脱氧核糖核酸酶,dornase,T45.3,X44.-,X64.-,Y14.-,Y43.6
1702,1,消化分泌刺激剂,digestive secretion,T47.8,X44.-,X64.-,Y14.-,Y53.8
1702,0,胰蛋白酶(助消化药),Trypsin,T45.3,X44.-,X64.-,Y14.-,Y43.6
1702,0,胰岛素NEC,Insulin NEC,T38.3,X44.-,X64.-,Y14.-,Y42.3
1702,1,地法(降血糖药),defalan,T38.3,X44.-,X64.-,Y14.-,Y42.3
1702,1,缓慢作用,slow acting,T38.3,X44.-,X64.-,Y14.-,Y42.3
1702,1,精蛋白锌,protamine zinc,T38.3,X44.-,X64.-,Y14.-,Y42.3
1702,1,人,human,T38.3,X44.-,X64.-,Y14.-,Y42.3
1702,1,锌,zinc,,,,,
1702,2,混悬液(非晶形的),suspension (amorphous),T38.3,X44.-,X64.-,Y14.-,Y42.3
1702,2,精蛋白注射,protamine injection,T38.3,X44.-,X64.-,Y14.-,Y42.3
1702,1,中间体,intermediate acting,T38.3,X44.-,X64.-,Y14.-,Y42.3
1702,1,注射液，溶解的,"injection, soluble",T38.3,X44.-,X64.-,Y14.-,Y42.3
1702,2,二相性的,biphasic,T38.3,X44.-,X64.-,Y14.-,Y42.3
1702,0,胰酶制剂(助消化药),Pancreatin,T47.5,X44.-,X64.-,Y14.-,Y53.5
1702,0,胰泌素,Secretin,T50.8,X44.-,X64.-,Y14.-,Y57.6
1702,0,胰凝乳蛋白酶-现译名,Chymotrypsin,T45.3,X44.-,X64.-,Y14.-,Y43.6
1702,0,胰脂肪酶(助消化药),Pancrelipase,T47.5,X44.-,X64.-,Y14.-,Y53.5
1703,0,乙(基),Ethyl,,,,,
1703,1,(乙基)甲醇[丙醇],carbinol,T51.3,X45.-,X65.-,Y15.-,
1703,1,二氯胂(乙烷)(蒸气),dichloroarsine (vapor),T57.0,X49.-,X69.-,Y19.-,
1703,1,氨甲酸(乙酯)[乌拉坦],carbamate,T45.1,X44.-,X64.-,Y14.-,Y43.3
1703,1,胺吩噻嗪,aminophenothiazine,T43.3,X41.-,X61.-,Y11.-,Y49.3
1703,1,苯甲酸(乙酯),benzoate,T52.8,X46.-,X66.-,Y16.-,
1703,1,苯佐卡因,aminobenzoate,T41.3,X44.-,X64.-,Y14.-,Y48.3
1703,1,(乙)醇,alcohol,T51.0,X45.-,X65.-,Y15.-,
1703,1,醋酸(乙酯),acetate,T52.8,X46.-,X66.-,Y16.-,
1703,1,地布酸(乙酯),dibunate,T48.3,X44.-,X64.-,Y14.-,Y55.3
1703,1,碘醋酸(乙酯),iodoacetate,T59.3,X47.-,X67.-,Y17.-,
1703,1,甲酸(乙酯)NEC(溶剂),formate NEC (solvent),T52.0,X46.-,X66.-,Y16.-,
1703,1,氯氟草(乙酯),loflazepate,T42.4,X41.-,X61.-,Y11.-,Y47.1
1703,1,氯化(乙基)汞[升汞],mercuric chloride,T56.1,X49.-,X69.-,Y19.-,
1703,1,氯(乙烷)(麻醉用),chloride (anesthetic),T41.0,X44.-,X64.-,Y14.-,Y48.0
1703,2,局部,local,T49.4,X44.-,X64.-,Y14.-,Y56.4
1703,2,溶剂,solvent,T53.6,X46.-,X66.-,Y16.-,
1703,1,(乙)醚(另见乙醚),ether (see also Ether),T52.8,X46.-,X66.-,Y16.-,
1703,1,羟丁酸(乙酯)NEC(溶剂),oxybutyrate NEC (solvent),T52.8,X46.-,X66.-,Y16.-,
1703,1,(溶剂),hydroxyisobutyrate NEC (solvent),T52.8,X46.-,X66.-,Y16.-,
1703,1,醛(蒸气),aldehyde (vapor),T59.8,X47.-,X67.-,Y17.-,
1703,2,液体,liquid,T52.8,X46.-,X66.-,Y16.-,
1703,1,乳酸(乙酯)NEC(溶剂),lactate NEC (solvent),T52.8,X46.-,X66.-,Y16.-,
1703,1,双香豆(乙酯),biscoumacetate,T45.5,X44.-,X64.-,Y14.-,Y44.2
1703,1,碳酸(乙酯),carbonate,T52.8,X46.-,X66.-,Y16.-,
1703,1,延胡索酸(乙酯),fumarate,T49.4,X44.-,X64.-,Y14.-,Y56.4
1703,1,乙诺那林,noradrenaline,T48.6,X44.-,X64.-,Y14.-,Y55.6
1703,0,乙胺碘呋酮-现译名胺碘酮,Amiodarone,T46.2,X44.-,X64.-,Y14.-,Y52.2
1703,0,乙胺丁醇(抗结核药),"Etambutol, Ethambutol",T37.1,X44.-,X64.-,Y14.-,Y41.1
1703,0,乙胺嘧啶[息疟定][乙嘧啶],Pyrimethamine,T37.2,X44.-,X64.-,Y14.-,Y41.2
1703,1,伴有磺胺多辛,with sulfadoxine,T37.2,X44.-,X64.-,Y14.-,Y41.2
1703,0,乙胺嗪[二乙碳酰嗪],Diethylcarbamazine,T37.4,X44.-,X64.-,Y14.-,Y41.4
1703,0,乙胺太林-现译名溴甲胺太林,Methantheline,T44.3,X43.-,X63.-,Y13.-,Y51.3
1703,0,乙拌磷(杀虫药),Disulfoton,T60.0,X48.-,X68.-,Y18.-,
1703,0,乙苯托品(抗胆碱药),Etybenzatropine,T44.3,X43.-,X63.-,Y13.-,Y51.3
1703,0,乙苯妥英[乙妥英](镇癫疯药),Ethotoin,T42.0,X41.-,X61.-,Y11.-,Y46.2
1703,0,乙(基),Ethylidene,,,,,
1703,1,二氯[二氯乙烷]NEC,chloride NEC,T53.6,X46.-,X66.-,Y16.-,
1703,1,双香豆素(抗凝药),"dicoumarin, dicoumarol",T45.5,X44.-,X64.-,Y14.-,Y44.2
1703,1,双乙酸[乙二醇二醋酸酯],diacetate,T60.3,X48.-,X68.-,Y18.-,
1703,1,乙缩醛,diethyl ether,T52.0,X46.-,X66.-,Y16.-,
1703,0,乙叉双香豆素(抗凝药),Ethylidene dicoumarol,T45.5,X44.-,X64.-,Y14.-,Y44.2
1703,0,乙醇,Ethanol,T51.0,X45.-,X65.-,Y15.-,
1703,0,乙雌烯醇(雄激素，同化激素类),Ethylestrenol,T38.7,X44.-,X64.-,Y14.-,Y42.7
1704,0,乙二胺茶碱,Ethylenediamine,T48.6,X44.-,X64.-,Y14.-,Y55.6
1704,0,乙二胺四乙酸-现译名 依地酸,"EDTA, Ethylenediamine-",T50.6,X44.-,X64.-,Y14.-,Y57.2
1704,0,乙二胺四乙酸盐,Ethylenedinitrilotetraacetate,T50.6,X44.-,X64.-,Y14.-,Y57.2
1704,0,乙二醇(乙醚),Glycols (ether),T52.3,X46.-,X66.-,Y16.-,
1704,0,乙非君(升压药),Etafedrine,T48.6,X44.-,X64.-,Y14.-,Y55.6
1704,0,乙汞硫代水杨酸钠 - 现译名,Merthiolate,T49.0,X44.-,X64.-,Y14.-,Y56.0
1704,0,乙琥胺(镇癫疯药),Ethosuximide,T42.2,X41.-,X61.-,Y11.-,Y46.0
1704,0,乙磺舒(抗痛风药),Etebenecid,T50.4,X44.-,X64.-,Y14.-,Y54.8
1704,0,乙基对氯苯氧异丁酯,Ethylparachlorophenoxyi-,T46.6,X44.-,X64.-,Y14.-,Y52.6
1704,0,乙基吗啡(镇咳药),Ethylmorphine,T40.2,X42.-,X62.-,Y12.-,Y45.0
1704,0,乙基去甲肾上腺素[丁肾素],Ethylnorepinephrine,T48.6,X44.-,X64.-,Y14.-,Y55.6
1704,0,乙基紫苏霉素 - 现译名,Netilmicin,T36.5,X44.-,X64.-,Y14.-,Y40.5
1704,0,乙腈,Acetonitrile,T52.8,X46.-,X66.-,Y16.-,
1704,0,乙硫磷(杀虫药),Ethion,T60.0,X48.-,X68.-,Y18.-,
1704,0,乙硫锌(农用广谱杀菌药),Zineb,T60.0,X48.-,X68.-,Y18.-,
1704,0,乙硫异烟胺,Ethioniamide,T37.1,X44.-,X64.-,Y14.-,Y41.1
1704,0,乙氯维诺(镇静催眠药),Ethchlorvynol,T42.6,X41.-,X61.-,Y11.-,Y47.8
1704,0,乙吗芦丁(维生素类),Ethoxazorutoside,T46.9,X44.-,X64.-,Y14.-,Y52.9
1704,0,乙醚(蒸气),Ether (vapor),T41.0,X47.-,X67.-,Y17.-,Y48.0
1704,1,二乙烯(醚),divinyl,T41.0,X44.-,X64.-,Y14.-,Y48.0
1704,1,麻醉(醚),anesthetic,T41.0,X44.-,X64.-,Y14.-,Y48.0
1704,1,溶剂,solvent,T52.8,X46.-,X66.-,Y16.-,
1704,1,石油(醚) - 见 石油英,petroleum - see Ligroin,,,,,
1704,1,乙基(乙醚)(药用),ethyl (medicinal),T41.0,X44.-,X64.-,Y14.-,Y48.0
1704,2,非药用,nonmedicinal,T52.8,X46.-,X66.-,Y16.-,
1704,0,乙醚溶解性焦油蒸馏物,ESDT (ether-soluble,T49.1,X44.-,X64.-,Y14.-,Y56.1
1704,0,乙嘧啶-现译名 乙胺嘧啶,Pyrimethamine,T37.2,X44.-,X64.-,Y14.-,Y41.2
1704,0,乙内酰脲衍生物(治癫痈)NEC,Hydantoin derivative NEC,T42.0,X41.-,X61.-,Y11.-,Y46.2
1704,0,乙羟茶碱[羟乙茶碱](血管扩张药),Etofylline,T46.7,X44.-,X64.-,Y14.-,Y52.7
1704,1,益多酯,clofibrate,T46.6,X44.-,X64.-,Y14.-,Y52.6
1704,0,乙羟纤维素(药用辅料),Ethylhydroxycellulose,T47.4,X44.-,X64.-,Y14.-,Y53.4
1704,0,乙醛(蒸气),Acetaldehyde (vapor),T52.8,X46.-,X66.-,Y16.-,
1704,1,液体,liquid,T65.8,X49.-,X69.-,Y19.-,
1704,0,乙炔(气体),Acetylene (gas),T59.8,X47.-,X67.-,Y17.-,
1704,1,二氯(乙炔),dichloride,T53.6,X46.-,X66.-,Y16.-,
1704,1,四氯(乙炔),tetrachloride,T53.6,X46.-,X66.-,Y16.-,
1704,2,蒸气,vapor,T53.6,X46.-,X66.-,Y16.-,
1704,1,工业用,industrial,T59.8,X47.-,X67.-,Y17.-,
1704,0,乙乳胆胺萘二磺酸盐,Aclatonium napadisilate,T48.1,X44.-,X64.-,Y14.-,Y55.1
1704,0,乙噻嗪(利尿剂),Ethiazide,T50.2,X44.-,X64.-,Y14.-,Y54.3
1705,0,乙双苯丙胺(解痉药，抗胆碱药),Dipropyline,T48.2,X44.-,X64.-,Y14.-,Y55.2
1705,0,乙水杨胺(消炎镇痛药),Ethenzamide,T39.0,X40.-,X60.-,Y10.-,Y45.1
1705,0,乙酸甲酚脂,Cresyl acetate,T49.0,X44.-,X64.-,Y14.-,Y56.0
1705,0,乙酸氧肟酸- 现译名 醋羟胺酸,Acetohydroxamic acid,T50.9,X44.-,X64.-,Y14.-,Y43.5
1705,0,乙妥英 - 现译名 乙苯妥英,Ethotoin,T42.0,X41.-,X61.-,Y11.-,Y46.2
1705,0,乙烯(基),Vinyl,,,,,
1705,1,醋酸(乙烯酯),acetate,T65.8,X49.-,X69.-,Y19.-,
1705,1,氯(乙烯),chloride,T59.8,X47.-,X67.-,Y17.-,
1705,1,醚,ether,T41.0,X44.-,X64.-,Y14.-,Y48.0
1705,1,溴[溴代乙烯],bromide,T65.8,X47.-,X67.-,Y17.-,
1705,0,乙烯(气体),Ethylene (gas),T59.8,X47.-,X67.-,Y17.-,
1705,1,二氯(乙烷),dichloride,T52.8,X46.-,X66.-,Y16.-,
1705,2,蒸气,vapor,T53.6,X46.-,X66.-,Y16.-,
1705,1,二硝酸(乙烯),dinitrate,T52.3,X46.-,X66.-,Y16.-,
1705,1,氯乙醇,chlorohydrin,T52.8,X46.-,X66.-,Y16.-,
1705,2,蒸气,vapor,T53.6,X46.-,X66.-,Y16.-,
1705,1,亚胺,imine,T54.1,X49.-,X69.-,Y19.-,
1705,1,环氧(乙烷)(熏剂)(非药用),oxide (fumigant),T59.8,X47.-,X67.-,Y17.-,
1705,2,药用,medicinal,T49.0,X44.-,X64.-,Y14.-,Y56.0
1705,1,乙二酸,glycol(s),T52.8,X46.-,X66.-,Y16.-,
1705,2,二硝酸,dinitrate,T52.3,X46.-,X66.-,Y16.-,
1705,2,单丁醚,monobutyl ether,T52.3,X46.-,X66.-,Y16.-,
1705,0,乙烯比妥(镇静催眠药),Vinylbital,T42.3,X41.-,X61.-,Y11.-,Y47.0
1705,0,乙酰,Acetyl,,,,,
1705,1,氯(乙酰),chloride,T53.6,X46.-,X66.-,Y16.-,
1705,1,溴(乙酰),bromide,T53.6,X46.-,X66.-,Y16.-,
1705,0,乙酰阿达林 - 现译名醋卡溴脲,Acecarbromal,T42.6,X41.-,X61.-,Y11.-,Y47.4
1705,0,乙酰半胱氨酸[痰易净],Acetylcysteine,T48.4,X44.-,X64.-,Y14.-,Y55.4
1705,0,乙酰苯胺(解热药),Acetanilide,T39.1,X40.-,X60.-,Y10.-,Y45.5
1705,0,乙酰苯丁酰脲(镇癫痈药),Acetylpheneturide,T42.6,X41.-,X61.-,Y11.-,Y46.6
1705,0,乙酰丙嗪[乙酰普马嗪],Acepromazine,T43.3,X41.-,X61.-,Y11.-,Y49.3
1705,0,乙酰胆碱,Acetylcholine,,,,,
1705,1,氯(乙酰胆碱),chloride.,T44.1,X43.-,X63.-,Y13.-,Y51.1
1705,1,衍生物,derivative,T44.1,X43.-,X63.-,Y13.-,Y51.1
1705,0,乙酰对氨苯乙醚-现译名,Phenacetin,T39.1,X40.-,X60.-,Y10.-,Y45.5
1705,0,乙酰奋乃静-现译名醋奋乃静,Acetophenazine,T43.3,X41.-,X61.-,Y11.-,Y49.3
1705,0,乙酰磺胺甲氧哒嗪,Acesulfamethoxypyridazine,T37.0,X44.-,X64.-,Y14.-,Y41.0
1705,0,乙酰磺胺甲氧嗪 - 现译名 醋磺胺甲氧嗪,Acetylsulfamethoxypyridazine,T37.0,X44.-,X64.-,Y14.-,Y41.0
1705,0,乙酰甲胆碱,Methacholine,T44.1,X43.-,X63.-,Y13.-,Y51.1
1705,0,乙酰硫胺(维生素类),Acetiamine,T45.2,X44.-,X64.-,Y14.-,Y57.7
1705,0,乙酰吗啡,Acemorphan,T40.2,X42.-,X62.-,Y12.-,Y45.0
1705,0,乙酰麦迪霉素-现译名,Miokamycin,T36.3,X44.-,X64.-,Y14.-,Y40.3
1706,0,乙酰胂胺(抗原虫药),Acetarsol,T37.3,X44.-,X64.-,Y14.-,Y41.3
1706,0,乙酰水杨酸(铅)(可溶的),Aspirin (aluminum)(soluble),T39.0,X40.-,X60.-,Y10.-,Y45.1
1706,1,现译名 阿司匹林,Acetylsalicylic acid (salts),T39.0,X40.-,X60.-,Y10.-,Y45.1
1706,0,乙酰唑胺(利尿剂),Acetazolamide,T50.2,X44.-,X64.-,Y14.-,Y54.2
1706,0,乙型肝炎,Hepatitis B,,,,,
1706,1,免疫球蛋白,immune globulin,T50.9,X44.-,X64.-,Y14.-,Y59.3
1706,1,疫苗,vaccine,T50.9,X44.-,X64.-,Y14.-,Y59.0
1706,0,乙氧黄酮(冠脉扩张药),Efloxate,T46.3,X44.-,X64.-,Y14.-,Y52.3
1706,0,乙酯利血平-现译名昔洛舍平,Syrosingopine,T46.5,X44.-,X64.-,Y14.-,Y52.5
1706,0,蚁酸,Formic acid,T54.2,X49.-,X69.-,Y19.-,
1706,1,蒸气,vapor,T59.8,X47.-,X67.-,Y17.-,
1706,0,异丙(基),Isopropyl,,,,,
1706,1,醇,alcohol,T51.2,X45.-,X65.-,Y15.-,
1706,2,药用,medicinal,T49.4,X44.-,X64.-,Y14.-,Y56.4
1706,1,醋酸(异丙酯),acetate,T52.8,X46.-,X66.-,Y16.-,
1706,1,醚,ether,T52.8,X46.-,X66.-,Y16.-,
1706,0,异丙(去甲)肾上腺素,"Isoprenaline, Isoproterenol",T48.6,X44.-,X64.-,Y14.-,Y55.6
1706,0,异丙安替比林[丙基非那宗],Propyphenazone,T39.2,X40.-,X60.-,Y10.-,Y45.8
1706,0,异丙胺[异丙酰胺](抗胆碱药),Isopropamide,T44.3,X43.-,X63.-,Y13.-,Y51.3
1706,1,碘化物,iodide,T44.3,X43.-,X63.-,Y13.-,Y51.3
1706,0,异丙苯甘酸(肝胆功能测定药),Iprofenin,T50.8,X44.-,X64.-,Y14.-,Y57.6
1706,0,异丙铂(抗肿瘤药),Iproplatin,T45.1,X44.-,X64.-,Y14.-,Y43.3
1706,0,异丙醇,"Isopropanol, 2-Propanol",T51.2,X45.-,X65.-,Y15.-,
1706,0,异丙海汀(血管收缩药),Iproheptine,T49.2,X44.-,X64.-,Y14.-,Y56.2
1706,0,异丙肌苷(抗病毒药),"Methisoprinol, Inosine",T37.5,X44.-,X64.-,Y14.-,Y41.5
1706,0,异丙氯肼(抗抑郁药),Iproclozide,T43.1,X41.-,X61.-,Y11.-,Y49.1
1706,0,异丙美沙嗪(抗组胺药),Isopromethazine,T43.3,X41.-,X61.-,Y11.-,Y49.3
1706,0,异丙托溴铵[溴化异丙托品],Ipratropium (bromide),T48.6,X44.-,X64.-,Y14.-,Y55.6
1706,0,异丙烟肼(抗结核药),Iproniazid,T43.1,X41.-,X61.-,Y11.-,Y49.1
1706,0,异丙氧黄酮-现译名依普黄酮,Ipriflavone,T46.3,X44.-,X64.-,Y14.-,Y52.3
1706,0,异波帕胺[多巴胺异酯](利尿剂),Ibopamine,T44.9,X43.-,X63.-,Y13.-,Y51.9
1706,0,异搏定-现译名维拉帕米,Verapamil,T46.1,X44.-,X64.-,Y14.-,Y52.1
1706,0,异橙皮苷-现译名 柚皮苷,Aurantiin,T46.9,X44.-,X64.-,Y14.-,Y52.9
1706,0,异狄剂(杀虫药),Endrin,T60.1,X48.-,X68.-,Y18.-,
1706,0,异丁芬酸(抗炎镇痛药),Ibufenac,T39.3,X40.-,X60.-,Y10.-,Y45.3
1706,0,异丁基乙酸盐,Isobutyl acetate,T52.8,X46.-,X66.-,Y16.-,
1706,0,异丁普生(抗炎镇痛药),Ibuproxam,T39.3,X40.-,X60.-,Y10.-,Y45.3
1706,0,异丁嗪酒石酸盐[三甲泼拉嗪],Trimeprazine (tartrate),T44.3,X43.-,X63.-,Y13.-,Y51.3
1706,0,异丁特罗(支气管扩张药),Ibuterol,T48.6,X44.-,X64.-,Y14.-,Y55.6
1706,0,异佛尔酮,Isophorone,T65.8,X49.-,X69.-,Y19.-,
1706,0,异氟磷(抗胆碱酯酶药，缩瞳药),"Dyflos, Diisopropylfluoropho-",T44.0,X43.-,X63.-,Y13.-,Y51.0
1707,0,异氟烷(麻醉药),Isoflurane,T41.0,X44.-,X64.-,Y14.-,Y48.0
1707,0,异环磷酰胺(抗肿瘤药),"Ifosfamide, Isophosphamide",T45.1,X44.-,X64.-,Y14.-,Y43.3
1707,0,异己酮,Hexone,T52.4,X46.-,X66.-,Y16.-,
1707,0,异卡波肼(抗抑郁药),Isocarboxazid,T43.1,X41.-,X61.-,Y11.-,Y49.1
1707,0,异康唑(抗真菌药),Isoconazole,T49.0,X44.-,X64.-,Y14.-,Y56.0
1707,0,异克舒令(血管扩张药),Isoxsuprine,T46.7,X44.-,X64.-,Y14.-,Y52.7
1707,0,异喹胍(降压药),Debrisoquine,T46.5,X44.-,X64.-,Y14.-,Y52.5
1707,0,异氯磷(杀虫药),Dicapthon,T60.0,X48.-,X68.-,Y18.-,
1707,0,异麦芽糖[糊精糖]，,"Isomaltose, ferric complex",T45.4,X44.-,X64.-,Y14.-,Y44.0
1707,0,异美汀[甲异辛烯胺](解痉药),Isometheptene,T44.3,X43.-,X63.-,Y13.-,Y51.3
1707,0,异米尼尔(枸橼酸盐),Isoaminile (citrate),T48.3,X44.-,X64.-,Y14.-,Y55.3
1707,0,异尼辛(抗炎镇痛药),Isonixin,T39.3,X40.-,X60.-,Y10.-,Y45.3
1707,0,异帕米星(抗生素),Isepamicin,T36.5,X44.-,X64.-,Y14.-,Y40.5
1707,0,异氰酸烷基酯,Alkylisocyanate,T65.0,X49.-,X69.-,Y19.-,
1707,0,异氰酸盐,Isocyanate,T65.0,X49.-,X69.-,Y19.-,
1707,0,异炔诺酮(孕激素类),Noretynodrel,T38.5,X44.-,X64.-,Y14.-,Y42.5
1707,0,异肾上腺素-现译名可巴君,"Corbadrine, Levonordefrin",T49.6,X44.-,X64.-,Y14.-,Y56.6
1707,0,异他林(支气管扩张药),Isoetarine,T48.6,X44.-,X64.-,Y14.-,Y55.6
1707,0,异维A酸(角质溶解药),Isotretinoin,T50.9,X44.-,X64.-,Y14.-,Y57.8
1707,0,异戊巴比妥(钠)(镇静催眠药),Amobarbital (sodium),T42.3,X41.-,X61.-,Y11.-,Y47.0
1707,0,异戊卡因-现译名阿米卡因,"Amylocaine, regional",T41.3,X44.-,X64.-,Y14.-,Y48.3
1707,0,异西喷地(抗组胺药),Isothipendyl,T45.0,X44.-,X64.-,Y14.-,Y43.0
1707,0,异烟肼[雷米封],"INH, Isoniazid, Isonicotinic",T37.1,X44.-,X64.-,Y14.-,Y41.1
1707,1,伴有,with,,,,,
1707,2,氨硫脲(抗结核药),thioacetazone,T37.1,X44.-,X64.-,Y14.-,Y41.1
1707,2,利福平,rifampicin,T36.6,X44.-,X64.-,Y14.-,Y40.6
1707,0,异烟肼甲磺酸 - 现译名,Methaniazide,T37.1,X44.-,X64.-,Y14.-,Y41.1
1707,0,抑制药,Depressant,,,,,
1707,1,食欲,appetite,T50.5,X44.-,X64.-,Y14.-,Y57.0
1707,1,肌张力，中枢性，NEC,"muscle tone, central, NEC",T42.8,X41.-,X61.-,Y11.-,Y46.8
1707,0,抑制剂,Inhibitor,,,,,
1707,1,血管紧张素转换酶,angio-tensin-converting enzyme,T46.4,X44.-,X64.-,Y14.-,Y52.4
1707,1,碳酸酐酶,carbonic-anhydrase,T50.2,X44.-,X64.-,Y14.-,Y54.2
1707,1,纤维蛋白溶解,fibrinolysis,T45.6,X44.-,X64.-,Y14.-,Y44.3
1707,1,单胺氧化酶NEC,monoamine oxidase NEC,T43.1,X41.-,X61.-,Y11.-,Y49.1
1707,2,肼[联氨],hydrazine,T43.1,X41.-,X61.-,Y11.-,Y49.1
1707,1,突触后的,postsynaptic,T43.8,X41.-,X61.-,Y11.-,Y49.8
1707,1,前凝血酶合成,prothrombin synthesis,T45.5,X44.-,X64.-,Y14.-,Y44.2
1707,1,选择性5-羟色胺再摄取抑制剂,selective serotonin reuptake inhibitor,T43.2,X41.-,X61.-,Y11.-,Y49.2
1707,0,抑肽酶(蛋白酶抑制药),Aprotinin,T45.6,X44.-,X64.-,Y14.-,Y44.3
1707,0,疫苗[菌苗] NEC,Vaccine NEC,T50.9,X44.-,X64.-,Y14.-,Y59.9
1707,1,白喉,diphtheria,T50.9,X44.-,X64.-,Y14.-,Y58.5
1707,2,和破伤风,with tetanus,T50.9,X44.-,X64.-,Y14.-,Y58.8
1707,3,及百日咳,and pertussis,T50.9,X44.-,X64.-,Y14.-,Y58.6
1708,1,百日咳,pertussis,T50.9,X44.-,X64.-,Y14.-,Y58.6
1708,2,和白喉,with diphtheria,T50.9,X44.-,X64.-,Y14.-,Y58.6
1708,3,及破伤风,and tetanus,T50.9,X44.-,X64.-,Y14.-,Y58.6
1708,1,斑疹伤寒,typhus,T50.9,X44.-,X64.-,Y14.-,Y59.1
1708,1,病毒NEC,viralNEC,T50.9,X44.-,X64.-,Y14.-,Y59.0
1708,1,病毒-立克次体混合的,"mixed, viral-rickettsial",T50.9,X44.-,X64.-,Y14.-,Y59.8
1708,1,风疹,rubella,T50.9,X44.-,X64.-,Y14.-,Y59.0
1708,1,黄热病,yellow fever,T50.9,X44.-,X64.-,Y14.-,Y59.0
1708,1,霍乱,cholera,T50.9,X44.-,X64.-,Y14.-,Y58.2
1708,1,脊髓灰质炎,poliomyelitis,T50.9,X44.-,X64.-,Y14.-,Y59.0
1708,1,卡介苗,BCG,T50.9,X44.-,X64.-,Y14.-,Y58.0
1708,1,抗肿瘤,antineoplastic,T50.9,X44.-,X64.-,Y14.-,Y59.8
1708,1,狂犬病,rabies,T50.9,X44.-,X64.-,Y14.-,Y59.0
1708,1,立克次体NEC,rickettsial NEC,T50.9,X44.-,X64.-,Y14.-,Y59.1
1708,1,流行性感冒,influenza .-,T50.9,X44.-,X64.-,Y14.-,Y59.0
1708,1,流行性腮腺炎,mumps,T50.9,X44.-,X64.-,Y14.-,Y59.0
1708,1,落基山斑点热,Rocky Mountain spotted .-,T50.9,X44.-,X64.-,Y14.-,Y59.1
1708,1,麻疹,measles,T50.9,X44.-,X64.-,Y14.-,Y59.0
1708,2,和流行性腮腺炎及风疹,withmumps and rubella,T50.9,X44.-,X64.-,Y14.-,Y59.0
1708,1,破伤风,tetanus,T50.9,X44.-,X64.-,Y14.-,Y58.4
1708,1,伤寒,typhoid,T50.9,X44.-,X64.-,Y14.-,Y58.1
1708,1,伤寒副伤寒,TAB,T50.9,X44.-,X64.-,Y14.-,Y58.1
1708,1,鼠疫Y,plague,T50.9,X44.-,X64.-,Y14.-,Y58.3
1708,1,天花Y,smallpox,T50.9,X44.-,X64.-,Y14.-,Y59.0
1708,1,细菌NEC,bacterial NEC,T50.9,X44.-,X64.-,Y14.-,Y58.9
1708,2,混合的NEC,mixed NEC,T50.9,X44.-,X64.-,Y14.-,Y58.8
1708,1,原虫,protozoal,T50.9,X44.-,X64.-,Y14.-,Y59.2
1708,0,益钙灵-现译名依降钙素,Elcatonin,T50.9,X44.-,X64.-,Y14.-,Y54.7
1708,0,益康唑(抗真菌药),Econazole,T49.0,X44.-,X64.-,Y14.-,Y56.0
1708,0,因子,Factor,,,,,
1708,1,Ⅰ(纤维蛋白原),I (fibrinogen) .-,T45.8,X44.-,X64.-,Y14.-,Y44.6
1708,1,Ⅲ(促凝血酶原激酶),Ⅲ((thromboplastin),T45.8,X44.-,X64.-,Y14.-,Y44.6
1708,1,VI(抗血友病因子)(浓缩),VII (antihemophilic factor),T45.8,X44.-,X64.-,Y14.-,Y44.6
1708,1,X复合的,X complex,T45.7,X44.-,X64.-,Y14.-,Y44.3
1708,2,人,human,T45.8,X44.-,X64.-,Y14.-,Y44.6
1708,0,银,Silver,T49.0,X44.-,X64.-,Y14.-,Y56.0
1708,1,蛋白(银),protein,T49.5,X44.-,X64.-,Y14.-,Y56.5
1708,1,非药用(银)(粉尘),nonmedicinal (dust),T56.8,X49.-,X69.-,Y19.-,
1708,1,磺胺嘧啶(银),sulfadiazine,T49.4,X44.-,X64.-,Y14.-,Y56.4
1708,1,胶体(银),colloidal,T49.0,X44.-,X64.-,Y14.-,Y56.0
1708,1,硝酸(银),nitrate,T49.0,X44.-,X64.-,Y14.-,Y56.0
1708,0,吲达帕胺(抗高血压，利尿剂),Indapamide,T46.5,X44.-,X64.-,Y14.-,Y52.5
1708,0,吲达品(抗抑郁药),Indalpine,T43.2,X41.-,X61.-,Y11.-,Y49.2
1708,0,吲哚布芬(抗炎镇痛药),Indobufen,T45.5,X44.-,X64.-,Y14.-,Y44.4
1708,0,吲哚拉明(降压药),Indoramin,T44.6,X43.-,X63.-,Y13.-,Y51.6
1709,0,吲哚美辛(抗炎镇痛药),"Indometacin, Indomethacin",T39.3,X40.-,X60.-,Y10.-,Y45.3
1709,1,法尼(吲哚美辛)(抗炎药),farnesil,T39.4,X40.-,X60.-,Y10.-,Y45.4
1709,0,吲哚菁绿(诊断用药),Indocyanine green,T50.8,X44.-,X64.-,Y14.-,Y57.6
1709,0,印度大麻,Indian hemp,T40.7,X42.-,X62.-,Y12.-,Y49.6
1709,0,印防己毒素(中枢兴奋药),Picrotoxin,T50.7,X44.-,X64.-,Y14.-,Y50.0
1709,0,印苦楝子,Azadirachta,T60.2,X48.-,X68.-,Y18.-,
1709,0,茚满二酮(衍生物),Indendione (derivatives),T45.5,X44.-,X64.-,Y14.-,Y44.2
1709,0,萨诺洛尔(β受体阻滞药),Indenolol,T44.7,X43.-,X63.-,Y13.-,Y51.7
1709,0,茚唑啉(血管收缩药),Indanazoline,T48.5,X44.-,X64.-,Y14.-,Y55.5
1709,0,罂粟碱(血管扩张药),Papaverine,T44.3,X43.-,X63.-,Y13.-,Y51.3
1709,0,荧光素钠,Fluorescein,T50.8,X44.-,X64.-,Y14.-,Y57.6
1709,0,营养品,Nutritional supplement,T50.9,X44.-,X64.-,Y14.-,Y57.8
1709,0,营养药NEC,Dietetic drug NEC,T50.9,X44.-,X64.-,Y14.-,Y57.8
1709,0,影响纤维蛋白溶解药,Fibrinolysis-affecting drug,T45.6,X44.-,X64.-,Y14.-,Y44.9
1709,0,硬化剂,Sclerosing agent,T46.8,X44.-,X64.-,Y14.-,Y52.8
1709,0,优卡因[苯扎明](局麻药),"Eucaine, Benzamine",T41.3,X44.-,X64.-,Y14.-,Y48.3
1709,0,"尤卡托品(抗胆碱药,散瞳药)",Eucatropine,T49.5,X44.-,X64.-,Y14.-,Y56.5
1709,0,油,Oil (of),,,,,
1709,1,彩色,colors,T65.6,X49.-,X69.-,Y19.-,
1709,1,丁香,cloves,T49.7,X44.-,X64.-,Y14.-,Y56.7
1709,1,矾(液体)[硫酸],vitriol (liquid),T54.2,X49.-,X69.-,Y19.-,
1709,2,烟雾,fumes,T54.2,X47.-,X67.-,Y17.-,
1709,1,苦杏仁,bitter almond,T62.8,X49.-,X69.-,Y19.-,
1709,1,尼哦[苯甲酸甲酯],Niobe,T52.8,X46.-,X66.-,Y16.-,
1709,1,润滑,lubricating,T52.0,X46.-,X66.-,Y16.-,
1709,1,烟雾,fumes,T59.8,X47.-,X67.-,Y17.-,
1709,0,油漆[涂料]NEC,"Paint, Varnish NEC",T65.4,X49.-,X69.-,Y19.-,
1709,1,剥脱剂,stripper,T52.8,X46.-,X66.-,Y16.-,
1709,1,铅(烟雾),lead (fumes),T56.0,X49.-,X69.-,Y19.-,
1709,1,清除剂,cleaner,T52.9,X46.-,X66.-,Y16.-,
1709,1,溶剂NEC,solvent NEC,T52.8,X46.-,X66.-,Y16.-,
1709,1,烟雾NEC,fumes NEC,T59.8,X47.-,X67.-,Y17.-,
1709,0,油酸,Oleic acid,T46.6,X44.-,X64.-,Y14.-,Y52.6
1709,0,油制剂(皮肤用),Oily preparation (for skin),T49.3,X44.-,X64.-,Y14.-,Y56.3
1709,0,有毒食品,Noxious foodstuff,T62.9,X49.-,X69.-,Y19.-,
1709,1,特指的NEC,specified NEC,T62.8,X49.-,X69.-,Y19.-,
1709,0,有机磷酸盐,Organophosphates,T60.0,X48.-,X68.-,Y18.-,
1709,0,有机硝酸盐NEC,Organonitrate NEC,T46.3,X44.-,X64.-,Y14.-,Y52.3
1709,0,右苯丙胺(精神兴奋药),Dexamfetamine,T43.6,X41.-,X61.-,Y11.-,Y49.7
1709,0,右苄替米特(抗胆碱药),Dexetimide,T44.3,X43.-,X63.-,Y13.-,Y51.3
1709,0,右丙氧芬(镇痛药),Propoxyphene,T40.4,X42.-,X62.-,Y12.-,Y45.0
1709,0,右泛醇(维生素类),Dexpanthenol,T45.2,X44.-,X64.-,Y14.-,Y57.7
1709,0,右芬氟拉明(食欲抑制药),Dexfenfluramine,T50.5,X44.-,X64.-,Y14.-,Y57.0
1710,0,右甲吗喃 -现译名 右美沙芬,Dextromethorphan,T48.3,X44.-,X64.-,Y14.-,Y55.3
1710,0,右甲状腺素钠(降血脂药),Dextrothyroxine sodium,T38.1,X44.-,X64.-,Y14.-,Y42.1
1710,0,右氯苯那敏(抗组胺药),Dexchlorpheniramine,T45.0,X44.-,X64.-,Y14.-,Y43.0
1710,0,右吗拉胺(镇痛药),Dextromoramide,T40.4,X42.-,X62.-,Y12.-,Y45.0
1710,0,右美沙芬[美沙芬][右甲吗喃],Dextromethorphan,T48.3,X44.-,X64.-,Y14.-,Y55.3
1710,0,右旋儿茶素 - 现译名 西阿尼醇,Cianidanol,T50.9,X44.-,X64.-,Y14.-,Y57.1
1710,0,右旋糖酐[葡聚糖](40)(70)(150),Dextran (40)(70)(150),T45.8,X44.-,X64.-,Y14.-,Y44.7
1710,0,右旋糖酐铁(抗贫血药),Ferrodextrane,T45.4,X44.-,X64.-,Y14.-,Y44.0
1710,0,右溴苯那敏(抗组胺药),Dexbrompheniramine,T45.0,X44.-,X64.-,Y14.-,Y43.0
1710,0,柚皮苷[异橙皮苷],Aurantiin,T46.9,X44.-,X64.-,Y14.-,Y52.9
1710,0,鱼，有毒的，非细菌的,"Fish, noxious, nonbacterial",T61.2,X49.-,X69.-,Y19.-,
1710,1,贝壳,shell,T61.2,X49.-,X69.-,Y19.-,
1710,0,鱼肝油,Cod-liver oil,T45.2,X44.-,X64.-,Y14.-,Y57.7
1710,0,鱼肉毒素[鲭圆鲹鱼毒素],Ciguatoxin,T61.0,X49.-,X69.-,Y19.-,
1710,0,鱼石脂,Ichthammol,T49.0,X44.-,X64.-,Y14.-,Y56.0
1710,0,鱼藤,Derris root,T60.2,X48.-,X68.-,Y18.-,
1710,0,鱼藤酮(杀虫药),Rotenone,T60.2,X48.-,X68.-,Y18.-,
1710,0,雨蛙肽 - 现译名 蓝肽,Ceruletide,T50.8,X44.-,X64.-,Y14.-,Y57.6
1710,0,育亨宾酸,Yohimbic acid,T40.9,X42.-,X62.-,Y12.-,Y49.6
1710,0,愈创甘油醚(祛痰镇咳药),"Guaiphenesin, Guaifenesin",T48.4,X44.-,X64.-,Y14.-,Y55.4
1710,0,愈创木酚磺酸钾(祛痰药),Sulfogaiacol,T48.4,X44.-,X64.-,Y14.-,Y55.4
1710,0,愈创木酚衍生物,Guaiacol derivatives,T48.4,X44.-,X64.-,Y14.-,Y55.4
1710,0,原黄素[普鲁黄](消毒防腐剂),Proflavine,T49.0,X44.-,X64.-,Y14.-,Y56.0
1710,0,原藜芦碱(A)(B),Protoveratrine(s)(A) (B),T46.5,X44.-,X64.-,Y14.-,Y52.5
1710,0,原油,Crude oil,T52.0,X46.-,X66.-,Y16.-,
1710,0,芸香,Rue,T62.2,X49.-,X69.-,Y19.-,
1710,0,孕二醇,Pregnandiol,T38.5,X44.-,X64.-,Y14.-,Y42.5
1710,0,孕激素NEC,Progestogen NEC,T38.5,X44.-,X64.-,Y14.-,Y42.5
1710,0,孕酮[黄体酮],Progesterone,T38.5,X44.-,X64.-,Y14.-,Y42.5
1710,0,晕海宁-现译名 茶苯海明,Dimenhydrinate,T45.0,X44.-,X64.-,Y14.-,Y43.0
1711,0,杂醇油(任何)(戊基)(丁基)(丙基)，蒸气,"Fusel oil (any)(amyl)(butyl) (propyl), vapor",T51.3,X45.-,X65.-,Y15.-,
1711,0,杂酚油[木馏油](防腐剂或祛痰剂),Creosote,T49.0,X44.-,X64.-,Y14.-,Y56.0
1711,0,藻胶[藻酸钠],Algin,T47.8,X44.-,X64.-,Y14.-,Y53.8
1711,0,皂粘土,Bentonite,T49.3,X44.-,X64.-,Y14.-,Y56.3
1711,0,皂树浸膏,Quillaja extract,T48.4,X44.-,X64.-,Y14.-,Y55.4
1711,0,增甜剂,Sweetener,T50.9,X44.-,X64.-,Y14.-,Y57.4
1711,0,增压素 - 现译名 血管紧张素胺,Angiotensinamide,T44.9,X43.-,X63.-,Y13.-,Y51.9
1711,0,扎莫特罗(β受体兴奋药),Xamoterol,T44.5,X43.-,X63.-,Y13.-,Y51.5
1711,0,扎西他滨[双去氧胞苷],"Dideoxycytidine, Zalcitabine",T37.5,X44.-,X64.-,Y14.-,Y41.5
1711,0,扎溴铵(抗感染药),Alkonium (bromide),T49.0,X44.-,X64.-,Y14.-,Y56.0
1711,0,炸药,Dynamite,T65.3,X49.-,X69.-,Y19.-,
1711,1,烟雾,fumes,T59.8,X47.-,X67.-,Y17.-,
1711,0,占托西林(抗生素),Xantocillin,T36.0,X44.-,X64.-,Y14.-,Y40.0
1711,0,樟磺咪芬(降压药),Trimetaphan camsilate,T44.2,X43.-,X63.-,Y13.-,Y51.2
1711,0,樟脑,Camphor,,,,,
1711,1,驱昆虫剂,insecticide,T60.2,X48.-,X68.-,Y18.-,
1711,1,药用,medicinal,T49.8,X44.-,X64.-,Y14.-,Y56.8
1711,0,蟑螂捕剂-见杀虫药,Roach killer-see Insecticide,,,,,
1711,0,沼气[甲烷],"Firedamp, Marsh gas",T59.8,X47.-,X67.-,Y17.-,
1711,0,照明气体,Illuminating gas,T58,X47.-,X67.-,Y17.-,
1711,0,折仑诺(同化激素类),Zeranol,T38.7,X44.-,X64.-,Y14.-,Y42.7
1711,0,蔗糖(药用辅料),Sucrose,T50.3,X44.-,X64.-,Y14.-,Y54.6
1711,0,珍尼柳酯(抗皮脂溢药),Xenysalate,T49.4,X44.-,X64.-,Y14.-,Y56.4
1711,0,真菌，有毒的，作为食物,"Fungi, noxious, used as food",T62.0,X49.-,X69.-,Y19.-,
1711,0,真菌毒素,Mycotoxins,T64,X49.-,X69.-,Y19.-,
1711,0,诊断用药NEC,Diagnostic agent NEC,T50.8,X44.-,X64.-,Y14.-,Y57.6
1711,0,镇定药 NEC - 现译名 安定药,Tranquilizer NEC,T43.5,X41.-,X61.-,Y11.-,Y49.5
1711,0,镇静剂 NEC,Sedative NEC,T42.7,X41.-,X61.-,Y11.-,Y47.9
1711,1,混合的 NEC,mixed NEC,T42.6,X41.-,X61.-,Y11.-,Y47.5
1711,0,镇咳药 NEC,AntitussiveNEC,T48.3,X44.-,X64.-,Y14.-,Y55.3
1711,1,阿片制剂,opiate,T40.2,X42.-,X62.-,Y12.-,Y45.0
1711,1,可待因合剂,codeine mixture,T40.2,X42.-,X62.-,Y12.-,Y45.0
1711,0,镇痛药[止痛药]NEC,Analgesic NEC,T39.8,X40.-,X60.-,Y10.-,Y45.8
1711,1,吡唑,pyrazole,T39.2,X40.-,X60.-,Y10.-,Y45.8
1711,1,芳香剂NEC,aromatic NEC,T39.1,X40.-,X60.-,Y10.-,Y45.5
1711,1,非阿片类,nonopioid,T39.9,X40.-,X60.-,Y10.-,Y45.9
1711,1,非麻醉用NEC,non-narcotic NEC,T39.9,X40.-,X60.-,Y10.-,Y45.9
1711,2,复合,combination,T39.9,X40.-,X60.-,Y10.-,Y45.9
1711,1,抗风湿的NEC,antirheumatic NEC,T39.9,X40.-,X60.-,Y10.-,Y45.9
1711,1,抗炎的NEC,anti-inflammatory NEC,T39.9,X40.-,X60.-,Y10.-,Y45.9
1711,2,丙酸衍生物,propionic acid derivative,T39.3,X40.-,X60.-,Y10.-,Y45.2
1711,1,麻醉用NEC,narcotic NEC,T40.6,X42.-,X62.-,Y12.-,Y45.0
1711,2,产科,obstetric,T40.6,X42.-,X62.-,Y12.-,Y45.0
1711,2,复合,combination,T40.6,X42.-,X62.-,Y12.-,Y45.0
1712,0,争光霉素 -现译名 博来霉素,Bleomycin,T45.1,X44.-,X64.-,Y14.-,Y43.3
1712,0,蒸气(另见气体),Vapor (see also Gas),T59.9,X47.-,X67.-,Y17.-,
1712,1,铅 - 见 铅,lead - see Lead,,,,,
1712,1,烧窑的(一氧化碳),kiln (carbon monoxide),T58,X47.-,X67.-,Y17.-,
1712,1,特指来源NEC,specified source NEC,T59.8,X47.-,X67.-,Y17.-,
1712,0,正常(人)血清白蛋白，盐缺乏,Normal serum albumin,T45.8,X44.-,X64.-,Y14.-,Y44.6
1712,0,正大霉素-现译名庆大霉素,Gentamicin,T36.5,X44.-,X64.-,Y14.-,Y40.5
1712,0,正丁巴比妥[布特萨],Butethal,T42.3,X41.-,X61.-,Y11.-,Y47.0
1712,0,正定霉素-现译名柔红霉素,Daunorubicin,T45.1,X44.-,X64.-,Y14.-,Y43.3
1712,0,正铁血红素[苏木精],Hematin,T45.8,X44.-,X64.-,Y14.-,Y44.9
1712,0,正铁血红素制剂(补血药),Hematinic preparation,T45.8,X44.-,X64.-,Y14.-,Y44.1
1712,0,支链淀粉,Amylopectin,T47.6,X44.-,X64.-,Y14.-,Y53.6
1712,0,支气管扩张药NEC,Bronchodilator NEC,T48.6,X44.-,X64.-,Y14.-,Y55.6
1712,0,脂肪混悬液，静脉内的,"Fat suspension, intravenous",T50.9,X44.-,X64.-,Y14.-,Y57.8
1712,0,脂质体-前列地尔[静脉机能不全],Lipo-alprostadil,T46.7,X44.-,X64.-,Y14.-,Y52.7
1712,0,植酸(降血钙药),"Fytic acid, nonasodium",T50.6,X44.-,X64.-,Y14.-,Y57.2
1712,0,植物,Plant,,,,,
1712,1,养料或肥料NEC,food or fertilizerNEC,T65.8,X49.-,X69.-,Y19.-,
1712,2,含除草剂,containing herbicide,T60.3,X48.-,X68.-,Y18.-,
1712,1,有毒的，作为食物,"noxious, used as food",T62.2,X49.-,X69.-,Y19.-,
1712,0,植物甲萘醌-现译名维生素K1,Phytomenadione,T45.7,X44.-,X64.-,Y14.-,Y44.3
1712,0,止喘药NEC,Antiasthmatic drug NEC,T48.6,X44.-,X64.-,Y14.-,Y55.6
1712,0,止恶心药,Antinausea drug,T45.0,X44.-,X64.-,Y14.-,Y43.0
1712,0,止汗剂NEC,Antiperspirant NEC,T49.2,X44.-,X64.-,Y14.-,Y56.2
1712,0,止痛剂[阿片樟脑酊],Paregoric,T40.0,X42.-,X62.-,Y12.-,Y45.0
1712,0,止痛药-现译名镇痛药,Analgesic,T39.8,X40.-,X60.-,Y10.-,Y45.8
1712,0,止吐药,Antiemetic drug,T45.0,X44.-,X64.-,Y14.-,Y43.0
1712,0,止泻药NEC,Antidiarrheal drug NEC,T47.6,X44.-,X64.-,Y14.-,Y53.6
1712,1,吸收剂,absorbent,T47.6,X44.-,X64.-,Y14.-,Y53.6
1712,0,止血环酸 - 现译名 氨甲环酸,Tranexamic acid,T45.6,X44.-,X64.-,Y14.-,Y44.3
1712,0,止血药,"Hemostatic, Hemostyptic",T49.4,X44.-,X64.-,Y14.-,Y56.4
1712,1,药物，全身性,"drug, systemic",T45.7,X44.-,X64.-,Y14.-,Y44.3
1712,0,止血敏- 现译名酚磺乙胺,"Ethamsylate, Etamsylate",T45.7,X44.-,X64.-,Y14.-,Y44.3
1712,0,止痒药NEC,Antipruritic drug NEC,T49.1,X44.-,X64.-,Y14.-,Y56.1
1712,0,制剂，局部用,"Preparation, local",T49.4,X44.-,X64.-,Y14.-,Y56.4
1712,0,制真菌素[制霉菌素],Nystatin,T36.7,X44.-,X64.-,Y14.-,Y40.7
1712,0,治痔药剂,Antihemorrhoidal preparation,T49.2,X44.-,X64.-,Y14.-,Y56.2
1712,0,致幻剂 NEC,Hallucinogen NEC,T40.9,X42.-,X62.-,Y12.-,Y49.6
1712,0,中性胰岛素注射液,Neutral insulin injection,T38.3,X44.-,X64.-,Y14.-,Y42.3
1712,0,种子消毒剂或敷裹剂,Seed disinfectant or dressing,T60.8,X48.-,X68.-,Y18.-,
1712,0,仲丁硫巴比妥钠(静脉麻醉药),Thiobutabarbital sodium,T41.1,X44.-,X64.-,Y14.-,Y48.1
1713,0,重氮甲烷(气体),Diazomethane (gas),T59.8,X47.-,X67.-,Y17.-,
1713,0,重铬酸盐(钙)(钾)(钠)(结晶),Bichromates (calcium),T57.8,X49.-,X69.-,Y19.-,
1713,0,重金属解毒剂,Heavy metal antidote,T45.8,X44.-,X64.-,Y14.-,Y43.8
1713,0,重酒石酸普拉马林,Prajmalium bitartrate,T46.2,X44.-,X64.-,Y14.-,Y52.2
1713,0,周效磺胺 - 现译名 磺胺多辛,Sulfadoxine,T37.0,X44.-,X64.-,Y14.-,Y41.0
1713,0,珠蛋白锌胰岛素,Globin zinc insulin,T38.3,X44.-,X64.-,Y14.-,Y42.3
1713,0,珠氯噻醇(安定药),Zuclopenthixol,T43.4,X41.-,X61.-,Y11.-,Y49.4
1713,0,竹桃霉素(抗生素),Oleandomycin,T36.3,X44.-,X64.-,Y14.-,Y40.3
1713,0,助消化药NEC,Digestant NEC,T47.5,X44.-,X64.-,Y14.-,Y53.5
1713,0,转化糖,Invert sugar,T50.3,X44.-,X64.-,Y14.-,Y54.6
1713,0,壮观霉素[奇霉素],Spectinomycin,T36.5,X44.-,X64.-,Y14.-,Y40.5
1713,0,锥虫胂胺[福诺二七〇](抗锥虫药),Tryparsamide,T37.3,X44.-,X64.-,Y14.-,Y41.3
1713,0,锥体外束拮抗剂NEC,Extrapyramidal,T44.3,X43.-,X63.-,Y13.-,Y51.3
1713,0,着色剂,Colorant,T50.9,X44.-,X64.-,Y14.-,Y57.4
1713,0,滋补药NEC,Tonic NEC,T50.9,X44.-,X64.-,Y14.-,Y57.8
1713,0,眦黄质[鸡油菌黄质],Canthaxanthin,T50.9,X44.-,X64.-,Y14.-,Y57.8
1713,0,子宫松弛因子,Uterine relaxing factor,T44.5,X43.-,X63.-,Y13.-,Y51.5
1713,0,紫霉素(抗生素),Viomycin,T36.8,X44.-,X64.-,Y14.-,Y40.8
1713,0,紫杉[水松],Yew,T62.2,X49.-,X69.-,Y19.-,
1713,0,紫苏霉素-现译名西索米星,Sisomicin,T36.5,X44.-,X64.-,Y14.-,Y40.5
1713,0,紫外线杀虫撒布剂,Ultraviolet light protectant,T49.3,X44.-,X64.-,Y14.-,Y56.3
1713,0,自主神经系统药NEC,Autonomic nervous system,T44.9,X43.-,X63.-,Y13.-,Y51.9
1713,0,棕榈仁油,Palm kernel oil,T50.9,X44.-,X64.-,Y14.-,Y57.4
1713,0,组胺(磷酸盐)(诊断用药),Histamine (phosphate),T50.8,X44.-,X64.-,Y14.-,Y57.6
1713,0,组胞浆菌素[荚膜组织胞浆菌素],Histoplasmin,T50.8,X44.-,X64.-,Y14.-,Y57.6
1713,0,(诊断用药),Levopropylhexedrine,T50.5,X44.-,X64.-,Y14.-,Y57.0
1713,0,左丙羟茶碱,Levoproxyphylline,T48.6,X44.-,X64.-,Y14.-,Y55.6
1713,0,左丙氧芬(镇咳药),Levopropoxyphene,T40.4,X42.-,X62.-,Y12.-,Y45.0
1713,0,左布诺洛尔(β受体阻滞药),Levobunolol,T49.5,X44.-,X64.-,Y14.-,Y56.5
1713,0,左啡诺[左吗啡](镇痛药),Levorphanol,T40.4,X42.-,X62.-,Y12.-,Y45.0
1713,0,左谷酰胺(氨基酸类),Levoglutamide,T50.9,X44.-,X64.-,Y14.-,Y57.1
1713,0,左环十四酮酚,Taleranol,T38.6,X44.-,X64.-,Y14.-,Y42.6
1713,0,左甲状腺素(甲状腺激素),Levothyroxine,T38.1,X44.-,X64.-,Y14.-,Y42.1
1713,1,钠,sodium,T38.1,X44.-,X64.-,Y14.-,Y42.1
1713,0,左卡巴斯汀(抗组胺药),Levocabastine,T45.0,X44.-,X64.-,Y14.-,Y43.0
1713,0,左卡尼汀(食欲增进药),Levocarnitine,T50.9,X44.-,X64.-,Y14.-,Y57.1
1713,0,左洛啡烷(吗啡拮抗药),Levallorphan,T50.7,X44.-,X64.-,Y14.-,Y50.1
1713,0,左吗啡-现译名左啡诺,Levorphanol,T40.4,X42.-,X62.-,Y12.-,Y45.0
1713,0,左美丙嗪(抗精神病药),Levomepromazine,T43.3,X41.-,X61.-,Y11.-,Y49.3
1713,0,左普罗马嗪（抗精神病药）,Levopromazine,T43.3,X41.-,X61.-,Y11.-,Y49.3
1713,0,甲氧异丁嗪[左美丙嗪]（抗精神病药）,Methotrimeprazine,T43.3,X41.-,X61.-,Y11.-,Y49.3
1714,0,左羟丙哌嗪,Levdropropizine,T48.3,X44.-,X64.-,Y14.-,Y55.3
1714,0,左炔诺孕酮,Levonorgestrel,T38.4,X44.-,X64.-,Y14.-,Y42.4
1714,1,伴有炔雌醇,with ethinylestradiol,T38.4,X44.-,X64.-,Y14.-,Y42.5
1714,0,左旋多巴(抗震颤麻痹药),Levodopa,T42.8,X41.-,X61.-,Y11.-,Y46.7
1714,1,伴有卡比多巴,with carbidopa,T42.8,X41.-,X61.-,Y11.-,Y46.7
1714,0,左旋咪唑(抗蠕虫药),Levamisole,T37.4,X44.-,X64.-,Y14.-,Y41.4
1714,0,左旋糖[果糖](营养药),"Levulose, Fructose",T50.3,X44.-,X64.-,Y14.-,Y54.6
1714,0,佐芬普利(降压药),Zofenopril,T46.4,X44.-,X64.-,Y14.-,Y52.4
1714,0,佐美酸(抗炎镇痛药),Zomepirac,T39.3,X40.-,X60.-,Y10.-,Y45.3
1714,0,佐匹克隆(催眠药),Zopiclone,T42.6,X41.-,X61.-,Y11.-,Y47.8
1714,0,佐柔比星(抗生素),Zorubicin,T45.1,X44.-,X64.-,Y14.-,Y43.3
1714,0,佐替平(抗精神病药),Zotepine,T43.5,X41.-,X61.-,Y11.-,Y49.5
1714,0,唑吡坦(催眠药),Zolpidem,T42.6,X41.-,X61.-,Y11.-,Y47.8
1715,0,Aminaphtone（对氨基苯甲酸衍生物）（抗凝剂）,Aminaphtone,T45.5,X44.-,X64.-,Y14.-,Y44.2
1715,0,Benzamphetamine（食欲抑制剂）,Benzamphetamine,T50.5,X44.-,X64.-,Y14.-,Y57.0
1715,0,Cromonar,Cromonar,T46.3,X44.-,X64.-,Y14.-,Y52.3
1715,0,Diclofensine(抗抑郁药),Diclofensine,T43.2,X41.-,X61.-,Y11.-,Y49.2
1715,0,Monoxidine hydrochloride（咪唑衍生物）（抗高血压药）,Monoxidine hydrochloride,T46.1,X44.-,X64.-,Y14.-,Y52.1
1715,0,Tenoglicin,Tenoglicin,T48.4,X44.-,X64.-,Y14.-,Y55.4
